Workbook

Sheet kapak
A1: P R O J E Y İ H A Z I R L A Y A N
A2: ROTAŞ MÜHENDİSLİK.PROJE.MÜŞAVİRLİK. Semerciler Mah. Sait Faik Sk. No:22/C Z01 Adapazarı/Sakarya rotasmuhendislik@gmail.com
A9: ÜNVANI | B9: Adı Soyadı | D9: Oda Sicil No | F9: SMM Büro Tescil No | G9: İmza
A10: Makine Mühendisi | B10: CAN ÖZKAYA
A11: YERDEN ISITMA TESİSATI PROJE RAPORU
A14: Yapı Denetim Onay | D14: Belediye Onay
A30: P R O J E Y İ Y A P T I R A N
A31: ADI SOYADI/ÜNVANI | C31: METRA MİMARLIK — TEKELER 4739/4 (new_block)
A34: Y A P I N I N B U L U N D U Ğ U Y E R
A35: İl | B35: İlçe | C35: Belediye | D35: Mahalle | E35: Sok. | G35: Pafta | H35: Ada | I35: Parsel
A36: - | B36: - | C36: =B36 | D36: - | G36: - | H36: - | I36: 4739/4
A38: YAPININ ÖZELLİKLERİ
A40: Yapının Sistemi | B40: Yapının Sınıfı | C40: Toplam Bağımsız Bölüm | D40: Toplam Kat Sayısı | F40: Toplam İnşaat Alanı m² | G40: Tarih | H40: Kullanım Amacı
A41: BETONARME | C41: 9 | D41: ZEMİN + 2 | G41: 46310 | H41: KONUT

Sheet TEKNİK RAPOR
A1: YERDEN ISITMA TESİSATI PROJESİ TEKNİK RAPORU | G1: Sayfa | H1: 1
A3: Proje Adı : | C3: =kapak!C31 | G3: Tarih | H3: =kapak!G41
A4: Düzenleyen : | C4: =kapak!B10
A7: 1.1. | B7: Binanın kalorifer projesi aşağıdaki değerler esas alınarak hazırlanmıştır.
B8: Binanın Yeri | E8: =kapak!B36
B9: Sıcaklık Bölgesi | E9: :2.Bölge | F9: -9 Rüzgarlı
B10: Bina Tipi | E10: : Konut (Z+2, 9 daire)
B11: Isıtıcı Cinsi | E11: : Duvar tipi yoğuşmalı kombi (her dairede 1 adet, 24 kW)
B12: Kullanılacak Yakıt | E12: : Doğalgaz
B13: Radyatör Türü / Isıl Verimi | E13: : Zeminden ısıtma borusu PEX 16x2,0 / 45-35 °C, boru aralığı 15 cm
B14: Binanın bulunduğu yerleşim bölgesi | E14: :Korunmuş Nizam
B15: Havalandırma Tipi | E15: :Doğal havalandırma
B16: Bina tanımı | E16: : Zemin + 2 normal kat
B17: Radyatör Türü | E17: : Zeminden ısıtma borusu PEX 16x2,0 (oksijen bariyerli)
B18: Çalışma Sıcaklığı | E18: : 45 - 35 °C
A20: 1.2. | B20: Mahal Sıcaklıkları :
B21: Salon | F21: : 20°C
B22: Oda / Yatak Odası | F22: : 20°C
B23: Mutfak | F23: : 20°C
B24: Banyo | F24: : 24°C
B25: Antre - Koridor | F25: : yerden ısıtma yok (hesapta 15°C)
B29: Çatı Arası | F29: : 0°C
B30: Toprağa Bitişik Döşeme | F30: : 6°C
B31: Isıtılmayan | F31: : antre-koridor (hol), balkon, yüklük, wc-lavabo / duş (≤ 2,7 m²), merdiven, asansör
A33: 1.3. | B33: Isı Kaybı Hesabı Esasları:
B35: Dış hava sıcaklığı : -3 °C (Sakarya / Adapazarı, TS 825 2. bölge)
B36: Kat yüksekliği : 3.00 m (duvar alanları bu yükseklikle hesaplanmıştır)
B37: Isı geçirme katsayıları (W/m²K) : dış duvar 0.479, pencere / balkon kapısı 2.40, toprağa oturan döşeme 0.269, çatı arası tavanı 0.30, iç duvar 0.814
B38: Komşu hacim sıcaklıkları : merdiven / asansör 10 °C, daire holü 15 °C (holde yerden ısıtma yoktur), toprak 6 °C
B39: Zamlar : işletme %7, yön K +%5 / G -%5 / D-B 0; sızıntı Qs = a·Σl·R·H·ΔT·Ze (a 2, R 0,9, H 0,67, Ze 1,2)
B40: Pencere ve balkon kapısı ölçüleri mimari plandaki ölçü yazılarından (genişlik / yükseklik) alınmıştır.
B41: Yerden ısıtma devre gücü : mahal ısı kaybı, mahaldeki devrelere boru boyu oranında dağıtılmıştır (plan etiketi, kolon şeması ve bu hesap aynıdır).
B42: Boru PEX 16 x 2,0, boru aralığı 15 cm, devre boyu en çok 80 m; holler (antre-koridor) yerden ısıtılmaz.
B43: Döşeme yüzey sıcaklığı kontrolü MMO sayfalarındadır (sınır: oturma 29 °C, banyo 33 °C).

Sheet ISI KAYBI ZEMİN KAT
H1: ISI KAYBI HESABI | N1: Kat : | O1: ZEMİN KAT | P1: Tarih | Q1: =kapak!G41
F2: PROJE ADI : | H2: =kapak!C31 | N2: Sayfa : | O2: 3
A3: Yapı Bileşeni | E3: Alan Hesabı | I3: Isı kaybı hesabı | M3: Zamlar | Q3: Toplam
A4: İşaret | B4: Yön | C4: Kalınlık | D4: Uzunluk | E4: Yükseklik | F4: Toplam Alan | G4: Miktar | H4: Çıkarıla alan | I4: Hesaba giren Alan | J4: Isı İletim Katsayısı | K4: Sıcaklık Farkı | L4: Zamsız Isı Kaybı | M4: İşletme | N4: Kat Yük. | O4: Yön | P4: Toplam | Q4: Toplam Is ı İhtiyacı
F5: [Ao] | I5: [A] | J5: [k] | K5: D T | L5: Qo | M5: ZD | N5: ZW | O5: ZH | P5: Z | Q5: Qh=Qi+Qs
C6: cm | D6: m | E6: m | F6: m² | G6: ad | H6: m² | I6: m² | J6: watt m²hºC | K6: ºC | L6: watt | M6: % | N6: % | O6: % | P6: 1+% | Q6: watt
A7: 1 | B7: 2 | C7: 3 | D7: 4 | E7: 5 | F7: 6 | G7: 7 | H7: 8 | I7: 9 | J7: 10 | K7: 11 | L7: 12 | M7: 13 | N7: 14 | O7: 15 | P7: 16 | Q7: 17
F8: Z01 | I8: D1 MUTFAK | K8: 20ºC
A9: DD | B9: K | D9: 0.67 | E9: 3 | F9: =IF(D9=0," ",D9*E9) | G9: 1 | I9: =IF(F9=" "," ",F9*G9-H9) | J9: 0.479 | K9: 23 | L9: =IF(I9=" "," ",I9*J9*K9) | M9: 7 | N9: 0 | O9: 5 | P9: =IF(M9=" "," ",(1+(M9+N9+O9)/100)) | Q9: =IF(L9=" "," ",L9*P9)
A10: DD | B10: G | D10: 2.34 | E10: 3 | F10: =IF(D10=0," ",D10*E10) | G10: 1 | H10: =F11*G11 | I10: =IF(F10=" "," ",F10*G10-H10) | J10: 0.479 | K10: 23 | L10: =IF(I10=" "," ",I10*J10*K10) | M10: 7 | N10: 0 | O10: -5 | P10: =IF(M10=" "," ",(1+(M10+N10+O10)/100)) | Q10: =IF(L10=" "," ",L10*P10)
A11: ÇP | B11: G | D11: 1.6 | E11: 2.3 | F11: =IF(D11=0," ",D11*E11) | G11: 1 | I11: =IF(F11=" "," ",F11*G11-H11) | J11: 2.4 | K11: 23 | L11: =IF(I11=" "," ",I11*J11*K11) | M11: 7 | N11: 0 | O11: -5 | P11: =IF(M11=" "," ",(1+(M11+N11+O11)/100)) | Q11: =IF(L11=" "," ",L11*P11)
A12: DD | B12: B | D12: 1.39 | E12: 3 | F12: =IF(D12=0," ",D12*E12) | G12: 1 | I12: =IF(F12=" "," ",F12*G12-H12) | J12: 0.479 | K12: 23 | L12: =IF(I12=" "," ",I12*J12*K12) | M12: 7 | N12: 0 | O12: 0 | P12: =IF(M12=" "," ",(1+(M12+N12+O12)/100)) | Q12: =IF(L12=" "," ",L12*P12)
A13: İD | D13: 1.1 | E13: 3 | F13: =IF(D13=0," ",D13*E13) | G13: 1 | I13: =IF(F13=" "," ",F13*G13-H13) | J13: 0.814 | K13: 5 | L13: =IF(I13=" "," ",I13*J13*K13) | M13: 7 | N13: 0 | O13: 0 | P13: =IF(M13=" "," ",(1+(M13+N13+O13)/100)) | Q13: =IF(L13=" "," ",L13*P13)
A14: Dö | D14: 8.99 | E14: 1 | F14: =IF(D14=0," ",D14*E14) | G14: 1 | I14: =IF(F14=" "," ",F14*G14-H14) | J14: 0.269 | K14: 14 | L14: =IF(I14=" "," ",I14*J14*K14) | M14: 7 | N14: 0 | O14: 0 | P14: =IF(M14=" "," ",(1+(M14+N14+O14)/100)) | Q14: =IF(L14=" "," ",L14*P14)
Q15: =SUM(Q9:Q14)
J16: Qs= | K16: a | L16: L | M16: R | N16: H | O16: D T | P16: Ze
J17: Qs = | K17: 2 | L17: =(D11+E11)*2*G11 | M17: 0.9 | N17: 0.67 | O17: 23 | P17: 1.2 | Q17: =K17*L17*M17*N17*O17*P17
M18: TOPLAM ISI KAYBI = | Q18: =Q15+Q17
F20: Z02 | I20: D1 YATAK OD. | K20: 20ºC
A21: DD | B21: K | D21: 2.24 | E21: 3 | F21: =IF(D21=0," ",D21*E21) | G21: 1 | I21: =IF(F21=" "," ",F21*G21-H21) | J21: 0.479 | K21: 23 | L21: =IF(I21=" "," ",I21*J21*K21) | M21: 7 | N21: 0 | O21: 5 | P21: =IF(M21=" "," ",(1+(M21+N21+O21)/100)) | Q21: =IF(L21=" "," ",L21*P21)
A22: DD | B22: D | D22: 2.78 | E22: 3 | F22: =IF(D22=0," ",D22*E22) | G22: 1 | H22: =F23*G23 | I22: =IF(F22=" "," ",F22*G22-H22) | J22: 0.479 | K22: 23 | L22: =IF(I22=" "," ",I22*J22*K22) | M22: 7 | N22: 0 | O22: 0 | P22: =IF(M22=" "," ",(1+(M22+N22+O22)/100)) | Q22: =IF(L22=" "," ",L22*P22)
A23: ÇP | B23: D | D23: 1.6 | E23: 2.3 | F23: =IF(D23=0," ",D23*E23) | G23: 1 | I23: =IF(F23=" "," ",F23*G23-H23) | J23: 2.4 | K23: 23 | L23: =IF(I23=" "," ",I23*J23*K23) | M23: 7 | N23: 0 | O23: 0 | P23: =IF(M23=" "," ",(1+(M23+N23+O23)/100)) | Q23: =IF(L23=" "," ",L23*P23)
A24: İD | D24: 1.7 | E24: 3 | F24: =IF(D24=0," ",D24*E24) | G24: 1 | I24: =IF(F24=" "," ",F24*G24-H24) | J24: 0.814 | K24: 10 | L24: =IF(I24=" "," ",I24*J24*K24) | M24: 7 | N24: 0 | O24: 0 | P24: =IF(M24=" "," ",(1+(M24+N24+O24)/100)) | Q24: =IF(L24=" "," ",L24*P24)
A25: İD | D25: 1.92 | E25: 3 | F25: =IF(D25=0," ",D25*E25) | G25: 1 | I25: =IF(F25=" "," ",F25*G25-H25) | J25: 0.814 | K25: 5 | L25: =IF(I25=" "," ",I25*J25*K25) | M25: 7 | N25: 0 | O25: 0 | P25: =IF(M25=" "," ",(1+(M25+N25+O25)/100)) | Q25: =IF(L25=" "," ",L25*P25)
A26: Dö | D26: 13.76 | E26: 1 | F26: =IF(D26=0," ",D26*E26) | G26: 1 | I26: =IF(F26=" "," ",F26*G26-H26) | J26: 0.269 | K26: 14 | L26: =IF(I26=" "," ",I26*J26*K26) | M26: 7 | N26: 0 | O26: 0 | P26: =IF(M26=" "," ",(1+(M26+N26+O26)/100)) | Q26: =IF(L26=" "," ",L26*P26)
Q27: =SUM(Q21:Q26)
J28: Qs= | K28: a | L28: L | M28: R | N28: H | O28: D T | P28: Ze
J29: Qs = | K29: 2 | L29: =(D23+E23)*2*G23 | M29: 0.9 | N29: 0.67 | O29: 23 | P29: 1.2 | Q29: =K29*L29*M29*N29*O29*P29
M30: TOPLAM ISI KAYBI = | Q30: =Q27+Q29
F32: Z03 | I32: D1 YATAK OD. | K32: 20ºC
A33: DD | B33: D | D33: 2.26 | E33: 3 | F33: =IF(D33=0," ",D33*E33) | G33: 1 | H33: =F34*G34 | I33: =IF(F33=" "," ",F33*G33-H33) | J33: 0.479 | K33: 23 | L33: =IF(I33=" "," ",I33*J33*K33) | M33: 7 | N33: 0 | O33: 0 | P33: =IF(M33=" "," ",(1+(M33+N33+O33)/100)) | Q33: =IF(L33=" "," ",L33*P33)
A34: ÇP | B34: D | D34: 1.6 | E34: 2.3 | F34: =IF(D34=0," ",D34*E34) | G34: 1 | I34: =IF(F34=" "," ",F34*G34-H34) | J34: 2.4 | K34: 23 | L34: =IF(I34=" "," ",I34*J34*K34) | M34: 7 | N34: 0 | O34: 0 | P34: =IF(M34=" "," ",(1+(M34+N34+O34)/100)) | Q34: =IF(L34=" "," ",L34*P34)
A35: İD | D35: 2.5 | E35: 3 | F35: =IF(D35=0," ",D35*E35) | G35: 1 | I35: =IF(F35=" "," ",F35*G35-H35) | J35: 0.814 | K35: 5 | L35: =IF(I35=" "," ",I35*J35*K35) | M35: 7 | N35: 0 | O35: 0 | P35: =IF(M35=" "," ",(1+(M35+N35+O35)/100)) | Q35: =IF(L35=" "," ",L35*P35)
A36: Dö | D36: 8.9 | E36: 1 | F36: =IF(D36=0," ",D36*E36) | G36: 1 | I36: =IF(F36=" "," ",F36*G36-H36) | J36: 0.269 | K36: 14 | L36: =IF(I36=" "," ",I36*J36*K36) | M36: 7 | N36: 0 | O36: 0 | P36: =IF(M36=" "," ",(1+(M36+N36+O36)/100)) | Q36: =IF(L36=" "," ",L36*P36)
Q37: =SUM(Q33:Q36)
J38: Qs= | K38: a | L38: L | M38: R | N38: H | O38: D T | P38: Ze
J39: Qs = | K39: 2 | L39: =(D34+E34)*2*G34 | M39: 0.9 | N39: 0.67 | O39: 23 | P39: 1.2 | Q39: =K39*L39*M39*N39*O39*P39
M40: TOPLAM ISI KAYBI = | Q40: =Q37+Q39
F42: Z04 | I42: D1 YATAK OD. | K42: 20ºC
A43: DD | B43: D | D43: 2.56 | E43: 3 | F43: =IF(D43=0," ",D43*E43) | G43: 1 | H43: =F44*G44 | I43: =IF(F43=" "," ",F43*G43-H43) | J43: 0.479 | K43: 23 | L43: =IF(I43=" "," ",I43*J43*K43) | M43: 7 | N43: 0 | O43: 0 | P43: =IF(M43=" "," ",(1+(M43+N43+O43)/100)) | Q43: =IF(L43=" "," ",L43*P43)
A44: ÇP | B44: D | D44: 1.6 | E44: 2.3 | F44: =IF(D44=0," ",D44*E44) | G44: 1 | I44: =IF(F44=" "," ",F44*G44-H44) | J44: 2.4 | K44: 23 | L44: =IF(I44=" "," ",I44*J44*K44) | M44: 7 | N44: 0 | O44: 0 | P44: =IF(M44=" "," ",(1+(M44+N44+O44)/100)) | Q44: =IF(L44=" "," ",L44*P44)
A45: İD | D45: 1.22 | E45: 3 | F45: =IF(D45=0," ",D45*E45) | G45: 1 | I45: =IF(F45=" "," ",F45*G45-H45) | J45: 0.814 | K45: 5 | L45: =IF(I45=" "," ",I45*J45*K45) | M45: 7 | N45: 0 | O45: 0 | P45: =IF(M45=" "," ",(1+(M45+N45+O45)/100)) | Q45: =IF(L45=" "," ",L45*P45)
A46: Dö | D46: 8.97 | E46: 1 | F46: =IF(D46=0," ",D46*E46) | G46: 1 | I46: =IF(F46=" "," ",F46*G46-H46) | J46: 0.269 | K46: 14 | L46: =IF(I46=" "," ",I46*J46*K46) | M46: 7 | N46: 0 | O46: 0 | P46: =IF(M46=" "," ",(1+(M46+N46+O46)/100)) | Q46: =IF(L46=" "," ",L46*P46)
Q47: =SUM(Q43:Q46)
J48: Qs= | K48: a | L48: L | M48: R | N48: H | O48: D T | P48: Ze
J49: Qs = | K49: 2 | L49: =(D44+E44)*2*G44 | M49: 0.9 | N49: 0.67 | O49: 23 | P49: 1.2 | Q49: =K49*L49*M49*N49*O49*P49
M50: TOPLAM ISI KAYBI = | Q50: =Q47+Q49
F52: Z05 | I52: D1 SALON | K52: 20ºC
A53: DD | B53: D | D53: 3.38 | E53: 3 | F53: =IF(D53=0," ",D53*E53) | G53: 1 | H53: =F54*G54 | I53: =IF(F53=" "," ",F53*G53-H53) | J53: 0.479 | K53: 23 | L53: =IF(I53=" "," ",I53*J53*K53) | M53: 7 | N53: 0 | O53: 0 | P53: =IF(M53=" "," ",(1+(M53+N53+O53)/100)) | Q53: =IF(L53=" "," ",L53*P53)
A54: ÇP | B54: D | D54: 1.6 | E54: 2.3 | F54: =IF(D54=0," ",D54*E54) | G54: 1 | I54: =IF(F54=" "," ",F54*G54-H54) | J54: 2.4 | K54: 23 | L54: =IF(I54=" "," ",I54*J54*K54) | M54: 7 | N54: 0 | O54: 0 | P54: =IF(M54=" "," ",(1+(M54+N54+O54)/100)) | Q54: =IF(L54=" "," ",L54*P54)
A55: DD | B55: G | D55: 4.68 | E55: 3 | F55: =IF(D55=0," ",D55*E55) | G55: 1 | H55: =F56*G56 | I55: =IF(F55=" "," ",F55*G55-H55) | J55: 0.479 | K55: 23 | L55: =IF(I55=" "," ",I55*J55*K55) | M55: 7 | N55: 0 | O55: -5 | P55: =IF(M55=" "," ",(1+(M55+N55+O55)/100)) | Q55: =IF(L55=" "," ",L55*P55)
A56: ÇP | B56: G | D56: 1.6 | E56: 2.3 | F56: =IF(D56=0," ",D56*E56) | G56: 1 | I56: =IF(F56=" "," ",F56*G56-H56) | J56: 2.4 | K56: 23 | L56: =IF(I56=" "," ",I56*J56*K56) | M56: 7 | N56: 0 | O56: -5 | P56: =IF(M56=" "," ",(1+(M56+N56+O56)/100)) | Q56: =IF(L56=" "," ",L56*P56)
A57: DD | B57: B | D57: 0.63 | E57: 3 | F57: =IF(D57=0," ",D57*E57) | G57: 1 | I57: =IF(F57=" "," ",F57*G57-H57) | J57: 0.479 | K57: 23 | L57: =IF(I57=" "," ",I57*J57*K57) | M57: 7 | N57: 0 | O57: 0 | P57: =IF(M57=" "," ",(1+(M57+N57+O57)/100)) | Q57: =IF(L57=" "," ",L57*P57)
A58: İD | D58: 1.06 | E58: 3 | F58: =IF(D58=0," ",D58*E58) | G58: 1 | I58: =IF(F58=" "," ",F58*G58-H58) | J58: 0.814 | K58: 5 | L58: =IF(I58=" "," ",I58*J58*K58) | M58: 7 | N58: 0 | O58: 0 | P58: =IF(M58=" "," ",(1+(M58+N58+O58)/100)) | Q58: =IF(L58=" "," ",L58*P58)
A59: Dö | D59: 20.36 | E59: 1 | F59: =IF(D59=0," ",D59*E59) | G59: 1 | I59: =IF(F59=" "," ",F59*G59-H59) | J59: 0.269 | K59: 14 | L59: =IF(I59=" "," ",I59*J59*K59) | M59: 7 | N59: 0 | O59: 0 | P59: =IF(M59=" "," ",(1+(M59+N59+O59)/100)) | Q59: =IF(L59=" "," ",L59*P59)
Q60: =SUM(Q53:Q59)
J61: Qs= | K61: a | L61: L | M61: R | N61: H | O61: D T | P61: Ze
J62: Qs = | K62: 2 | L62: =(D54+E54)*2*G54+(D56+E56)*2*G56 | M62: 0.9 | N62: 0.67 | O62: 23 | P62: 1.2 | Q62: =K62*L62*M62*N62*O62*P62
M63: TOPLAM ISI KAYBI = | Q63: =Q60+Q62
F65: Z06 | I65: D1 BANYO | K65: 24ºC
A66: İD | D66: 2.64 | E66: 3 | F66: =IF(D66=0," ",D66*E66) | G66: 1 | I66: =IF(F66=" "," ",F66*G66-H66) | J66: 0.814 | K66: 14 | L66: =IF(I66=" "," ",I66*J66*K66) | M66: 7 | N66: 0 | O66: 0 | P66: =IF(M66=" "," ",(1+(M66+N66+O66)/100)) | Q66: =IF(L66=" "," ",L66*P66)
A67: İD | D67: 2.16 | E67: 3 | F67: =IF(D67=0," ",D67*E67) | G67: 1 | I67: =IF(F67=" "," ",F67*G67-H67) | J67: 0.814 | K67: 9 | L67: =IF(I67=" "," ",I67*J67*K67) | M67: 7 | N67: 0 | O67: 0 | P67: =IF(M67=" "," ",(1+(M67+N67+O67)/100)) | Q67: =IF(L67=" "," ",L67*P67)
A68: İD | D68: 2.54 | E68: 3 | F68: =IF(D68=0," ",D68*E68) | G68: 1 | I68: =IF(F68=" "," ",F68*G68-H68) | J68: 0.814 | K68: 4 | L68: =IF(I68=" "," ",I68*J68*K68) | M68: 7 | N68: 0 | O68: 0 | P68: =IF(M68=" "," ",(1+(M68+N68+O68)/100)) | Q68: =IF(L68=" "," ",L68*P68)
A69: Dö | D69: 4.96 | E69: 1 | F69: =IF(D69=0," ",D69*E69) | G69: 1 | I69: =IF(F69=" "," ",F69*G69-H69) | J69: 0.269 | K69: 18 | L69: =IF(I69=" "," ",I69*J69*K69) | M69: 7 | N69: 0 | O69: 0 | P69: =IF(M69=" "," ",(1+(M69+N69+O69)/100)) | Q69: =IF(L69=" "," ",L69*P69)
Q70: =SUM(Q66:Q69)
J71: Qs= | K71: a | L71: L | M71: R | N71: H | O71: D T | P71: Ze
J72: Qs = | K72: 2 | L72: 0 | M72: 0.9 | N72: 0.67 | O72: 27 | P72: 1.2 | Q72: =K72*L72*M72*N72*O72*P72
M73: TOPLAM ISI KAYBI = | Q73: =Q70+Q72
F75: Z07 | I75: D2 MUTFAK | K75: 20ºC
A76: DD | B76: K | D76: 0.65 | E76: 3 | F76: =IF(D76=0," ",D76*E76) | G76: 1 | I76: =IF(F76=" "," ",F76*G76-H76) | J76: 0.479 | K76: 23 | L76: =IF(I76=" "," ",I76*J76*K76) | M76: 7 | N76: 0 | O76: 5 | P76: =IF(M76=" "," ",(1+(M76+N76+O76)/100)) | Q76: =IF(L76=" "," ",L76*P76)
A77: DD | B77: D | D77: 1.34 | E77: 3 | F77: =IF(D77=0," ",D77*E77) | G77: 1 | I77: =IF(F77=" "," ",F77*G77-H77) | J77: 0.479 | K77: 23 | L77: =IF(I77=" "," ",I77*J77*K77) | M77: 7 | N77: 0 | O77: 0 | P77: =IF(M77=" "," ",(1+(M77+N77+O77)/100)) | Q77: =IF(L77=" "," ",L77*P77)
A78: DD | B78: G | D78: 2.32 | E78: 3 | F78: =IF(D78=0," ",D78*E78) | G78: 1 | H78: =F79*G79 | I78: =IF(F78=" "," ",F78*G78-H78) | J78: 0.479 | K78: 23 | L78: =IF(I78=" "," ",I78*J78*K78) | M78: 7 | N78: 0 | O78: -5 | P78: =IF(M78=" "," ",(1+(M78+N78+O78)/100)) | Q78: =IF(L78=" "," ",L78*P78)
A79: ÇP | B79: G | D79: 1.6 | E79: 2.3 | F79: =IF(D79=0," ",D79*E79) | G79: 1 | I79: =IF(F79=" "," ",F79*G79-H79) | J79: 2.4 | K79: 23 | L79: =IF(I79=" "," ",I79*J79*K79) | M79: 7 | N79: 0 | O79: -5 | P79: =IF(M79=" "," ",(1+(M79+N79+O79)/100)) | Q79: =IF(L79=" "," ",L79*P79)
A80: İD | D80: 1.1 | E80: 3 | F80: =IF(D80=0," ",D80*E80) | G80: 1 | I80: =IF(F80=" "," ",F80*G80-H80) | J80: 0.814 | K80: 5 | L80: =IF(I80=" "," ",I80*J80*K80) | M80: 7 | N80: 0 | O80: 0 | P80: =IF(M80=" "," ",(1+(M80+N80+O80)/100)) | Q80: =IF(L80=" "," ",L80*P80)
A81: Dö | D81: 9.05 | E81: 1 | F81: =IF(D81=0," ",D81*E81) | G81: 1 | I81: =IF(F81=" "," ",F81*G81-H81) | J81: 0.269 | K81: 14 | L81: =IF(I81=" "," ",I81*J81*K81) | M81: 7 | N81: 0 | O81: 0 | P81: =IF(M81=" "," ",(1+(M81+N81+O81)/100)) | Q81: =IF(L81=" "," ",L81*P81)
Q82: =SUM(Q76:Q81)
J83: Qs= | K83: a | L83: L | M83: R | N83: H | O83: D T | P83: Ze
J84: Qs = | K84: 2 | L84: =(D79+E79)*2*G79 | M84: 0.9 | N84: 0.67 | O84: 23 | P84: 1.2 | Q84: =K84*L84*M84*N84*O84*P84
M85: TOPLAM ISI KAYBI = | Q85: =Q82+Q84
F87: Z08 | I87: D2 YATAK OD. | K87: 20ºC
A88: DD | B88: B | D88: 2.72 | E88: 3 | F88: =IF(D88=0," ",D88*E88) | G88: 1 | H88: =F89*G89 | I88: =IF(F88=" "," ",F88*G88-H88) | J88: 0.479 | K88: 23 | L88: =IF(I88=" "," ",I88*J88*K88) | M88: 7 | N88: 0 | O88: 0 | P88: =IF(M88=" "," ",(1+(M88+N88+O88)/100)) | Q88: =IF(L88=" "," ",L88*P88)
A89: ÇP | B89: B | D89: 1.6 | E89: 2.3 | F89: =IF(D89=0," ",D89*E89) | G89: 1 | I89: =IF(F89=" "," ",F89*G89-H89) | J89: 2.4 | K89: 23 | L89: =IF(I89=" "," ",I89*J89*K89) | M89: 7 | N89: 0 | O89: 0 | P89: =IF(M89=" "," ",(1+(M89+N89+O89)/100)) | Q89: =IF(L89=" "," ",L89*P89)
A90: İD | D90: 2.35 | E90: 3 | F90: =IF(D90=0," ",D90*E90) | G90: 1 | I90: =IF(F90=" "," ",F90*G90-H90) | J90: 0.814 | K90: 5 | L90: =IF(I90=" "," ",I90*J90*K90) | M90: 7 | N90: 0 | O90: 0 | P90: =IF(M90=" "," ",(1+(M90+N90+O90)/100)) | Q90: =IF(L90=" "," ",L90*P90)
A91: Dö | D91: 13.64 | E91: 1 | F91: =IF(D91=0," ",D91*E91) | G91: 1 | I91: =IF(F91=" "," ",F91*G91-H91) | J91: 0.269 | K91: 14 | L91: =IF(I91=" "," ",I91*J91*K91) | M91: 7 | N91: 0 | O91: 0 | P91: =IF(M91=" "," ",(1+(M91+N91+O91)/100)) | Q91: =IF(L91=" "," ",L91*P91)
Q92: =SUM(Q88:Q91)
J93: Qs= | K93: a | L93: L | M93: R | N93: H | O93: D T | P93: Ze
J94: Qs = | K94: 2 | L94: =(D89+E89)*2*G89 | M94: 0.9 | N94: 0.67 | O94: 23 | P94: 1.2 | Q94: =K94*L94*M94*N94*O94*P94
M95: TOPLAM ISI KAYBI = | Q95: =Q92+Q94
F97: Z09 | I97: D2 YATAK OD. | K97: 20ºC
A98: DD | B98: B | D98: 2.3 | E98: 3 | F98: =IF(D98=0," ",D98*E98) | G98: 1 | H98: =F99*G99 | I98: =IF(F98=" "," ",F98*G98-H98) | J98: 0.479 | K98: 23 | L98: =IF(I98=" "," ",I98*J98*K98) | M98: 7 | N98: 0 | O98: 0 | P98: =IF(M98=" "," ",(1+(M98+N98+O98)/100)) | Q98: =IF(L98=" "," ",L98*P98)
A99: ÇP | B99: B | D99: 1.6 | E99: 2.3 | F99: =IF(D99=0," ",D99*E99) | G99: 1 | I99: =IF(F99=" "," ",F99*G99-H99) | J99: 2.4 | K99: 23 | L99: =IF(I99=" "," ",I99*J99*K99) | M99: 7 | N99: 0 | O99: 0 | P99: =IF(M99=" "," ",(1+(M99+N99+O99)/100)) | Q99: =IF(L99=" "," ",L99*P99)
A100: İD | D100: 2.5 | E100: 3 | F100: =IF(D100=0," ",D100*E100) | G100: 1 | I100: =IF(F100=" "," ",F100*G100-H100) | J100: 0.814 | K100: 5 | L100: =IF(I100=" "," ",I100*J100*K100) | M100: 7 | N100: 0 | O100: 0 | P100: =IF(M100=" "," ",(1+(M100+N100+O100)/100)) | Q100: =IF(L100=" "," ",L100*P100)
A101: Dö | D101: 8.89 | E101: 1 | F101: =IF(D101=0," ",D101*E101) | G101: 1 | I101: =IF(F101=" "," ",F101*G101-H101) | J101: 0.269 | K101: 14 | L101: =IF(I101=" "," ",I101*J101*K101) | M101: 7 | N101: 0 | O101: 0 | P101: =IF(M101=" "," ",(1+(M101+N101+O101)/100)) | Q101: =IF(L101=" "," ",L101*P101)
Q102: =SUM(Q98:Q101)
J103: Qs= | K103: a | L103: L | M103: R | N103: H | O103: D T | P103: Ze
J104: Qs = | K104: 2 | L104: =(D99+E99)*2*G99 | M104: 0.9 | N104: 0.67 | O104: 23 | P104: 1.2 | Q104: =K104*L104*M104*N104*O104*P104
M105: TOPLAM ISI KAYBI = | Q105: =Q102+Q104
F107: Z10 | I107: D2 YATAK OD. | K107: 20ºC
A108: DD | B108: B | D108: 2.44 | E108: 3 | F108: =IF(D108=0," ",D108*E108) | G108: 1 | H108: =F109*G109 | I108: =IF(F108=" "," ",F108*G108-H108) | J108: 0.479 | K108: 23 | L108: =IF(I108=" "," ",I108*J108*K108) | M108: 7 | N108: 0 | O108: 0 | P108: =IF(M108=" "," ",(1+(M108+N108+O108)/100)) | Q108: =IF(L108=" "," ",L108*P108)
A109: ÇP | B109: B | D109: 1.6 | E109: 2.3 | F109: =IF(D109=0," ",D109*E109) | G109: 1 | I109: =IF(F109=" "," ",F109*G109-H109) | J109: 2.4 | K109: 23 | L109: =IF(I109=" "," ",I109*J109*K109) | M109: 7 | N109: 0 | O109: 0 | P109: =IF(M109=" "," ",(1+(M109+N109+O109)/100)) | Q109: =IF(L109=" "," ",L109*P109)
...

Sheet ISI KAYBI 1. KAT
H1: ISI KAYBI HESABI | N1: Kat : | O1: 1. KAT | P1: Tarih | Q1: =kapak!G41
F2: PROJE ADI : | H2: =kapak!C31 | N2: Sayfa : | O2: 3
A3: Yapı Bileşeni | E3: Alan Hesabı | I3: Isı kaybı hesabı | M3: Zamlar | Q3: Toplam
A4: İşaret | B4: Yön | C4: Kalınlık | D4: Uzunluk | E4: Yükseklik | F4: Toplam Alan | G4: Miktar | H4: Çıkarıla alan | I4: Hesaba giren Alan | J4: Isı İletim Katsayısı | K4: Sıcaklık Farkı | L4: Zamsız Isı Kaybı | M4: İşletme | N4: Kat Yük. | O4: Yön | P4: Toplam | Q4: Toplam Is ı İhtiyacı
F5: [Ao] | I5: [A] | J5: [k] | K5: D T | L5: Qo | M5: ZD | N5: ZW | O5: ZH | P5: Z | Q5: Qh=Qi+Qs
C6: cm | D6: m | E6: m | F6: m² | G6: ad | H6: m² | I6: m² | J6: watt m²hºC | K6: ºC | L6: watt | M6: % | N6: % | O6: % | P6: 1+% | Q6: watt
A7: 1 | B7: 2 | C7: 3 | D7: 4 | E7: 5 | F7: 6 | G7: 7 | H7: 8 | I7: 9 | J7: 10 | K7: 11 | L7: 12 | M7: 13 | N7: 14 | O7: 15 | P7: 16 | Q7: 17
F8: 101 | I8: D4 MUTFAK | K8: 20ºC
A9: DD | B9: K | D9: 0.65 | E9: 3 | F9: =IF(D9=0," ",D9*E9) | G9: 1 | I9: =IF(F9=" "," ",F9*G9-H9) | J9: 0.479 | K9: 23 | L9: =IF(I9=" "," ",I9*J9*K9) | M9: 7 | N9: 0 | O9: 5 | P9: =IF(M9=" "," ",(1+(M9+N9+O9)/100)) | Q9: =IF(L9=" "," ",L9*P9)
A10: DD | B10: D | D10: 1.23 | E10: 3 | F10: =IF(D10=0," ",D10*E10) | G10: 1 | I10: =IF(F10=" "," ",F10*G10-H10) | J10: 0.479 | K10: 23 | L10: =IF(I10=" "," ",I10*J10*K10) | M10: 7 | N10: 0 | O10: 0 | P10: =IF(M10=" "," ",(1+(M10+N10+O10)/100)) | Q10: =IF(L10=" "," ",L10*P10)
A11: DD | B11: G | D11: 2.32 | E11: 3 | F11: =IF(D11=0," ",D11*E11) | G11: 1 | H11: =F12*G12 | I11: =IF(F11=" "," ",F11*G11-H11) | J11: 0.479 | K11: 23 | L11: =IF(I11=" "," ",I11*J11*K11) | M11: 7 | N11: 0 | O11: -5 | P11: =IF(M11=" "," ",(1+(M11+N11+O11)/100)) | Q11: =IF(L11=" "," ",L11*P11)
A12: ÇP | B12: G | D12: 1.6 | E12: 2.2 | F12: =IF(D12=0," ",D12*E12) | G12: 1 | I12: =IF(F12=" "," ",F12*G12-H12) | J12: 2.4 | K12: 23 | L12: =IF(I12=" "," ",I12*J12*K12) | M12: 7 | N12: 0 | O12: -5 | P12: =IF(M12=" "," ",(1+(M12+N12+O12)/100)) | Q12: =IF(L12=" "," ",L12*P12)
A13: İD | D13: 1.1 | E13: 3 | F13: =IF(D13=0," ",D13*E13) | G13: 1 | I13: =IF(F13=" "," ",F13*G13-H13) | J13: 0.814 | K13: 5 | L13: =IF(I13=" "," ",I13*J13*K13) | M13: 7 | N13: 0 | O13: 0 | P13: =IF(M13=" "," ",(1+(M13+N13+O13)/100)) | Q13: =IF(L13=" "," ",L13*P13)
Q14: =SUM(Q9:Q13)
J15: Qs= | K15: a | L15: L | M15: R | N15: H | O15: D T | P15: Ze
J16: Qs = | K16: 2 | L16: =(D12+E12)*2*G12 | M16: 0.9 | N16: 0.67 | O16: 23 | P16: 1.2 | Q16: =K16*L16*M16*N16*O16*P16
M17: TOPLAM ISI KAYBI = | Q17: =Q14+Q16
F19: 102 | I19: D4 YATAK OD. | K19: 20ºC
A20: DD | B20: B | D20: 2.72 | E20: 3 | F20: =IF(D20=0," ",D20*E20) | G20: 1 | H20: =F21*G21 | I20: =IF(F20=" "," ",F20*G20-H20) | J20: 0.479 | K20: 23 | L20: =IF(I20=" "," ",I20*J20*K20) | M20: 7 | N20: 0 | O20: 0 | P20: =IF(M20=" "," ",(1+(M20+N20+O20)/100)) | Q20: =IF(L20=" "," ",L20*P20)
A21: ÇP | B21: B | D21: 1.6 | E21: 2.3 | F21: =IF(D21=0," ",D21*E21) | G21: 1 | I21: =IF(F21=" "," ",F21*G21-H21) | J21: 2.4 | K21: 23 | L21: =IF(I21=" "," ",I21*J21*K21) | M21: 7 | N21: 0 | O21: 0 | P21: =IF(M21=" "," ",(1+(M21+N21+O21)/100)) | Q21: =IF(L21=" "," ",L21*P21)
A22: İD | D22: 2.35 | E22: 3 | F22: =IF(D22=0," ",D22*E22) | G22: 1 | I22: =IF(F22=" "," ",F22*G22-H22) | J22: 0.814 | K22: 5 | L22: =IF(I22=" "," ",I22*J22*K22) | M22: 7 | N22: 0 | O22: 0 | P22: =IF(M22=" "," ",(1+(M22+N22+O22)/100)) | Q22: =IF(L22=" "," ",L22*P22)
Q23: =SUM(Q20:Q22)
J24: Qs= | K24: a | L24: L | M24: R | N24: H | O24: D T | P24: Ze
J25: Qs = | K25: 2 | L25: =(D21+E21)*2*G21 | M25: 0.9 | N25: 0.67 | O25: 23 | P25: 1.2 | Q25: =K25*L25*M25*N25*O25*P25
M26: TOPLAM ISI KAYBI = | Q26: =Q23+Q25
F28: 103 | I28: D4 YATAK OD. | K28: 20ºC
A29: DD | B29: B | D29: 2.3 | E29: 3 | F29: =IF(D29=0," ",D29*E29) | G29: 1 | H29: =F30*G30 | I29: =IF(F29=" "," ",F29*G29-H29) | J29: 0.479 | K29: 23 | L29: =IF(I29=" "," ",I29*J29*K29) | M29: 7 | N29: 0 | O29: 0 | P29: =IF(M29=" "," ",(1+(M29+N29+O29)/100)) | Q29: =IF(L29=" "," ",L29*P29)
A30: ÇP | B30: B | D30: 1.6 | E30: 2.3 | F30: =IF(D30=0," ",D30*E30) | G30: 1 | I30: =IF(F30=" "," ",F30*G30-H30) | J30: 2.4 | K30: 23 | L30: =IF(I30=" "," ",I30*J30*K30) | M30: 7 | N30: 0 | O30: 0 | P30: =IF(M30=" "," ",(1+(M30+N30+O30)/100)) | Q30: =IF(L30=" "," ",L30*P30)
A31: İD | D31: 2.5 | E31: 3 | F31: =IF(D31=0," ",D31*E31) | G31: 1 | I31: =IF(F31=" "," ",F31*G31-H31) | J31: 0.814 | K31: 5 | L31: =IF(I31=" "," ",I31*J31*K31) | M31: 7 | N31: 0 | O31: 0 | P31: =IF(M31=" "," ",(1+(M31+N31+O31)/100)) | Q31: =IF(L31=" "," ",L31*P31)
Q32: =SUM(Q29:Q31)
J33: Qs= | K33: a | L33: L | M33: R | N33: H | O33: D T | P33: Ze
J34: Qs = | K34: 2 | L34: =(D30+E30)*2*G30 | M34: 0.9 | N34: 0.67 | O34: 23 | P34: 1.2 | Q34: =K34*L34*M34*N34*O34*P34
M35: TOPLAM ISI KAYBI = | Q35: =Q32+Q34
F37: 104 | I37: D4 YATAK OD. | K37: 20ºC
A38: DD | B38: B | D38: 2.44 | E38: 3 | F38: =IF(D38=0," ",D38*E38) | G38: 1 | H38: =F39*G39 | I38: =IF(F38=" "," ",F38*G38-H38) | J38: 0.479 | K38: 23 | L38: =IF(I38=" "," ",I38*J38*K38) | M38: 7 | N38: 0 | O38: 0 | P38: =IF(M38=" "," ",(1+(M38+N38+O38)/100)) | Q38: =IF(L38=" "," ",L38*P38)
A39: ÇP | B39: B | D39: 1.6 | E39: 2.3 | F39: =IF(D39=0," ",D39*E39) | G39: 1 | I39: =IF(F39=" "," ",F39*G39-H39) | J39: 2.4 | K39: 23 | L39: =IF(I39=" "," ",I39*J39*K39) | M39: 7 | N39: 0 | O39: 0 | P39: =IF(M39=" "," ",(1+(M39+N39+O39)/100)) | Q39: =IF(L39=" "," ",L39*P39)
A40: İD | D40: 1.22 | E40: 3 | F40: =IF(D40=0," ",D40*E40) | G40: 1 | I40: =IF(F40=" "," ",F40*G40-H40) | J40: 0.814 | K40: 5 | L40: =IF(I40=" "," ",I40*J40*K40) | M40: 7 | N40: 0 | O40: 0 | P40: =IF(M40=" "," ",(1+(M40+N40+O40)/100)) | Q40: =IF(L40=" "," ",L40*P40)
Q41: =SUM(Q38:Q40)
J42: Qs= | K42: a | L42: L | M42: R | N42: H | O42: D T | P42: Ze
J43: Qs = | K43: 2 | L43: =(D39+E39)*2*G39 | M43: 0.9 | N43: 0.67 | O43: 23 | P43: 1.2 | Q43: =K43*L43*M43*N43*O43*P43
M44: TOPLAM ISI KAYBI = | Q44: =Q41+Q43
F46: 105 | I46: D4 SALON | K46: 20ºC
A47: DD | B47: D | D47: 0.63 | E47: 3 | F47: =IF(D47=0," ",D47*E47) | G47: 1 | I47: =IF(F47=" "," ",F47*G47-H47) | J47: 0.479 | K47: 23 | L47: =IF(I47=" "," ",I47*J47*K47) | M47: 7 | N47: 0 | O47: 0 | P47: =IF(M47=" "," ",(1+(M47+N47+O47)/100)) | Q47: =IF(L47=" "," ",L47*P47)
A48: DD | B48: G | D48: 4.68 | E48: 3 | F48: =IF(D48=0," ",D48*E48) | G48: 1 | H48: =F49*G49 | I48: =IF(F48=" "," ",F48*G48-H48) | J48: 0.479 | K48: 23 | L48: =IF(I48=" "," ",I48*J48*K48) | M48: 7 | N48: 0 | O48: -5 | P48: =IF(M48=" "," ",(1+(M48+N48+O48)/100)) | Q48: =IF(L48=" "," ",L48*P48)
A49: ÇP | B49: G | D49: 1.6 | E49: 2.1 | F49: =IF(D49=0," ",D49*E49) | G49: 1 | I49: =IF(F49=" "," ",F49*G49-H49) | J49: 2.4 | K49: 23 | L49: =IF(I49=" "," ",I49*J49*K49) | M49: 7 | N49: 0 | O49: -5 | P49: =IF(M49=" "," ",(1+(M49+N49+O49)/100)) | Q49: =IF(L49=" "," ",L49*P49)
A50: DD | B50: B | D50: 3.4 | E50: 3 | F50: =IF(D50=0," ",D50*E50) | G50: 1 | H50: =F51*G51 | I50: =IF(F50=" "," ",F50*G50-H50) | J50: 0.479 | K50: 23 | L50: =IF(I50=" "," ",I50*J50*K50) | M50: 7 | N50: 0 | O50: 0 | P50: =IF(M50=" "," ",(1+(M50+N50+O50)/100)) | Q50: =IF(L50=" "," ",L50*P50)
A51: ÇP | B51: B | D51: 1.6 | E51: 2.1 | F51: =IF(D51=0," ",D51*E51) | G51: 1 | I51: =IF(F51=" "," ",F51*G51-H51) | J51: 2.4 | K51: 23 | L51: =IF(I51=" "," ",I51*J51*K51) | M51: 7 | N51: 0 | O51: 0 | P51: =IF(M51=" "," ",(1+(M51+N51+O51)/100)) | Q51: =IF(L51=" "," ",L51*P51)
A52: İD | D52: 1.06 | E52: 3 | F52: =IF(D52=0," ",D52*E52) | G52: 1 | I52: =IF(F52=" "," ",F52*G52-H52) | J52: 0.814 | K52: 5 | L52: =IF(I52=" "," ",I52*J52*K52) | M52: 7 | N52: 0 | O52: 0 | P52: =IF(M52=" "," ",(1+(M52+N52+O52)/100)) | Q52: =IF(L52=" "," ",L52*P52)
Q53: =SUM(Q47:Q52)
J54: Qs= | K54: a | L54: L | M54: R | N54: H | O54: D T | P54: Ze
J55: Qs = | K55: 2 | L55: =(D49+E49)*2*G49+(D51+E51)*2*G51 | M55: 0.9 | N55: 0.67 | O55: 23 | P55: 1.2 | Q55: =K55*L55*M55*N55*O55*P55
M56: TOPLAM ISI KAYBI = | Q56: =Q53+Q55
F58: 106 | I58: D4 BANYO | K58: 24ºC
A59: DD | B59: D | D59: 1.32 | E59: 3 | F59: =IF(D59=0," ",D59*E59) | G59: 1 | I59: =IF(F59=" "," ",F59*G59-H59) | J59: 0.479 | K59: 27 | L59: =IF(I59=" "," ",I59*J59*K59) | M59: 7 | N59: 0 | O59: 0 | P59: =IF(M59=" "," ",(1+(M59+N59+O59)/100)) | Q59: =IF(L59=" "," ",L59*P59)
A60: İD | D60: 1.84 | E60: 3 | F60: =IF(D60=0," ",D60*E60) | G60: 1 | I60: =IF(F60=" "," ",F60*G60-H60) | J60: 0.814 | K60: 14 | L60: =IF(I60=" "," ",I60*J60*K60) | M60: 7 | N60: 0 | O60: 0 | P60: =IF(M60=" "," ",(1+(M60+N60+O60)/100)) | Q60: =IF(L60=" "," ",L60*P60)
A61: İD | D61: 2.2 | E61: 3 | F61: =IF(D61=0," ",D61*E61) | G61: 1 | I61: =IF(F61=" "," ",F61*G61-H61) | J61: 0.814 | K61: 9 | L61: =IF(I61=" "," ",I61*J61*K61) | M61: 7 | N61: 0 | O61: 0 | P61: =IF(M61=" "," ",(1+(M61+N61+O61)/100)) | Q61: =IF(L61=" "," ",L61*P61)
A62: İD | D62: 2.58 | E62: 3 | F62: =IF(D62=0," ",D62*E62) | G62: 1 | I62: =IF(F62=" "," ",F62*G62-H62) | J62: 0.814 | K62: 4 | L62: =IF(I62=" "," ",I62*J62*K62) | M62: 7 | N62: 0 | O62: 0 | P62: =IF(M62=" "," ",(1+(M62+N62+O62)/100)) | Q62: =IF(L62=" "," ",L62*P62)
Q63: =SUM(Q59:Q62)
J64: Qs= | K64: a | L64: L | M64: R | N64: H | O64: D T | P64: Ze
J65: Qs = | K65: 2 | L65: 0 | M65: 0.9 | N65: 0.67 | O65: 27 | P65: 1.2 | Q65: =K65*L65*M65*N65*O65*P65
M66: TOPLAM ISI KAYBI = | Q66: =Q63+Q65
F68: 107 | I68: D5 MUTFAK | K68: 20ºC
A69: DD | B69: K | D69: 2.42 | E69: 3 | F69: =IF(D69=0," ",D69*E69) | G69: 1 | H69: =F70*G70 | I69: =IF(F69=" "," ",F69*G69-H69) | J69: 0.479 | K69: 23 | L69: =IF(I69=" "," ",I69*J69*K69) | M69: 7 | N69: 0 | O69: 5 | P69: =IF(M69=" "," ",(1+(M69+N69+O69)/100)) | Q69: =IF(L69=" "," ",L69*P69)
A70: ÇP | B70: K | D70: 1.6 | E70: 2.2 | F70: =IF(D70=0," ",D70*E70) | G70: 1 | I70: =IF(F70=" "," ",F70*G70-H70) | J70: 2.4 | K70: 23 | L70: =IF(I70=" "," ",I70*J70*K70) | M70: 7 | N70: 0 | O70: 5 | P70: =IF(M70=" "," ",(1+(M70+N70+O70)/100)) | Q70: =IF(L70=" "," ",L70*P70)
A71: İD | D71: 1.76 | E71: 3 | F71: =IF(D71=0," ",D71*E71) | G71: 1 | I71: =IF(F71=" "," ",F71*G71-H71) | J71: 0.814 | K71: 5 | L71: =IF(I71=" "," ",I71*J71*K71) | M71: 7 | N71: 0 | O71: 0 | P71: =IF(M71=" "," ",(1+(M71+N71+O71)/100)) | Q71: =IF(L71=" "," ",L71*P71)
Q72: =SUM(Q69:Q71)
J73: Qs= | K73: a | L73: L | M73: R | N73: H | O73: D T | P73: Ze
J74: Qs = | K74: 2 | L74: =(D70+E70)*2*G70 | M74: 0.9 | N74: 0.67 | O74: 23 | P74: 1.2 | Q74: =K74*L74*M74*N74*O74*P74
M75: TOPLAM ISI KAYBI = | Q75: =Q72+Q74
F77: 108 | I77: D5 YATAK OD. | K77: 20ºC
A78: DD | B78: K | D78: 3.98 | E78: 3 | F78: =IF(D78=0," ",D78*E78) | G78: 1 | I78: =IF(F78=" "," ",F78*G78-H78) | J78: 0.479 | K78: 23 | L78: =IF(I78=" "," ",I78*J78*K78) | M78: 7 | N78: 0 | O78: 5 | P78: =IF(M78=" "," ",(1+(M78+N78+O78)/100)) | Q78: =IF(L78=" "," ",L78*P78)
A79: DD | B79: B | D79: 3.2 | E79: 3 | F79: =IF(D79=0," ",D79*E79) | G79: 1 | H79: =F80*G80 | I79: =IF(F79=" "," ",F79*G79-H79) | J79: 0.479 | K79: 23 | L79: =IF(I79=" "," ",I79*J79*K79) | M79: 7 | N79: 0 | O79: 0 | P79: =IF(M79=" "," ",(1+(M79+N79+O79)/100)) | Q79: =IF(L79=" "," ",L79*P79)
A80: ÇP | B80: B | D80: 1.6 | E80: 2.1 | F80: =IF(D80=0," ",D80*E80) | G80: 1 | I80: =IF(F80=" "," ",F80*G80-H80) | J80: 2.4 | K80: 23 | L80: =IF(I80=" "," ",I80*J80*K80) | M80: 7 | N80: 0 | O80: 0 | P80: =IF(M80=" "," ",(1+(M80+N80+O80)/100)) | Q80: =IF(L80=" "," ",L80*P80)
A81: İD | D81: 1 | E81: 3 | F81: =IF(D81=0," ",D81*E81) | G81: 1 | I81: =IF(F81=" "," ",F81*G81-H81) | J81: 0.814 | K81: 5 | L81: =IF(I81=" "," ",I81*J81*K81) | M81: 7 | N81: 0 | O81: 0 | P81: =IF(M81=" "," ",(1+(M81+N81+O81)/100)) | Q81: =IF(L81=" "," ",L81*P81)
Q82: =SUM(Q78:Q81)
J83: Qs= | K83: a | L83: L | M83: R | N83: H | O83: D T | P83: Ze
J84: Qs = | K84: 2 | L84: =(D80+E80)*2*G80 | M84: 0.9 | N84: 0.67 | O84: 23 | P84: 1.2 | Q84: =K84*L84*M84*N84*O84*P84
M85: TOPLAM ISI KAYBI = | Q85: =Q82+Q84
F87: 109 | I87: D5 YATAK OD. | K87: 20ºC
A88: DD | B88: K | D88: 2.42 | E88: 3 | F88: =IF(D88=0," ",D88*E88) | G88: 1 | H88: =F89*G89 | I88: =IF(F88=" "," ",F88*G88-H88) | J88: 0.479 | K88: 23 | L88: =IF(I88=" "," ",I88*J88*K88) | M88: 7 | N88: 0 | O88: 5 | P88: =IF(M88=" "," ",(1+(M88+N88+O88)/100)) | Q88: =IF(L88=" "," ",L88*P88)
A89: ÇP | B89: K | D89: 1.6 | E89: 2.3 | F89: =IF(D89=0," ",D89*E89) | G89: 1 | I89: =IF(F89=" "," ",F89*G89-H89) | J89: 2.4 | K89: 23 | L89: =IF(I89=" "," ",I89*J89*K89) | M89: 7 | N89: 0 | O89: 5 | P89: =IF(M89=" "," ",(1+(M89+N89+O89)/100)) | Q89: =IF(L89=" "," ",L89*P89)
A90: İD | D90: 2.34 | E90: 3 | F90: =IF(D90=0," ",D90*E90) | G90: 1 | I90: =IF(F90=" "," ",F90*G90-H90) | J90: 0.814 | K90: 5 | L90: =IF(I90=" "," ",I90*J90*K90) | M90: 7 | N90: 0 | O90: 0 | P90: =IF(M90=" "," ",(1+(M90+N90+O90)/100)) | Q90: =IF(L90=" "," ",L90*P90)
Q91: =SUM(Q88:Q90)
J92: Qs= | K92: a | L92: L | M92: R | N92: H | O92: D T | P92: Ze
J93: Qs = | K93: 2 | L93: =(D89+E89)*2*G89 | M93: 0.9 | N93: 0.67 | O93: 23 | P93: 1.2 | Q93: =K93*L93*M93*N93*O93*P93
M94: TOPLAM ISI KAYBI = | Q94: =Q91+Q93
F96: 110 | I96: D5 SALON | K96: 20ºC
A97: DD | B97: K | D97: 3.68 | E97: 3 | F97: =IF(D97=0," ",D97*E97) | G97: 1 | H97: =F98*G98 | I97: =IF(F97=" "," ",F97*G97-H97) | J97: 0.479 | K97: 23 | L97: =IF(I97=" "," ",I97*J97*K97) | M97: 7 | N97: 0 | O97: 5 | P97: =IF(M97=" "," ",(1+(M97+N97+O97)/100)) | Q97: =IF(L97=" "," ",L97*P97)
A98: ÇP | B98: K | D98: 1.6 | E98: 2.2 | F98: =IF(D98=0," ",D98*E98) | G98: 1 | I98: =IF(F98=" "," ",F98*G98-H98) | J98: 2.4 | K98: 23 | L98: =IF(I98=" "," ",I98*J98*K98) | M98: 7 | N98: 0 | O98: 5 | P98: =IF(M98=" "," ",(1+(M98+N98+O98)/100)) | Q98: =IF(L98=" "," ",L98*P98)
A99: DD | B99: D | D99: 4.7 | E99: 3 | F99: =IF(D99=0," ",D99*E99) | G99: 1 | H99: =F100*G100 | I99: =IF(F99=" "," ",F99*G99-H99) | J99: 0.479 | K99: 23 | L99: =IF(I99=" "," ",I99*J99*K99) | M99: 7 | N99: 0 | O99: 0 | P99: =IF(M99=" "," ",(1+(M99+N99+O99)/100)) | Q99: =IF(L99=" "," ",L99*P99)
A100: ÇP | B100: D | D100: 1.6 | E100: 2.3 | F100: =IF(D100=0," ",D100*E100) | G100: 1 | I100: =IF(F100=" "," ",F100*G100-H100) | J100: 2.4 | K100: 23 | L100: =IF(I100=" "," ",I100*J100*K100) | M100: 7 | N100: 0 | O100: 0 | P100: =IF(M100=" "," ",(1+(M100+N100+O100)/100)) | Q100: =IF(L100=" "," ",L100*P100)
A101: DD | B101: G | D101: 3.86 | E101: 3 | F101: =IF(D101=0," ",D101*E101) | G101: 1 | I101: =IF(F101=" "," ",F101*G101-H101) | J101: 0.479 | K101: 23 | L101: =IF(I101=" "," ",I101*J101*K101) | M101: 7 | N101: 0 | O101: -5 | P101: =IF(M101=" "," ",(1+(M101+N101+O101)/100)) | Q101: =IF(L101=" "," ",L101*P101)
A102: İD | D102: 1.34 | E102: 3 | F102: =IF(D102=0," ",D102*E102) | G102: 1 | I102: =IF(F102=" "," ",F102*G102-H102) | J102: 0.814 | K102: 5 | L102: =IF(I102=" "," ",I102*J102*K102) | M102: 7 | N102: 0 | O102: 0 | P102: =IF(M102=" "," ",(1+(M102+N102+O102)/100)) | Q102: =IF(L102=" "," ",L102*P102)
Q103: =SUM(Q97:Q102)
J104: Qs= | K104: a | L104: L | M104: R | N104: H | O104: D T | P104: Ze
J105: Qs = | K105: 2 | L105: =(D98+E98)*2*G98+(D100+E100)*2*G100 | M105: 0.9 | N105: 0.67 | O105: 23 | P105: 1.2 | Q105: =K105*L105*M105*N105*O105*P105
M106: TOPLAM ISI KAYBI = | Q106: =Q103+Q105
F108: 111 | I108: D5 ODA | K108: 20ºC
A109: DD | B109: K | D109: 0.6 | E109: 3 | F109: =IF(D109=0," ",D109*E109) | G109: 1 | H109: =F110*G110 | I109: =IF(F109=" "," ",F109*G109-H109) | J109: 0.479 | K109: 23 | L109: =IF(I109=" "," ",I109*J109*K109) | M109: 7 | N109: 0 | O109: 5 | P109: =IF(M109=" "," ",(1+(M109+N109+O109)/100)) | Q109: =IF(L109=" "," ",L109*P109)
A110: ÇP | B110: K | D110: 0.6 | E110: 0.6 | F110: =IF(D110=0," ",D110*E110) | G110: 1 | I110: =IF(F110=" "," ",F110*G110-H110) | J110: 2.4 | K110: 23 | L110: =IF(I110=" "," ",I110*J110*K110) | M110: 7 | N110: 0 | O110: 5 | P110: =IF(M110=" "," ",(1+(M110+N110+O110)/100)) | Q110: =IF(L110=" "," ",L110*P110)
...

Sheet ISI KAYBI 2. KAT
H1: ISI KAYBI HESABI | N1: Kat : | O1: 2. KAT | P1: Tarih | Q1: =kapak!G41
F2: PROJE ADI : | H2: =kapak!C31 | N2: Sayfa : | O2: 3
A3: Yapı Bileşeni | E3: Alan Hesabı | I3: Isı kaybı hesabı | M3: Zamlar | Q3: Toplam
A4: İşaret | B4: Yön | C4: Kalınlık | D4: Uzunluk | E4: Yükseklik | F4: Toplam Alan | G4: Miktar | H4: Çıkarıla alan | I4: Hesaba giren Alan | J4: Isı İletim Katsayısı | K4: Sıcaklık Farkı | L4: Zamsız Isı Kaybı | M4: İşletme | N4: Kat Yük. | O4: Yön | P4: Toplam | Q4: Toplam Is ı İhtiyacı
F5: [Ao] | I5: [A] | J5: [k] | K5: D T | L5: Qo | M5: ZD | N5: ZW | O5: ZH | P5: Z | Q5: Qh=Qi+Qs
C6: cm | D6: m | E6: m | F6: m² | G6: ad | H6: m² | I6: m² | J6: watt m²hºC | K6: ºC | L6: watt | M6: % | N6: % | O6: % | P6: 1+% | Q6: watt
A7: 1 | B7: 2 | C7: 3 | D7: 4 | E7: 5 | F7: 6 | G7: 7 | H7: 8 | I7: 9 | J7: 10 | K7: 11 | L7: 12 | M7: 13 | N7: 14 | O7: 15 | P7: 16 | Q7: 17
F8: 201 | I8: D7 MUTFAK | K8: 20ºC
A9: DD | B9: K | D9: 0.66 | E9: 3 | F9: =IF(D9=0," ",D9*E9) | G9: 1 | I9: =IF(F9=" "," ",F9*G9-H9) | J9: 0.479 | K9: 23 | L9: =IF(I9=" "," ",I9*J9*K9) | M9: 7 | N9: 0 | O9: 5 | P9: =IF(M9=" "," ",(1+(M9+N9+O9)/100)) | Q9: =IF(L9=" "," ",L9*P9)
A10: DD | B10: D | D10: 1.23 | E10: 3 | F10: =IF(D10=0," ",D10*E10) | G10: 1 | I10: =IF(F10=" "," ",F10*G10-H10) | J10: 0.479 | K10: 23 | L10: =IF(I10=" "," ",I10*J10*K10) | M10: 7 | N10: 0 | O10: 0 | P10: =IF(M10=" "," ",(1+(M10+N10+O10)/100)) | Q10: =IF(L10=" "," ",L10*P10)
A11: DD | B11: G | D11: 2.34 | E11: 3 | F11: =IF(D11=0," ",D11*E11) | G11: 1 | H11: =F12*G12 | I11: =IF(F11=" "," ",F11*G11-H11) | J11: 0.479 | K11: 23 | L11: =IF(I11=" "," ",I11*J11*K11) | M11: 7 | N11: 0 | O11: -5 | P11: =IF(M11=" "," ",(1+(M11+N11+O11)/100)) | Q11: =IF(L11=" "," ",L11*P11)
A12: ÇP | B12: G | D12: 1.6 | E12: 2.2 | F12: =IF(D12=0," ",D12*E12) | G12: 1 | I12: =IF(F12=" "," ",F12*G12-H12) | J12: 2.4 | K12: 23 | L12: =IF(I12=" "," ",I12*J12*K12) | M12: 7 | N12: 0 | O12: -5 | P12: =IF(M12=" "," ",(1+(M12+N12+O12)/100)) | Q12: =IF(L12=" "," ",L12*P12)
A13: İD | D13: 1.12 | E13: 3 | F13: =IF(D13=0," ",D13*E13) | G13: 1 | I13: =IF(F13=" "," ",F13*G13-H13) | J13: 0.814 | K13: 5 | L13: =IF(I13=" "," ",I13*J13*K13) | M13: 7 | N13: 0 | O13: 0 | P13: =IF(M13=" "," ",(1+(M13+N13+O13)/100)) | Q13: =IF(L13=" "," ",L13*P13)
A14: Ta | D14: 8.98 | E14: 1 | F14: =IF(D14=0," ",D14*E14) | G14: 1 | I14: =IF(F14=" "," ",F14*G14-H14) | J14: 0.3 | K14: 23 | L14: =IF(I14=" "," ",I14*J14*K14) | M14: 7 | N14: 0 | O14: 0 | P14: =IF(M14=" "," ",(1+(M14+N14+O14)/100)) | Q14: =IF(L14=" "," ",L14*P14)
Q15: =SUM(Q9:Q14)
J16: Qs= | K16: a | L16: L | M16: R | N16: H | O16: D T | P16: Ze
J17: Qs = | K17: 2 | L17: =(D12+E12)*2*G12 | M17: 0.9 | N17: 0.67 | O17: 23 | P17: 1.2 | Q17: =K17*L17*M17*N17*O17*P17
M18: TOPLAM ISI KAYBI = | Q18: =Q15+Q17
F20: 202 | I20: D7 YATAK OD. | K20: 20ºC
A21: DD | B21: B | D21: 2.72 | E21: 3 | F21: =IF(D21=0," ",D21*E21) | G21: 1 | H21: =F22*G22 | I21: =IF(F21=" "," ",F21*G21-H21) | J21: 0.479 | K21: 23 | L21: =IF(I21=" "," ",I21*J21*K21) | M21: 7 | N21: 0 | O21: 0 | P21: =IF(M21=" "," ",(1+(M21+N21+O21)/100)) | Q21: =IF(L21=" "," ",L21*P21)
A22: ÇP | B22: B | D22: 1.6 | E22: 2.3 | F22: =IF(D22=0," ",D22*E22) | G22: 1 | I22: =IF(F22=" "," ",F22*G22-H22) | J22: 2.4 | K22: 23 | L22: =IF(I22=" "," ",I22*J22*K22) | M22: 7 | N22: 0 | O22: 0 | P22: =IF(M22=" "," ",(1+(M22+N22+O22)/100)) | Q22: =IF(L22=" "," ",L22*P22)
A23: İD | D23: 2.15 | E23: 3 | F23: =IF(D23=0," ",D23*E23) | G23: 1 | I23: =IF(F23=" "," ",F23*G23-H23) | J23: 0.814 | K23: 5 | L23: =IF(I23=" "," ",I23*J23*K23) | M23: 7 | N23: 0 | O23: 0 | P23: =IF(M23=" "," ",(1+(M23+N23+O23)/100)) | Q23: =IF(L23=" "," ",L23*P23)
A24: Ta | D24: 13.6 | E24: 1 | F24: =IF(D24=0," ",D24*E24) | G24: 1 | I24: =IF(F24=" "," ",F24*G24-H24) | J24: 0.3 | K24: 23 | L24: =IF(I24=" "," ",I24*J24*K24) | M24: 7 | N24: 0 | O24: 0 | P24: =IF(M24=" "," ",(1+(M24+N24+O24)/100)) | Q24: =IF(L24=" "," ",L24*P24)
Q25: =SUM(Q21:Q24)
J26: Qs= | K26: a | L26: L | M26: R | N26: H | O26: D T | P26: Ze
J27: Qs = | K27: 2 | L27: =(D22+E22)*2*G22 | M27: 0.9 | N27: 0.67 | O27: 23 | P27: 1.2 | Q27: =K27*L27*M27*N27*O27*P27
M28: TOPLAM ISI KAYBI = | Q28: =Q25+Q27
F30: 203 | I30: D7 YATAK OD. | K30: 20ºC
A31: DD | B31: B | D31: 2.3 | E31: 3 | F31: =IF(D31=0," ",D31*E31) | G31: 1 | H31: =F32*G32 | I31: =IF(F31=" "," ",F31*G31-H31) | J31: 0.479 | K31: 23 | L31: =IF(I31=" "," ",I31*J31*K31) | M31: 7 | N31: 0 | O31: 0 | P31: =IF(M31=" "," ",(1+(M31+N31+O31)/100)) | Q31: =IF(L31=" "," ",L31*P31)
A32: ÇP | B32: B | D32: 1.6 | E32: 2.3 | F32: =IF(D32=0," ",D32*E32) | G32: 1 | I32: =IF(F32=" "," ",F32*G32-H32) | J32: 2.4 | K32: 23 | L32: =IF(I32=" "," ",I32*J32*K32) | M32: 7 | N32: 0 | O32: 0 | P32: =IF(M32=" "," ",(1+(M32+N32+O32)/100)) | Q32: =IF(L32=" "," ",L32*P32)
A33: İD | D33: 2.5 | E33: 3 | F33: =IF(D33=0," ",D33*E33) | G33: 1 | I33: =IF(F33=" "," ",F33*G33-H33) | J33: 0.814 | K33: 5 | L33: =IF(I33=" "," ",I33*J33*K33) | M33: 7 | N33: 0 | O33: 0 | P33: =IF(M33=" "," ",(1+(M33+N33+O33)/100)) | Q33: =IF(L33=" "," ",L33*P33)
A34: Ta | D34: 8.89 | E34: 1 | F34: =IF(D34=0," ",D34*E34) | G34: 1 | I34: =IF(F34=" "," ",F34*G34-H34) | J34: 0.3 | K34: 23 | L34: =IF(I34=" "," ",I34*J34*K34) | M34: 7 | N34: 0 | O34: 0 | P34: =IF(M34=" "," ",(1+(M34+N34+O34)/100)) | Q34: =IF(L34=" "," ",L34*P34)
Q35: =SUM(Q31:Q34)
J36: Qs= | K36: a | L36: L | M36: R | N36: H | O36: D T | P36: Ze
J37: Qs = | K37: 2 | L37: =(D32+E32)*2*G32 | M37: 0.9 | N37: 0.67 | O37: 23 | P37: 1.2 | Q37: =K37*L37*M37*N37*O37*P37
M38: TOPLAM ISI KAYBI = | Q38: =Q35+Q37
F40: 204 | I40: D7 YATAK OD. | K40: 20ºC
A41: DD | B41: B | D41: 2.44 | E41: 3 | F41: =IF(D41=0," ",D41*E41) | G41: 1 | H41: =F42*G42 | I41: =IF(F41=" "," ",F41*G41-H41) | J41: 0.479 | K41: 23 | L41: =IF(I41=" "," ",I41*J41*K41) | M41: 7 | N41: 0 | O41: 0 | P41: =IF(M41=" "," ",(1+(M41+N41+O41)/100)) | Q41: =IF(L41=" "," ",L41*P41)
A42: ÇP | B42: B | D42: 1.6 | E42: 2.3 | F42: =IF(D42=0," ",D42*E42) | G42: 1 | I42: =IF(F42=" "," ",F42*G42-H42) | J42: 2.4 | K42: 23 | L42: =IF(I42=" "," ",I42*J42*K42) | M42: 7 | N42: 0 | O42: 0 | P42: =IF(M42=" "," ",(1+(M42+N42+O42)/100)) | Q42: =IF(L42=" "," ",L42*P42)
A43: İD | D43: 1.22 | E43: 3 | F43: =IF(D43=0," ",D43*E43) | G43: 1 | I43: =IF(F43=" "," ",F43*G43-H43) | J43: 0.814 | K43: 5 | L43: =IF(I43=" "," ",I43*J43*K43) | M43: 7 | N43: 0 | O43: 0 | P43: =IF(M43=" "," ",(1+(M43+N43+O43)/100)) | Q43: =IF(L43=" "," ",L43*P43)
A44: Ta | D44: 8.96 | E44: 1 | F44: =IF(D44=0," ",D44*E44) | G44: 1 | I44: =IF(F44=" "," ",F44*G44-H44) | J44: 0.3 | K44: 23 | L44: =IF(I44=" "," ",I44*J44*K44) | M44: 7 | N44: 0 | O44: 0 | P44: =IF(M44=" "," ",(1+(M44+N44+O44)/100)) | Q44: =IF(L44=" "," ",L44*P44)
Q45: =SUM(Q41:Q44)
J46: Qs= | K46: a | L46: L | M46: R | N46: H | O46: D T | P46: Ze
J47: Qs = | K47: 2 | L47: =(D42+E42)*2*G42 | M47: 0.9 | N47: 0.67 | O47: 23 | P47: 1.2 | Q47: =K47*L47*M47*N47*O47*P47
M48: TOPLAM ISI KAYBI = | Q48: =Q45+Q47
F50: 205 | I50: D7 SALON | K50: 20ºC
A51: DD | B51: D | D51: 0.63 | E51: 3 | F51: =IF(D51=0," ",D51*E51) | G51: 1 | I51: =IF(F51=" "," ",F51*G51-H51) | J51: 0.479 | K51: 23 | L51: =IF(I51=" "," ",I51*J51*K51) | M51: 7 | N51: 0 | O51: 0 | P51: =IF(M51=" "," ",(1+(M51+N51+O51)/100)) | Q51: =IF(L51=" "," ",L51*P51)
A52: DD | B52: G | D52: 4.7 | E52: 3 | F52: =IF(D52=0," ",D52*E52) | G52: 1 | H52: =F53*G53 | I52: =IF(F52=" "," ",F52*G52-H52) | J52: 0.479 | K52: 23 | L52: =IF(I52=" "," ",I52*J52*K52) | M52: 7 | N52: 0 | O52: -5 | P52: =IF(M52=" "," ",(1+(M52+N52+O52)/100)) | Q52: =IF(L52=" "," ",L52*P52)
A53: ÇP | B53: G | D53: 1.6 | E53: 2.1 | F53: =IF(D53=0," ",D53*E53) | G53: 1 | I53: =IF(F53=" "," ",F53*G53-H53) | J53: 2.4 | K53: 23 | L53: =IF(I53=" "," ",I53*J53*K53) | M53: 7 | N53: 0 | O53: -5 | P53: =IF(M53=" "," ",(1+(M53+N53+O53)/100)) | Q53: =IF(L53=" "," ",L53*P53)
A54: DD | B54: B | D54: 3.4 | E54: 3 | F54: =IF(D54=0," ",D54*E54) | G54: 1 | H54: =F55*G55 | I54: =IF(F54=" "," ",F54*G54-H54) | J54: 0.479 | K54: 23 | L54: =IF(I54=" "," ",I54*J54*K54) | M54: 7 | N54: 0 | O54: 0 | P54: =IF(M54=" "," ",(1+(M54+N54+O54)/100)) | Q54: =IF(L54=" "," ",L54*P54)
A55: ÇP | B55: B | D55: 1.6 | E55: 2.1 | F55: =IF(D55=0," ",D55*E55) | G55: 1 | I55: =IF(F55=" "," ",F55*G55-H55) | J55: 2.4 | K55: 23 | L55: =IF(I55=" "," ",I55*J55*K55) | M55: 7 | N55: 0 | O55: 0 | P55: =IF(M55=" "," ",(1+(M55+N55+O55)/100)) | Q55: =IF(L55=" "," ",L55*P55)
A56: İD | D56: 1.06 | E56: 3 | F56: =IF(D56=0," ",D56*E56) | G56: 1 | I56: =IF(F56=" "," ",F56*G56-H56) | J56: 0.814 | K56: 5 | L56: =IF(I56=" "," ",I56*J56*K56) | M56: 7 | N56: 0 | O56: 0 | P56: =IF(M56=" "," ",(1+(M56+N56+O56)/100)) | Q56: =IF(L56=" "," ",L56*P56)
A57: Ta | D57: 20.3 | E57: 1 | F57: =IF(D57=0," ",D57*E57) | G57: 1 | I57: =IF(F57=" "," ",F57*G57-H57) | J57: 0.3 | K57: 23 | L57: =IF(I57=" "," ",I57*J57*K57) | M57: 7 | N57: 0 | O57: 0 | P57: =IF(M57=" "," ",(1+(M57+N57+O57)/100)) | Q57: =IF(L57=" "," ",L57*P57)
Q58: =SUM(Q51:Q57)
J59: Qs= | K59: a | L59: L | M59: R | N59: H | O59: D T | P59: Ze
J60: Qs = | K60: 2 | L60: =(D53+E53)*2*G53+(D55+E55)*2*G55 | M60: 0.9 | N60: 0.67 | O60: 23 | P60: 1.2 | Q60: =K60*L60*M60*N60*O60*P60
M61: TOPLAM ISI KAYBI = | Q61: =Q58+Q60
F63: 206 | I63: D7 BANYO | K63: 24ºC
A64: DD | B64: D | D64: 1.32 | E64: 3 | F64: =IF(D64=0," ",D64*E64) | G64: 1 | I64: =IF(F64=" "," ",F64*G64-H64) | J64: 0.479 | K64: 27 | L64: =IF(I64=" "," ",I64*J64*K64) | M64: 7 | N64: 0 | O64: 0 | P64: =IF(M64=" "," ",(1+(M64+N64+O64)/100)) | Q64: =IF(L64=" "," ",L64*P64)
A65: İD | D65: 1.56 | E65: 3 | F65: =IF(D65=0," ",D65*E65) | G65: 1 | I65: =IF(F65=" "," ",F65*G65-H65) | J65: 0.814 | K65: 14 | L65: =IF(I65=" "," ",I65*J65*K65) | M65: 7 | N65: 0 | O65: 0 | P65: =IF(M65=" "," ",(1+(M65+N65+O65)/100)) | Q65: =IF(L65=" "," ",L65*P65)
A66: İD | D66: 2.22 | E66: 3 | F66: =IF(D66=0," ",D66*E66) | G66: 1 | I66: =IF(F66=" "," ",F66*G66-H66) | J66: 0.814 | K66: 9 | L66: =IF(I66=" "," ",I66*J66*K66) | M66: 7 | N66: 0 | O66: 0 | P66: =IF(M66=" "," ",(1+(M66+N66+O66)/100)) | Q66: =IF(L66=" "," ",L66*P66)
A67: İD | D67: 2.52 | E67: 3 | F67: =IF(D67=0," ",D67*E67) | G67: 1 | I67: =IF(F67=" "," ",F67*G67-H67) | J67: 0.814 | K67: 4 | L67: =IF(I67=" "," ",I67*J67*K67) | M67: 7 | N67: 0 | O67: 0 | P67: =IF(M67=" "," ",(1+(M67+N67+O67)/100)) | Q67: =IF(L67=" "," ",L67*P67)
A68: Ta | D68: 4.89 | E68: 1 | F68: =IF(D68=0," ",D68*E68) | G68: 1 | I68: =IF(F68=" "," ",F68*G68-H68) | J68: 0.3 | K68: 27 | L68: =IF(I68=" "," ",I68*J68*K68) | M68: 7 | N68: 0 | O68: 0 | P68: =IF(M68=" "," ",(1+(M68+N68+O68)/100)) | Q68: =IF(L68=" "," ",L68*P68)
Q69: =SUM(Q64:Q68)
J70: Qs= | K70: a | L70: L | M70: R | N70: H | O70: D T | P70: Ze
J71: Qs = | K71: 2 | L71: 0 | M71: 0.9 | N71: 0.67 | O71: 27 | P71: 1.2 | Q71: =K71*L71*M71*N71*O71*P71
M72: TOPLAM ISI KAYBI = | Q72: =Q69+Q71
F74: 207 | I74: D8 MUTFAK | K74: 20ºC
A75: DD | B75: K | D75: 2.4 | E75: 3 | F75: =IF(D75=0," ",D75*E75) | G75: 1 | H75: =F76*G76 | I75: =IF(F75=" "," ",F75*G75-H75) | J75: 0.479 | K75: 23 | L75: =IF(I75=" "," ",I75*J75*K75) | M75: 7 | N75: 0 | O75: 5 | P75: =IF(M75=" "," ",(1+(M75+N75+O75)/100)) | Q75: =IF(L75=" "," ",L75*P75)
A76: ÇP | B76: K | D76: 1.6 | E76: 2.2 | F76: =IF(D76=0," ",D76*E76) | G76: 1 | I76: =IF(F76=" "," ",F76*G76-H76) | J76: 2.4 | K76: 23 | L76: =IF(I76=" "," ",I76*J76*K76) | M76: 7 | N76: 0 | O76: 5 | P76: =IF(M76=" "," ",(1+(M76+N76+O76)/100)) | Q76: =IF(L76=" "," ",L76*P76)
A77: DD | B77: D | D77: 0.28 | E77: 3 | F77: =IF(D77=0," ",D77*E77) | G77: 1 | I77: =IF(F77=" "," ",F77*G77-H77) | J77: 0.479 | K77: 23 | L77: =IF(I77=" "," ",I77*J77*K77) | M77: 7 | N77: 0 | O77: 0 | P77: =IF(M77=" "," ",(1+(M77+N77+O77)/100)) | Q77: =IF(L77=" "," ",L77*P77)
A78: İD | D78: 1.36 | E78: 3 | F78: =IF(D78=0," ",D78*E78) | G78: 1 | I78: =IF(F78=" "," ",F78*G78-H78) | J78: 0.814 | K78: 5 | L78: =IF(I78=" "," ",I78*J78*K78) | M78: 7 | N78: 0 | O78: 0 | P78: =IF(M78=" "," ",(1+(M78+N78+O78)/100)) | Q78: =IF(L78=" "," ",L78*P78)
A79: Ta | D79: 7.47 | E79: 1 | F79: =IF(D79=0," ",D79*E79) | G79: 1 | I79: =IF(F79=" "," ",F79*G79-H79) | J79: 0.3 | K79: 23 | L79: =IF(I79=" "," ",I79*J79*K79) | M79: 7 | N79: 0 | O79: 0 | P79: =IF(M79=" "," ",(1+(M79+N79+O79)/100)) | Q79: =IF(L79=" "," ",L79*P79)
Q80: =SUM(Q75:Q79)
J81: Qs= | K81: a | L81: L | M81: R | N81: H | O81: D T | P81: Ze
J82: Qs = | K82: 2 | L82: =(D76+E76)*2*G76 | M82: 0.9 | N82: 0.67 | O82: 23 | P82: 1.2 | Q82: =K82*L82*M82*N82*O82*P82
M83: TOPLAM ISI KAYBI = | Q83: =Q80+Q82
F85: 208 | I85: D8 YATAK OD. | K85: 20ºC
A86: DD | B86: K | D86: 4 | E86: 3 | F86: =IF(D86=0," ",D86*E86) | G86: 1 | I86: =IF(F86=" "," ",F86*G86-H86) | J86: 0.479 | K86: 23 | L86: =IF(I86=" "," ",I86*J86*K86) | M86: 7 | N86: 0 | O86: 5 | P86: =IF(M86=" "," ",(1+(M86+N86+O86)/100)) | Q86: =IF(L86=" "," ",L86*P86)
A87: DD | B87: B | D87: 3.2 | E87: 3 | F87: =IF(D87=0," ",D87*E87) | G87: 1 | H87: =F88*G88 | I87: =IF(F87=" "," ",F87*G87-H87) | J87: 0.479 | K87: 23 | L87: =IF(I87=" "," ",I87*J87*K87) | M87: 7 | N87: 0 | O87: 0 | P87: =IF(M87=" "," ",(1+(M87+N87+O87)/100)) | Q87: =IF(L87=" "," ",L87*P87)
A88: ÇP | B88: B | D88: 1.6 | E88: 2.2 | F88: =IF(D88=0," ",D88*E88) | G88: 1 | I88: =IF(F88=" "," ",F88*G88-H88) | J88: 2.4 | K88: 23 | L88: =IF(I88=" "," ",I88*J88*K88) | M88: 7 | N88: 0 | O88: 0 | P88: =IF(M88=" "," ",(1+(M88+N88+O88)/100)) | Q88: =IF(L88=" "," ",L88*P88)
A89: İD | D89: 1.38 | E89: 3 | F89: =IF(D89=0," ",D89*E89) | G89: 1 | I89: =IF(F89=" "," ",F89*G89-H89) | J89: 0.814 | K89: 5 | L89: =IF(I89=" "," ",I89*J89*K89) | M89: 7 | N89: 0 | O89: 0 | P89: =IF(M89=" "," ",(1+(M89+N89+O89)/100)) | Q89: =IF(L89=" "," ",L89*P89)
A90: Ta | D90: 14.47 | E90: 1 | F90: =IF(D90=0," ",D90*E90) | G90: 1 | I90: =IF(F90=" "," ",F90*G90-H90) | J90: 0.3 | K90: 23 | L90: =IF(I90=" "," ",I90*J90*K90) | M90: 7 | N90: 0 | O90: 0 | P90: =IF(M90=" "," ",(1+(M90+N90+O90)/100)) | Q90: =IF(L90=" "," ",L90*P90)
Q91: =SUM(Q86:Q90)
J92: Qs= | K92: a | L92: L | M92: R | N92: H | O92: D T | P92: Ze
J93: Qs = | K93: 2 | L93: =(D88+E88)*2*G88 | M93: 0.9 | N93: 0.67 | O93: 23 | P93: 1.2 | Q93: =K93*L93*M93*N93*O93*P93
M94: TOPLAM ISI KAYBI = | Q94: =Q91+Q93
F96: 209 | I96: D8 YATAK OD. | K96: 20ºC
A97: DD | B97: K | D97: 2.42 | E97: 3 | F97: =IF(D97=0," ",D97*E97) | G97: 1 | H97: =F98*G98 | I97: =IF(F97=" "," ",F97*G97-H97) | J97: 0.479 | K97: 23 | L97: =IF(I97=" "," ",I97*J97*K97) | M97: 7 | N97: 0 | O97: 5 | P97: =IF(M97=" "," ",(1+(M97+N97+O97)/100)) | Q97: =IF(L97=" "," ",L97*P97)
A98: ÇP | B98: K | D98: 1.6 | E98: 2.3 | F98: =IF(D98=0," ",D98*E98) | G98: 1 | I98: =IF(F98=" "," ",F98*G98-H98) | J98: 2.4 | K98: 23 | L98: =IF(I98=" "," ",I98*J98*K98) | M98: 7 | N98: 0 | O98: 5 | P98: =IF(M98=" "," ",(1+(M98+N98+O98)/100)) | Q98: =IF(L98=" "," ",L98*P98)
A99: İD | D99: 2.3 | E99: 3 | F99: =IF(D99=0," ",D99*E99) | G99: 1 | I99: =IF(F99=" "," ",F99*G99-H99) | J99: 0.814 | K99: 5 | L99: =IF(I99=" "," ",I99*J99*K99) | M99: 7 | N99: 0 | O99: 0 | P99: =IF(M99=" "," ",(1+(M99+N99+O99)/100)) | Q99: =IF(L99=" "," ",L99*P99)
A100: Ta | D100: 8.78 | E100: 1 | F100: =IF(D100=0," ",D100*E100) | G100: 1 | I100: =IF(F100=" "," ",F100*G100-H100) | J100: 0.3 | K100: 23 | L100: =IF(I100=" "," ",I100*J100*K100) | M100: 7 | N100: 0 | O100: 0 | P100: =IF(M100=" "," ",(1+(M100+N100+O100)/100)) | Q100: =IF(L100=" "," ",L100*P100)
Q101: =SUM(Q97:Q100)
J102: Qs= | K102: a | L102: L | M102: R | N102: H | O102: D T | P102: Ze
J103: Qs = | K103: 2 | L103: =(D98+E98)*2*G98 | M103: 0.9 | N103: 0.67 | O103: 23 | P103: 1.2 | Q103: =K103*L103*M103*N103*O103*P103
M104: TOPLAM ISI KAYBI = | Q104: =Q101+Q103
F106: 210 | I106: D8 SALON | K106: 20ºC
A107: DD | B107: K | D107: 3.7 | E107: 3 | F107: =IF(D107=0," ",D107*E107) | G107: 1 | H107: =F108*G108 | I107: =IF(F107=" "," ",F107*G107-H107) | J107: 0.479 | K107: 23 | L107: =IF(I107=" "," ",I107*J107*K107) | M107: 7 | N107: 0 | O107: 5 | P107: =IF(M107=" "," ",(1+(M107+N107+O107)/100)) | Q107: =IF(L107=" "," ",L107*P107)
A108: ÇP | B108: K | D108: 1.6 | E108: 2.2 | F108: =IF(D108=0," ",D108*E108) | G108: 1 | I108: =IF(F108=" "," ",F108*G108-H108) | J108: 2.4 | K108: 23 | L108: =IF(I108=" "," ",I108*J108*K108) | M108: 7 | N108: 0 | O108: 5 | P108: =IF(M108=" "," ",(1+(M108+N108+O108)/100)) | Q108: =IF(L108=" "," ",L108*P108)
A109: DD | B109: D | D109: 4.7 | E109: 3 | F109: =IF(D109=0," ",D109*E109) | G109: 1 | H109: =F110*G110 | I109: =IF(F109=" "," ",F109*G109-H109) | J109: 0.479 | K109: 23 | L109: =IF(I109=" "," ",I109*J109*K109) | M109: 7 | N109: 0 | O109: 0 | P109: =IF(M109=" "," ",(1+(M109+N109+O109)/100)) | Q109: =IF(L109=" "," ",L109*P109)
...

Sheet PETEK LİST
A1: ROTAŞ | C1: MAHAL VE YERDEN ISITMA BORU BOYU ÇİZELGESİ | H1: SAYFA | N1: 7
H3: TARİH | N3: 46310
A5: ODANIN | C5: RADYATÖRLERİN | H5: TEFERRUATIN
A6: NO | B6: ADI | C6: SICAKLIĞI | D6: ISI KAYBI Qh (W) | E6: BİRİM VERİMİ | F6: VERİMİ | G6: BORU UZUNLUĞU | H6: GRUP | I6: KONSOL | J6: KELEPÇE | K6: MUSLUK | N6: REKOR
K7: 1/2" | L7: 3/4" | M7: 1" | N7: 1/2" | O7: 3/4" | P7: 1"
C9: 0c | D9: W | E9: W/m | F9: W | G9: m
A10: Z01 | B10: D1 MUTFAK | C10: 20 | D10: ='ISI KAYBI ZEMİN KAT'!Q18 | E10: =ROUND(D10/G10,2) | F10: ='YERDEN ISITMA'!N10 | G10: 47.12 | H10: 1 | I10: ZEMİNDEN ISITMA
A11: Z02 | B11: D1 YATAK OD. | C11: 20 | D11: ='ISI KAYBI ZEMİN KAT'!Q30 | E11: =ROUND(D11/G11,2) | F11: ='YERDEN ISITMA'!N11 | G11: 96.28 | H11: 2 | I11: ZEMİNDEN ISITMA
A12: Z03 | B12: D1 YATAK OD. | C12: 20 | D12: ='ISI KAYBI ZEMİN KAT'!Q40 | E12: =ROUND(D12/G12,2) | F12: ='YERDEN ISITMA'!N12 | G12: 59.55 | H12: 1 | I12: ZEMİNDEN ISITMA
A13: Z04 | B13: D1 YATAK OD. | C13: 20 | D13: ='ISI KAYBI ZEMİN KAT'!Q50 | E13: =ROUND(D13/G13,2) | F13: ='YERDEN ISITMA'!N13 | G13: 59.68 | H13: 1 | I13: ZEMİNDEN ISITMA
A14: Z05 | B14: D1 SALON | C14: 20 | D14: ='ISI KAYBI ZEMİN KAT'!Q63 | E14: =ROUND(D14/G14,2) | F14: ='YERDEN ISITMA'!N14 | G14: 132.02 | H14: 2 | I14: ZEMİNDEN ISITMA
A15: Z06 | B15: D1 BANYO | C15: 24 | D15: ='ISI KAYBI ZEMİN KAT'!Q73 | E15: =ROUND(D15/G15,2) | F15: ='YERDEN ISITMA'!N15 | G15: 24.4 | H15: 1 | I15: ZEMİNDEN ISITMA
A16: Z07 | B16: D2 MUTFAK | C16: 20 | D16: ='ISI KAYBI ZEMİN KAT'!Q85 | E16: =ROUND(D16/G16,2) | F16: ='YERDEN ISITMA'!N16 | G16: 39.06 | H16: 1 | I16: ZEMİNDEN ISITMA
A17: Z08 | B17: D2 YATAK OD. | C17: 20 | D17: ='ISI KAYBI ZEMİN KAT'!Q95 | E17: =ROUND(D17/G17,2) | F17: ='YERDEN ISITMA'!N17 | G17: 96.65 | H17: 2 | I17: ZEMİNDEN ISITMA
A18: Z09 | B18: D2 YATAK OD. | C18: 20 | D18: ='ISI KAYBI ZEMİN KAT'!Q105 | E18: =ROUND(D18/G18,2) | F18: ='YERDEN ISITMA'!N18 | G18: 59.53 | H18: 1 | I18: ZEMİNDEN ISITMA
A19: Z10 | B19: D2 YATAK OD. | C19: 20 | D19: ='ISI KAYBI ZEMİN KAT'!Q115 | E19: =ROUND(D19/G19,2) | F19: ='YERDEN ISITMA'!N19 | G19: 59 | H19: 1 | I19: ZEMİNDEN ISITMA
A20: Z11 | B20: D2 SALON | C20: 20 | D20: ='ISI KAYBI ZEMİN KAT'!Q128 | E20: =ROUND(D20/G20,2) | F20: ='YERDEN ISITMA'!N20 | G20: 132.38 | H20: 2 | I20: ZEMİNDEN ISITMA
A21: Z12 | B21: D2 BANYO | C21: 24 | D21: ='ISI KAYBI ZEMİN KAT'!Q139 | E21: =ROUND(D21/G21,2) | F21: ='YERDEN ISITMA'!N21 | G21: 24.74 | H21: 1 | I21: ZEMİNDEN ISITMA
A22: Z13 | B22: D3 MUTFAK | C22: 20 | D22: ='ISI KAYBI ZEMİN KAT'!Q149 | E22: =ROUND(D22/G22,2) | F22: ='YERDEN ISITMA'!N22 | G22: 37.84 | H22: 1 | I22: ZEMİNDEN ISITMA
A23: Z14 | B23: D3 YATAK OD. | C23: 20 | D23: ='ISI KAYBI ZEMİN KAT'!Q160 | E23: =ROUND(D23/G23,2) | F23: ='YERDEN ISITMA'!N23 | G23: 92.24 | H23: 2 | I23: ZEMİNDEN ISITMA
A24: Z15 | B24: D3 YATAK OD. | C24: 20 | D24: ='ISI KAYBI ZEMİN KAT'!Q170 | E24: =ROUND(D24/G24,2) | F24: ='YERDEN ISITMA'!N24 | G24: 56.54 | H24: 1 | I24: ZEMİNDEN ISITMA
A25: Z16 | B25: D3 SALON | C25: 20 | D25: ='ISI KAYBI ZEMİN KAT'!Q184 | E25: =ROUND(D25/G25,2) | F25: ='YERDEN ISITMA'!N25 | G25: 135.48 | H25: 2 | I25: ZEMİNDEN ISITMA
A26: Z17 | B26: D3 ODA | C26: 20 | D26: ='ISI KAYBI ZEMİN KAT'!Q196 | E26: =ROUND(D26/G26,2) | F26: ='YERDEN ISITMA'!N26 | G26: 54.7 | H26: 1 | I26: ZEMİNDEN ISITMA
A27: Z18 | B27: D3 WC+BANYO | C27: 24 | D27: ='ISI KAYBI ZEMİN KAT'!Q206 | E27: =ROUND(D27/G27,2) | F27: ='YERDEN ISITMA'!N27 | G27: 22.41 | H27: 1 | I27: ZEMİNDEN ISITMA
B28: ZEMİN KAT | E28: TOPLAM = | F28: =SUM(F10:F27) | G28: watt
A29: 101 | B29: D4 MUTFAK | C29: 20 | D29: ='ISI KAYBI 1. KAT'!Q17 | E29: =ROUND(D29/G29,2) | F29: ='YERDEN ISITMA'!N29 | G29: 39.1 | H29: 1 | I29: ZEMİNDEN ISITMA
A30: 102 | B30: D4 YATAK OD. | C30: 20 | D30: ='ISI KAYBI 1. KAT'!Q26 | E30: =ROUND(D30/G30,2) | F30: ='YERDEN ISITMA'!N30 | G30: 96.65 | H30: 2 | I30: ZEMİNDEN ISITMA
A31: 103 | B31: D4 YATAK OD. | C31: 20 | D31: ='ISI KAYBI 1. KAT'!Q35 | E31: =ROUND(D31/G31,2) | F31: ='YERDEN ISITMA'!N31 | G31: 59.53 | H31: 1 | I31: ZEMİNDEN ISITMA
A32: 104 | B32: D4 YATAK OD. | C32: 20 | D32: ='ISI KAYBI 1. KAT'!Q44 | E32: =ROUND(D32/G32,2) | F32: ='YERDEN ISITMA'!N32 | G32: 59 | H32: 1 | I32: ZEMİNDEN ISITMA
A33: 105 | B33: D4 SALON | C33: 20 | D33: ='ISI KAYBI 1. KAT'!Q56 | E33: =ROUND(D33/G33,2) | F33: ='YERDEN ISITMA'!N33 | G33: 132 | H33: 2 | I33: ZEMİNDEN ISITMA
A34: 106 | B34: D4 BANYO | C34: 24 | D34: ='ISI KAYBI 1. KAT'!Q66 | E34: =ROUND(D34/G34,2) | F34: ='YERDEN ISITMA'!N34 | G34: 24.72 | H34: 1 | I34: ZEMİNDEN ISITMA
A35: 107 | B35: D5 MUTFAK | C35: 20 | D35: ='ISI KAYBI 1. KAT'!Q75 | E35: =ROUND(D35/G35,2) | F35: ='YERDEN ISITMA'!N35 | G35: 36.52 | H35: 1 | I35: ZEMİNDEN ISITMA
A36: 108 | B36: D5 YATAK OD. | C36: 20 | D36: ='ISI KAYBI 1. KAT'!Q85 | E36: =ROUND(D36/G36,2) | F36: ='YERDEN ISITMA'!N36 | G36: 92.92 | H36: 2 | I36: ZEMİNDEN ISITMA
A37: 109 | B37: D5 YATAK OD. | C37: 20 | D37: ='ISI KAYBI 1. KAT'!Q94 | E37: =ROUND(D37/G37,2) | F37: ='YERDEN ISITMA'!N37 | G37: 56.54 | H37: 1 | I37: ZEMİNDEN ISITMA
A38: 110 | B38: D5 SALON | C38: 20 | D38: ='ISI KAYBI 1. KAT'!Q106 | E38: =ROUND(D38/G38,2) | F38: ='YERDEN ISITMA'!N38 | G38: 135.24 | H38: 2 | I38: ZEMİNDEN ISITMA
A39: 111 | B39: D5 ODA | C39: 20 | D39: ='ISI KAYBI 1. KAT'!Q117 | E39: =ROUND(D39/G39,2) | F39: ='YERDEN ISITMA'!N39 | G39: 54.98 | H39: 1 | I39: ZEMİNDEN ISITMA
A40: 112 | B40: D5 WC-BANYO | C40: 24 | D40: ='ISI KAYBI 1. KAT'!Q126 | E40: =ROUND(D40/G40,2) | F40: ='YERDEN ISITMA'!N40 | G40: 22.42 | H40: 1 | I40: ZEMİNDEN ISITMA
A41: 113 | B41: D6 MUTFAK | C41: 20 | D41: ='ISI KAYBI 1. KAT'!Q137 | E41: =ROUND(D41/G41,2) | F41: ='YERDEN ISITMA'!N41 | G41: 47.23 | H41: 1 | I41: ZEMİNDEN ISITMA
A42: 114 | B42: D6 YATAK OD. | C42: 20 | D42: ='ISI KAYBI 1. KAT'!Q147 | E42: =ROUND(D42/G42,2) | F42: ='YERDEN ISITMA'!N42 | G42: 96.44 | H42: 2 | I42: ZEMİNDEN ISITMA
A43: 115 | B43: D6 YATAK OD. | C43: 20 | D43: ='ISI KAYBI 1. KAT'!Q156 | E43: =ROUND(D43/G43,2) | F43: ='YERDEN ISITMA'!N43 | G43: 59.71 | H43: 1 | I43: ZEMİNDEN ISITMA
A44: 116 | B44: D6 YATAK OD. | C44: 20 | D44: ='ISI KAYBI 1. KAT'!Q165 | E44: =ROUND(D44/G44,2) | F44: ='YERDEN ISITMA'!N44 | G44: 59.87 | H44: 1 | I44: ZEMİNDEN ISITMA
A45: 117 | B45: D6 SALON | C45: 20 | D45: ='ISI KAYBI 1. KAT'!Q177 | E45: =ROUND(D45/G45,2) | F45: ='YERDEN ISITMA'!N45 | G45: 132.18 | H45: 2 | I45: ZEMİNDEN ISITMA
A46: 118 | B46: D6 BANYO | C46: 24 | D46: ='ISI KAYBI 1. KAT'!Q186 | E46: =ROUND(D46/G46,2) | F46: ='YERDEN ISITMA'!N46 | G46: 20.89 | H46: 1 | I46: ZEMİNDEN ISITMA
B47: 1. KAT | E47: TOPLAM = | F47: =SUM(F29:F46) | G47: watt
A48: 201 | B48: D7 MUTFAK | C48: 20 | D48: ='ISI KAYBI 2. KAT'!Q18 | E48: =ROUND(D48/G48,2) | F48: ='YERDEN ISITMA'!N48 | G48: 50.3 | H48: 1 | I48: ZEMİNDEN ISITMA
A49: 202 | B49: D7 YATAK OD. | C49: 20 | D49: ='ISI KAYBI 2. KAT'!Q28 | E49: =ROUND(D49/G49,2) | F49: ='YERDEN ISITMA'!N49 | G49: 96.67 | H49: 2 | I49: ZEMİNDEN ISITMA
A50: 203 | B50: D7 YATAK OD. | C50: 20 | D50: ='ISI KAYBI 2. KAT'!Q38 | E50: =ROUND(D50/G50,2) | F50: ='YERDEN ISITMA'!N50 | G50: 59.65 | H50: 1 | I50: ZEMİNDEN ISITMA
A51: 204 | B51: D7 YATAK OD. | C51: 20 | D51: ='ISI KAYBI 2. KAT'!Q48 | E51: =ROUND(D51/G51,2) | F51: ='YERDEN ISITMA'!N51 | G51: 59.31 | H51: 1 | I51: ZEMİNDEN ISITMA
A52: 205 | B52: D7 SALON | C52: 20 | D52: ='ISI KAYBI 2. KAT'!Q61 | E52: =ROUND(D52/G52,2) | F52: ='YERDEN ISITMA'!N52 | G52: 131.76 | H52: 2 | I52: ZEMİNDEN ISITMA
A53: 206 | B53: D7 BANYO | C53: 24 | D53: ='ISI KAYBI 2. KAT'!Q72 | E53: =ROUND(D53/G53,2) | F53: ='YERDEN ISITMA'!N53 | G53: 25.65 | H53: 1 | I53: ZEMİNDEN ISITMA
A54: 207 | B54: D8 MUTFAK | C54: 20 | D54: ='ISI KAYBI 2. KAT'!Q83 | E54: =ROUND(D54/G54,2) | F54: ='YERDEN ISITMA'!N54 | G54: 36 | H54: 1 | I54: ZEMİNDEN ISITMA
A55: 208 | B55: D8 YATAK OD. | C55: 20 | D55: ='ISI KAYBI 2. KAT'!Q94 | E55: =ROUND(D55/G55,2) | F55: ='YERDEN ISITMA'!N55 | G55: 92.77 | H55: 2 | I55: ZEMİNDEN ISITMA
A56: 209 | B56: D8 YATAK OD. | C56: 20 | D56: ='ISI KAYBI 2. KAT'!Q104 | E56: =ROUND(D56/G56,2) | F56: ='YERDEN ISITMA'!N56 | G56: 56.44 | H56: 1 | I56: ZEMİNDEN ISITMA
A57: 210 | B57: D8 SALON | C57: 20 | D57: ='ISI KAYBI 2. KAT'!Q117 | E57: =ROUND(D57/G57,2) | F57: ='YERDEN ISITMA'!N57 | G57: 135.1 | H57: 2 | I57: ZEMİNDEN ISITMA
A58: 211 | B58: D8 ODA | C58: 20 | D58: ='ISI KAYBI 2. KAT'!Q129 | E58: =ROUND(D58/G58,2) | F58: ='YERDEN ISITMA'!N58 | G58: 54.86 | H58: 1 | I58: ZEMİNDEN ISITMA
A59: 212 | B59: D8 WC-BANYO | C59: 24 | D59: ='ISI KAYBI 2. KAT'!Q139 | E59: =ROUND(D59/G59,2) | F59: ='YERDEN ISITMA'!N59 | G59: 22.27 | H59: 1 | I59: ZEMİNDEN ISITMA
A60: 213 | B60: D9 MUTFAK | C60: 20 | D60: ='ISI KAYBI 2. KAT'!Q151 | E60: =ROUND(D60/G60,2) | F60: ='YERDEN ISITMA'!N60 | G60: 47.43 | H60: 1 | I60: ZEMİNDEN ISITMA
A61: 214 | B61: D9 YATAK OD. | C61: 20 | D61: ='ISI KAYBI 2. KAT'!Q162 | E61: =ROUND(D61/G61,2) | F61: ='YERDEN ISITMA'!N61 | G61: 96.29 | H61: 2 | I61: ZEMİNDEN ISITMA
A62: 215 | B62: D9 YATAK OD. | C62: 20 | D62: ='ISI KAYBI 2. KAT'!Q172 | E62: =ROUND(D62/G62,2) | F62: ='YERDEN ISITMA'!N62 | G62: 59.85 | H62: 1 | I62: ZEMİNDEN ISITMA
A63: 216 | B63: D9 YATAK OD. | C63: 20 | D63: ='ISI KAYBI 2. KAT'!Q182 | E63: =ROUND(D63/G63,2) | F63: ='YERDEN ISITMA'!N63 | G63: 59.68 | H63: 1 | I63: ZEMİNDEN ISITMA
A64: 217 | B64: D9 SALON | C64: 20 | D64: ='ISI KAYBI 2. KAT'!Q195 | E64: =ROUND(D64/G64,2) | F64: ='YERDEN ISITMA'!N64 | G64: 131.54 | H64: 2 | I64: ZEMİNDEN ISITMA
A65: 218 | B65: D9 BANYO | C65: 24 | D65: ='ISI KAYBI 2. KAT'!Q205 | E65: =ROUND(D65/G65,2) | F65: ='YERDEN ISITMA'!N65 | G65: 25.83 | H65: 1 | I65: ZEMİNDEN ISITMA
B66: 2. KAT | E66: TOPLAM = | F66: =SUM(F48:F65) | G66: watt

Sheet YERDEN ISITMA
A1: ROTAŞ | C1: ZEMİNDEN ISITMA MODÜLASYON HESABI | H1: SAYFA | L1: 8
H3: TARİH | L3: =kapak!G41
A5: PROJE ADI : | H5: =kapak!C31
A6: HESAPLARI YAPAN MAKİNA MÜHENDİSİ : | H6: CAN ÖZKAYA
A8: MAHAL NO | B8: MAHAL ADI | C8: MAHAL SICAKLIĞI | D8: Mahal ısı ihtiyacı Q (ısı kaybı hesabından) | E8: MAHAL ALANI A | F8: 1 m2 ' DEKİ TOPLAM ISI YÜKÜ Q/A | G8: MODÜL | H8: m2 | I8: STANDART MODÜL | J8: BORU BOYU | K8: KOLLEKTÖR ADETİ | L8: TOPLAM OLMASI GEREKEN KOLLEKTÖR ADETİ | M8: BİRİM VERİM | N8: TOPLAM VERİM
C9: C0 | D9: watt/h | E9: m2 | F9: watt/m2h | G9: watt/m2h | H9: m2 | J9: m | K9: Ad. | L9: Ad. | M9: W/m | N9: Watt
A10: ='PETEK LİST'!A10 | B10: ='PETEK LİST'!B10 | C10: ='PETEK LİST'!C10 | D10: ='PETEK LİST'!D10 | E10: 11.07 | F10: =D10/E10 | G10: =76.263-0.539*F10 | H10: =D10/G10 | I10: 15 | J10: ='PETEK LİST'!G10 | K10: =J10/80 | L10: =CEILING(K10,1) | M10: ='PETEK LİST'!E10 | N10: =J10*M10
A11: ='PETEK LİST'!A11 | B11: ='PETEK LİST'!B11 | C11: ='PETEK LİST'!C11 | D11: ='PETEK LİST'!D11 | E11: 14.25 | F11: =D11/E11 | G11: =76.263-0.539*F11 | H11: =D11/G11 | I11: 15 | J11: ='PETEK LİST'!G11 | K11: =J11/80 | L11: =CEILING(K11,1) | M11: ='PETEK LİST'!E11 | N11: =J11*M11
A12: ='PETEK LİST'!A12 | B12: ='PETEK LİST'!B12 | C12: ='PETEK LİST'!C12 | D12: ='PETEK LİST'!D12 | E12: 9.31 | F12: =D12/E12 | G12: =76.263-0.539*F12 | H12: =D12/G12 | I12: 15 | J12: ='PETEK LİST'!G12 | K12: =J12/80 | L12: =CEILING(K12,1) | M12: ='PETEK LİST'!E12 | N12: =J12*M12
A13: ='PETEK LİST'!A13 | B13: ='PETEK LİST'!B13 | C13: ='PETEK LİST'!C13 | D13: ='PETEK LİST'!D13 | E13: 9.31 | F13: =D13/E13 | G13: =76.263-0.539*F13 | H13: =D13/G13 | I13: 15 | J13: ='PETEK LİST'!G13 | K13: =J13/80 | L13: =CEILING(K13,1) | M13: ='PETEK LİST'!E13 | N13: =J13*M13
A14: ='PETEK LİST'!A14 | B14: ='PETEK LİST'!B14 | C14: ='PETEK LİST'!C14 | D14: ='PETEK LİST'!D14 | E14: 21.18 | F14: =D14/E14 | G14: =76.263-0.539*F14 | H14: =D14/G14 | I14: 15 | J14: ='PETEK LİST'!G14 | K14: =J14/80 | L14: =CEILING(K14,1) | M14: ='PETEK LİST'!E14 | N14: =J14*M14
A15: ='PETEK LİST'!A15 | B15: ='PETEK LİST'!B15 | C15: ='PETEK LİST'!C15 | D15: ='PETEK LİST'!D15 | E15: 5.36 | F15: =D15/E15 | G15: =76.263-0.539*F15 | H15: =D15/G15 | I15: 15 | J15: ='PETEK LİST'!G15 | K15: =J15/80 | L15: =CEILING(K15,1) | M15: ='PETEK LİST'!E15 | N15: =J15*M15
A16: ='PETEK LİST'!A16 | B16: ='PETEK LİST'!B16 | C16: ='PETEK LİST'!C16 | D16: ='PETEK LİST'!D16 | E16: 11.07 | F16: =D16/E16 | G16: =76.263-0.539*F16 | H16: =D16/G16 | I16: 15 | J16: ='PETEK LİST'!G16 | K16: =J16/80 | L16: =CEILING(K16,1) | M16: ='PETEK LİST'!E16 | N16: =J16*M16
A17: ='PETEK LİST'!A17 | B17: ='PETEK LİST'!B17 | C17: ='PETEK LİST'!C17 | D17: ='PETEK LİST'!D17 | E17: 14.25 | F17: =D17/E17 | G17: =76.263-0.539*F17 | H17: =D17/G17 | I17: 15 | J17: ='PETEK LİST'!G17 | K17: =J17/80 | L17: =CEILING(K17,1) | M17: ='PETEK LİST'!E17 | N17: =J17*M17
A18: ='PETEK LİST'!A18 | B18: ='PETEK LİST'!B18 | C18: ='PETEK LİST'!C18 | D18: ='PETEK LİST'!D18 | E18: 9.31 | F18: =D18/E18 | G18: =76.263-0.539*F18 | H18: =D18/G18 | I18: 15 | J18: ='PETEK LİST'!G18 | K18: =J18/80 | L18: =CEILING(K18,1) | M18: ='PETEK LİST'!E18 | N18: =J18*M18
A19: ='PETEK LİST'!A19 | B19: ='PETEK LİST'!B19 | C19: ='PETEK LİST'!C19 | D19: ='PETEK LİST'!D19 | E19: 9.31 | F19: =D19/E19 | G19: =76.263-0.539*F19 | H19: =D19/G19 | I19: 15 | J19: ='PETEK LİST'!G19 | K19: =J19/80 | L19: =CEILING(K19,1) | M19: ='PETEK LİST'!E19 | N19: =J19*M19
A20: ='PETEK LİST'!A20 | B20: ='PETEK LİST'!B20 | C20: ='PETEK LİST'!C20 | D20: ='PETEK LİST'!D20 | E20: 21.18 | F20: =D20/E20 | G20: =76.263-0.539*F20 | H20: =D20/G20 | I20: 15 | J20: ='PETEK LİST'!G20 | K20: =J20/80 | L20: =CEILING(K20,1) | M20: ='PETEK LİST'!E20 | N20: =J20*M20
A21: ='PETEK LİST'!A21 | B21: ='PETEK LİST'!B21 | C21: ='PETEK LİST'!C21 | D21: ='PETEK LİST'!D21 | E21: 5.36 | F21: =D21/E21 | G21: =76.263-0.539*F21 | H21: =D21/G21 | I21: 15 | J21: ='PETEK LİST'!G21 | K21: =J21/80 | L21: =CEILING(K21,1) | M21: ='PETEK LİST'!E21 | N21: =J21*M21
... A65: ='PETEK LİST'!A65 | B65: ='PETEK LİST'!B65 | C65: ='PETEK LİST'!C65 | D65: ='PETEK LİST'!D65 | E65: 5.04 | F65: =D65/E65 | G65: =76.263-0.539*F65 | H65: =D65/G65 | I65: 15 | J65: ='PETEK LİST'!G65 | K65: =J65/80 | L65: =CEILING(K65,1) | M65: ='PETEK LİST'!E65 | N65: =J65*M65

Sheet MMO YERDEN ISITMA
A1: YERDEN ISITMA HESABI
A2: ZEMİN KAT | C2: DÖŞEMEDEN ISITMA HESAP ÖZETİ | D2: Ts.g = 45 °C | E2: TOPLAM ISI = 12030 W
D3: Isıtma Çevrim Sayısı : 24 | E3: MAX. BASINÇ KAYBI = 3322 Pa
D5: Mak. Müh. CAN ÖZKAYA
F7: 1 | G7: 6 | H7: 7 | I7: 5 | J7: 4 | K7: 3 | L7: 2 | M7: 8 | N7: 16 | O7: 11 | P7: 10 | Q7: 12 | R7: 13 | S7: 14 | T7: 15 | U7: 9 | V7: 24 | W7: 19 | X7: 18 | Y7: 17 | Z7: 22 | AA7: 23 | AB7: 20 | AC7: 21
F8: Z01 | G8: Z02 | H8: Z02 | I8: Z03 | J8: Z04 | K8: Z05 | L8: Z05 | M8: Z06 | N8: Z07 | O8: Z08 | P8: Z08 | Q8: Z09 | R8: Z10 | S8: Z11 | T8: Z11 | U8: Z12 | V8: Z13 | W8: Z14 | X8: Z14 | Y8: Z15 | Z8: Z16 | AA8: Z16 | AB8: Z17 | AC8: Z18
F9: D1 mutfak | G9: D1 yatak od. | H9: D1 yatak od. | I9: D1 yatak od. | J9: D1 yatak od. | K9: D1 salon | L9: D1 salon | M9: D1 banyo | N9: D2 mutfak | O9: D2 yatak od. | P9: D2 yatak od. | Q9: D2 yatak od. | R9: D2 yatak od. | S9: D2 salon | T9: D2 salon | U9: D2 banyo | V9: D3 mutfak | W9: D3 yatak od. | X9: D3 yatak od. | Y9: D3 yatak od. | Z9: D3 salon | AA9: D3 salon | AB9: D3 oda | AC9: D3 wc+banyo
F10: 20 | G10: 20 | H10: 20 | I10: 20 | J10: 20 | K10: 20 | L10: 20 | M10: 24 | N10: 20 | O10: 20 | P10: 20 | Q10: 20 | R10: 20 | S10: 20 | T10: 20 | U10: 24 | V10: 20 | W10: 20 | X10: 20 | Y10: 20 | Z10: 20 | AA10: 20 | AB10: 20 | AC10: 24
F11: 6 | G11: 6 | H11: 6 | I11: 6 | J11: 6 | K11: 6 | L11: 6 | M11: 6 | N11: 6 | O11: 6 | P11: 6 | Q11: 6 | R11: 6 | S11: 6 | T11: 6 | U11: 6 | V11: 6 | W11: 6 | X11: 6 | Y11: 6 | Z11: 6 | AA11: 6 | AB11: 6 | AC11: 6
A12: 6 | F12: 6.92 | G12: 6.47 | H12: 6.97 | I12: 8.78 | J12: 8.84 | K12: 9.86 | L12: 10.24 | M12: 3.54 | N12: 5.75 | O12: 6.37 | P12: 6.96 | Q12: 8.76 | R12: 8.83 | S12: 9.92 | T12: 10.25 | U12: 3.6 | V12: 5.66 | W12: 6.79 | X12: 7.36 | Y12: 8.64 | Z12: 11.07 | AA12: 9.7 | AB12: 7.31 | AC12: 2.41
C13: DEVRE ISIL GÜCÜ | D13: Mahal ısı kaybı × devre boyu / mahal boru boyu | F13: 628.9 | G13: 355.9 | H13: 383.9 | I13: 582.1 | J13: 576.2 | K13: 615.4 | L13: 639.2 | M13: 199.6 | N13: 626 | O13: 294 | P13: 321.5 | Q13: 583.4 | R13: 571.7 | S13: 617.6 | T13: 637.9 | U13: 226.2 | V13: 588.3 | W13: 369.7 | X13: 401.3 | Y13: 597.2 | Z13: 735 | AA13: 644 | AB13: 701.9 | AC13: 132.9
F14: =F13/F12 | G14: =G13/G12 | H14: =H13/H12 | I14: =I13/I12 | J14: =J13/J12 | K14: =K13/K12 | L14: =L13/L12 | M14: =M13/M12 | ... AC14: =AC13/AC12
F15: 0.012 | G15: 0.012 | H15: 0.012 | I15: 0.012 | J15: 0.012 | K15: 0.012 | L15: 0.012 | M15: 0.012 | N15: 0.012 | O15: 0.012 | P15: 0.012 | Q15: 0.012 | R15: 0.012 | S15: 0.012 | T15: 0.012 | U15: 0.012 | V15: 0.012 | W15: 0.012 | X15: 0.012 | Y15: 0.012 | Z15: 0.012 | AA15: 0.012 | AB15: 0.012 | AC15: 0.012
F16: 1 | G16: 1 | H16: 1 | I16: 1 | J16: 1 | K16: 1 | L16: 1 | M16: 1 | N16: 1 | O16: 1 | P16: 1 | Q16: 1 | R16: 1 | S16: 1 | T16: 1 | U16: 1 | V16: 1 | W16: 1 | X16: 1 | Y16: 1 | Z16: 1 | AA16: 1 | AB16: 1 | AC16: 1
F17: =F12 | G17: =G12 | H17: =H12 | I17: =I12 | J17: =J12 | K17: =K12 | L17: =L12 | M17: =M12 | ... AC17: =AC12
F18: =F13/F17 | G18: =G13/G17 | H18: =H13/H17 | I18: =I13/I17 | J18: =J13/J17 | K18: =K13/K17 | L18: =L13/L17 | M18: =M13/M17 | ... AC18: =AC13/AC17
F19: =F10+(F14/8.92)^0.91 | G19: =G10+(G14/8.92)^0.91 | H19: =H10+(H14/8.92)^0.91 | I19: =I10+(I14/8.92)^0.91 | J19: =J10+(J14/8.92)^0.91 | K19: =K10+(K14/8.92)^0.91 | L19: =L10+(L14/8.92)^0.91 | M19: =M10+(M14/8.92)^0.91 | ... AC19: =AC10+(AC14/8.92)^0.91
F20: 45 | G20: 45 | H20: 45 | I20: 45 | J20: 45 | K20: 45 | L20: 45 | M20: 45 | N20: 45 | O20: 45 | P20: 45 | Q20: 45 | R20: 45 | S20: 45 | T20: 45 | U20: 45 | V20: 45 | W20: 45 | X20: 45 | Y20: 45 | Z20: 45 | AA20: 45 | AB20: 45 | AC20: 45
F21: =F20-F10 | G21: =G20-G10 | H21: =H20-H10 | I21: =I20-I10 | J21: =J20-J10 | K21: =K20-K10 | L21: =L20-L10 | M21: =M20-M10 | ... AC21: =AC20-AC10
F22: 15 | G22: 15 | H22: 15 | I22: 15 | J22: 15 | K22: 15 | L22: 15 | M22: 15 | N22: 15 | O22: 15 | P22: 15 | Q22: 15 | R22: 15 | S22: 15 | T22: 15 | U22: 15 | V22: 15 | W22: 15 | X22: 15 | Y22: 15 | Z22: 15 | AA22: 15 | AB22: 15 | AC22: 15
F23: 40 | G23: 40 | H23: 40 | I23: 40 | J23: 40 | K23: 40 | L23: 40 | M23: 40 | N23: 40 | O23: 40 | P23: 40 | Q23: 40 | R23: 40 | S23: 40 | T23: 40 | U23: 40 | V23: 40 | W23: 40 | X23: 40 | Y23: 40 | Z23: 40 | AA23: 40 | AB23: 40 | AC23: 40
F24: =F23-F10 | G24: =G23-G10 | H24: =H23-H10 | I24: =I23-I10 | J24: =J23-J10 | K24: =K23-K10 | L24: =L23-L10 | M24: =M23-M10 | ... AC24: =AC23-AC10
F25: =2*(F21-F24) | G25: =2*(G21-G24) | H25: =2*(H21-H24) | I25: =2*(I21-I24) | J25: =2*(J21-J24) | K25: =2*(K21-K24) | L25: =2*(L21-L24) | M25: =2*(M21-M24) | ... AC25: =2*(AC21-AC24)
F26: =0.2*F14 | G26: =0.2*G14 | H26: =0.2*H14 | I26: =0.2*I14 | J26: =0.2*J14 | K26: =0.2*K14 | L26: =0.2*L14 | M26: =0.2*M14 | ... AC26: =0.2*AC14
F27: =F17*(F14+F26) | G27: =G17*(G14+G26) | H27: =H17*(H14+H26) | I27: =I17*(I14+I26) | J27: =J17*(J14+J26) | K27: =K17*(K14+K26) | L27: =L17*(L14+L26) | M27: =M17*(M14+M26) | ... AC27: =AC17*(AC14+AC26)
F28: =F27/(1.163*F25) | G28: =G27/(1.163*G25) | H28: =H27/(1.163*H25) | I28: =I27/(1.163*I25) | J28: =J27/(1.163*J25) | K28: =K27/(1.163*K25) | L28: =L27/(1.163*L25) | M28: =M27/(1.163*M25) | ... AC28: =AC27/(1.163*AC25)
F29: =F17/(F22*0.01) | G29: =G17/(G22*0.01) | H29: =H17/(H22*0.01) | I29: =I17/(I22*0.01) | J29: =J17/(J22*0.01) | K29: =K17/(K22*0.01) | L29: =L17/(L22*0.01) | M29: =M17/(M22*0.01) | ... AC29: =AC17/(AC22*0.01)
C30: BAĞLANTI BORULARI | D30: Kollektör ayakları devre boyuna dahildir | F30: 0 | G30: 0 | H30: 0 | I30: 0 | J30: 0 | K30: 0 | L30: 0 | M30: 0 | N30: 0 | O30: 0 | P30: 0 | Q30: 0 | R30: 0 | S30: 0 | T30: 0 | U30: 0 | V30: 0 | W30: 0 | X30: 0 | Y30: 0 | Z30: 0 | AA30: 0 | AB30: 0 | AC30: 0
F31: =F29+F30 | G31: =G29+G30 | H31: =H29+H30 | I31: =I29+I30 | J31: =J29+J30 | K31: =K29+K30 | L31: =L29+L30 | M31: =M29+M30 | ... AC31: =AC29+AC30
C32: DÜZ BORU BASINÇ KAYBI (5) | D32: R.L (PEX 16x2,0, çizimden ölçülen L) | F32: 1571 | G32: 509 | H32: 592 | I32: 1070 | J32: 1062 | K32: 2079 | L32: 2308 | M32: 150 | N32: 1292 | O32: 419 | P32: 501 | Q32: 1072 | R32: 1042 | S32: 2104 | T32: 2300 | U32: 173 | V32: 687 | W32: 505 | X32: 595 | Y32: 1722 | Z32: 3163 | AA32: 2199 | AB32: 2211 | AC32: 92
F33: =F32*0.05 | G33: =G32*0.05 | H33: =H32*0.05 | I33: =I32*0.05 | J33: =J32*0.05 | K33: =K32*0.05 | L33: =L32*0.05 | M33: =M32*0.05 | ... AC33: =AC32*0.05
F34: =F32+F33 | G34: =G32+G33 | H34: =H32+H33 | I34: =I32+I33 | J34: =J32+J33 | K34: =K32+K33 | L34: =L32+L33 | M34: =M32+M33 | ... AC34: =AC32+AC33
F35: =MAX(F34:AC34)-F34 | G35: =MAX(F34:AC34)-G34 | H35: =MAX(F34:AC34)-H34 | I35: =MAX(F34:AC34)-I34 | J35: =MAX(F34:AC34)-J34 | K35: =MAX(F34:AC34)-K34 | L35: =MAX(F34:AC34)-L34 | M35: =MAX(F34:AC34)-M34 | N35: =MAX(F34:AC34)-N34 | O35: =MAX(F34:AC34)-O34 | P35: =MAX(F34:AC34)-P34 | Q35: =MAX(F34:AC34)-Q34 | R35: =MAX(F34:AC34)-R34 | S35: =MAX(F34:AC34)-S34 | T35: =MAX(F34:AC34)-T34 | U35: =MAX(F34:AC34)-U34 | V35: =MAX(F34:AC34)-V34 | W35: =MAX(F34:AC34)-W34 | X35: =MAX(F34:AC34)-X34 | Y35: =MAX(F34:AC34)-Y34 | Z35: =MAX(F34:AC34)-Z34 | AA35: =MAX(F34:AC34)-AA34 | AB35: =MAX(F34:AC34)-AB34 | AC35: =MAX(F34:AC34)-AC34
D36: Δpmax = 9828 Pa
A40: (1) | B40: Şek. 19.7.1 den seçilmiştir.
A41: (2) | B41: Kombi gidiş suyu sıcaklığı 45 °C, dönüş 35 °C seçilmiştir.
A42: (3) | B42: Ortalama su sıcaklığı 40 °C alınmıştır.
A43: (4) | B43: Alta geçen ısı 0,2 q" olarak alınmıştır. qh = mahal ısı kaybı (ISI KAYBI sayfaları) devrelere boru boyu oranında dağıtılmıştır (plan etiketi ve kolon şeması ile aynı).
A44: (5) | B44: R (Pa/m): PEX 16x2,0 (iç çap 12 mm), 40 °C su, Blasius / laminer bağıntısı; L = çizimdeki devre boyu.
A45: (6) | B45: kollektörden sonraki özel basınç kayıpları, düz boru kayıpları yanında çok küçük olduğundan düz boru basınç kaybının % 5 i kabul edilmiştir.
A46: (7) | B46: Isıtma devrelerinin basıncı kollektördeki debimetreli reglaj vanası ile ayarlanmalıdır.

Sheet YERDEN ISITMA- DEVAMI
A1: YERDEN ISITMA HESABI
A2: 1. KAT | C2: DÖŞEMEDEN ISITMA HESAP ÖZETİ | D2: Ts.g = 45 °C | E2: TOPLAM ISI = 11099 W
D3: Isıtma Çevrim Sayısı : 24 | E3: MAX. BASINÇ KAYBI = 2896 Pa
D5: Mak. Müh. CAN ÖZKAYA
F7: 8 | G7: 3 | H7: 2 | I7: 4 | J7: 5 | K7: 6 | L7: 7 | M7: 1 | N7: 16 | O7: 11 | P7: 10 | Q7: 9 | R7: 14 | S7: 15 | T7: 12 | U7: 13 | V7: 17 | W7: 22 | X7: 23 | Y7: 21 | Z7: 20 | AA7: 19 | AB7: 18 | AC7: 24
F8: 101 | G8: 102 | H8: 102 | I8: 103 | J8: 104 | K8: 105 | L8: 105 | M8: 106 | N8: 107 | O8: 108 | P8: 108 | Q8: 109 | R8: 110 | S8: 110 | T8: 111 | U8: 112 | V8: 113 | W8: 114 | X8: 114 | Y8: 115 | Z8: 116 | AA8: 117 | AB8: 117 | AC8: 118
F9: D4 mutfak | G9: D4 yatak od. | H9: D4 yatak od. | I9: D4 yatak od. | J9: D4 yatak od. | K9: D4 salon | L9: D4 salon | M9: D4 banyo | N9: D5 mutfak | O9: D5 yatak od. | P9: D5 yatak od. | Q9: D5 yatak od. | R9: D5 salon | S9: D5 salon | T9: D5 oda | U9: D5 wc-banyo | V9: D6 mutfak | W9: D6 yatak od. | X9: D6 yatak od. | Y9: D6 yatak od. | Z9: D6 yatak od. | AA9: D6 salon | AB9: D6 salon | AC9: D6 banyo
F10: 20 | G10: 20 | H10: 20 | I10: 20 | J10: 20 | K10: 20 | L10: 20 | M10: 24 | N10: 20 | O10: 20 | P10: 20 | Q10: 20 | R10: 20 | S10: 20 | T10: 20 | U10: 24 | V10: 20 | W10: 20 | X10: 20 | Y10: 20 | Z10: 20 | AA10: 20 | AB10: 20 | AC10: 24
F11: 20 | G11: 20 | H11: 20 | I11: 20 | J11: 20 | K11: 20 | L11: 20 | M11: 20 | N11: 20 | O11: 20 | P11: 20 | Q11: 20 | R11: 20 | S11: 20 | T11: 20 | U11: 20 | V11: 20 | W11: 20 | X11: 20 | Y11: 20 | Z11: 20 | AA11: 20 | AB11: 20 | AC11: 20
A12: 6 | F12: 5.76 | G12: 6.37 | H12: 6.96 | I12: 8.78 | J12: 8.83 | K12: 9.88 | L12: 10.25 | M12: 3.59 | N12: 5.54 | O12: 6.79 | P12: 7.35 | Q12: 8.64 | R12: 9.88 | S12: 10.87 | T12: 7.29 | U12: 2.41 | V12: 6.9 | W12: 6.49 | X12: 6.98 | Y12: 8.8 | Z12: 8.88 | AA12: 9.88 | AB12: 10.26 | AC12: 2.93
C13: DEVRE ISIL GÜCÜ | D13: Mahal ısı kaybı × devre boyu / mahal boru boyu | F13: 571.7 | G13: 267.7 | H13: 292.8 | I13: 547.6 | J13: 535.8 | K13: 548.3 | L13: 568.7 | M13: 200.8 | N13: 539.7 | O13: 326 | P13: 352.7 | Q13: 561.9 | R13: 623.9 | S13: 686.9 | T13: 671.8 | U13: 114 | V13: 578.8 | W13: 348.5 | X13: 375.2 | Y13: 546.2 | Z13: 539.8 | AA13: 546.9 | AB13: 568 | AC13: 185.7
F14: =F13/F12 | G14: =G13/G12 | H14: =H13/H12 | I14: =I13/I12 | J14: =J13/J12 | K14: =K13/K12 | L14: =L13/L12 | M14: =M13/M12 | ... AC14: =AC13/AC12
F15: 0.012 | G15: 0.012 | H15: 0.012 | I15: 0.012 | J15: 0.012 | K15: 0.012 | L15: 0.012 | M15: 0.012 | N15: 0.012 | O15: 0.012 | P15: 0.012 | Q15: 0.012 | R15: 0.012 | S15: 0.012 | T15: 0.012 | U15: 0.012 | V15: 0.012 | W15: 0.012 | X15: 0.012 | Y15: 0.012 | Z15: 0.012 | AA15: 0.012 | AB15: 0.012 | AC15: 0.012
F16: 1 | G16: 1 | H16: 1 | I16: 1 | J16: 1 | K16: 1 | L16: 1 | M16: 1 | N16: 1 | O16: 1 | P16: 1 | Q16: 1 | R16: 1 | S16: 1 | T16: 1 | U16: 1 | V16: 1 | W16: 1 | X16: 1 | Y16: 1 | Z16: 1 | AA16: 1 | AB16: 1 | AC16: 1
F17: =F12 | G17: =G12 | H17: =H12 | I17: =I12 | J17: =J12 | K17: =K12 | L17: =L12 | M17: =M12 | ... AC17: =AC12
F18: =F13/F17 | G18: =G13/G17 | H18: =H13/H17 | I18: =I13/I17 | J18: =J13/J17 | K18: =K13/K17 | L18: =L13/L17 | M18: =M13/M17 | ... AC18: =AC13/AC17
F19: =F10+(F14/8.92)^0.91 | G19: =G10+(G14/8.92)^0.91 | H19: =H10+(H14/8.92)^0.91 | I19: =I10+(I14/8.92)^0.91 | J19: =J10+(J14/8.92)^0.91 | K19: =K10+(K14/8.92)^0.91 | L19: =L10+(L14/8.92)^0.91 | M19: =M10+(M14/8.92)^0.91 | ... AC19: =AC10+(AC14/8.92)^0.91
F20: 45 | G20: 45 | H20: 45 | I20: 45 | J20: 45 | K20: 45 | L20: 45 | M20: 45 | N20: 45 | O20: 45 | P20: 45 | Q20: 45 | R20: 45 | S20: 45 | T20: 45 | U20: 45 | V20: 45 | W20: 45 | X20: 45 | Y20: 45 | Z20: 45 | AA20: 45 | AB20: 45 | AC20: 45
F21: =F20-F10 | G21: =G20-G10 | H21: =H20-H10 | I21: =I20-I10 | J21: =J20-J10 | K21: =K20-K10 | L21: =L20-L10 | M21: =M20-M10 | ... AC21: =AC20-AC10
F22: 15 | G22: 15 | H22: 15 | I22: 15 | J22: 15 | K22: 15 | L22: 15 | M22: 15 | N22: 15 | O22: 15 | P22: 15 | Q22: 15 | R22: 15 | S22: 15 | T22: 15 | U22: 15 | V22: 15 | W22: 15 | X22: 15 | Y22: 15 | Z22: 15 | AA22: 15 | AB22: 15 | AC22: 15
F23: 40 | G23: 40 | H23: 40 | I23: 40 | J23: 40 | K23: 40 | L23: 40 | M23: 40 | N23: 40 | O23: 40 | P23: 40 | Q23: 40 | R23: 40 | S23: 40 | T23: 40 | U23: 40 | V23: 40 | W23: 40 | X23: 40 | Y23: 40 | Z23: 40 | AA23: 40 | AB23: 40 | AC23: 40
F24: =F23-F10 | G24: =G23-G10 | H24: =H23-H10 | I24: =I23-I10 | J24: =J23-J10 | K24: =K23-K10 | L24: =L23-L10 | M24: =M23-M10 | ... AC24: =AC23-AC10
F25: =2*(F21-F24) | G25: =2*(G21-G24) | H25: =2*(H21-H24) | I25: =2*(I21-I24) | J25: =2*(J21-J24) | K25: =2*(K21-K24) | L25: =2*(L21-L24) | M25: =2*(M21-M24) | ... AC25: =2*(AC21-AC24)
F26: =0.2*F14 | G26: =0.2*G14 | H26: =0.2*H14 | I26: =0.2*I14 | J26: =0.2*J14 | K26: =0.2*K14 | L26: =0.2*L14 | M26: =0.2*M14 | ... AC26: =0.2*AC14
F27: =F17*(F14+F26) | G27: =G17*(G14+G26) | H27: =H17*(H14+H26) | I27: =I17*(I14+I26) | J27: =J17*(J14+J26) | K27: =K17*(K14+K26) | L27: =L17*(L14+L26) | M27: =M17*(M14+M26) | ... AC27: =AC17*(AC14+AC26)
F28: =F27/(1.163*F25) | G28: =G27/(1.163*G25) | H28: =H27/(1.163*H25) | I28: =I27/(1.163*I25) | J28: =J27/(1.163*J25) | K28: =K27/(1.163*K25) | L28: =L27/(1.163*L25) | M28: =M27/(1.163*M25) | ... AC28: =AC27/(1.163*AC25)
F29: =F17/(F22*0.01) | G29: =G17/(G22*0.01) | H29: =H17/(H22*0.01) | I29: =I17/(I22*0.01) | J29: =J17/(J22*0.01) | K29: =K17/(K22*0.01) | L29: =L17/(L22*0.01) | M29: =M17/(M22*0.01) | ... AC29: =AC17/(AC22*0.01)
C30: BAĞLANTI BORULARI | D30: Kollektör ayakları devre boyuna dahildir | F30: 0 | G30: 0 | H30: 0 | I30: 0 | J30: 0 | K30: 0 | L30: 0 | M30: 0 | N30: 0 | O30: 0 | P30: 0 | Q30: 0 | R30: 0 | S30: 0 | T30: 0 | U30: 0 | V30: 0 | W30: 0 | X30: 0 | Y30: 0 | Z30: 0 | AA30: 0 | AB30: 0 | AC30: 0
F31: =F29+F30 | G31: =G29+G30 | H31: =H29+H30 | I31: =I29+I30 | J31: =J29+J30 | K31: =K29+K30 | L31: =L29+L30 | M31: =M29+M30 | ... AC31: =AC29+AC30
C32: DÜZ BORU BASINÇ KAYBI (5) | D32: R.L (PEX 16x2,0, çizimden ölçülen L) | F32: 690 | G32: 382 | H32: 457 | I32: 1007 | J32: 976 | K32: 1097 | L32: 1180 | M32: 153 | N32: 609 | O32: 449 | P32: 526 | Q32: 981 | R32: 2117 | S32: 2758 | T32: 2058 | U32: 79 | V32: 844 | W32: 500 | X32: 579 | Y32: 1007 | Z32: 998 | AA32: 1095 | AB32: 1181 | AC32: 120
F33: =F32*0.05 | G33: =G32*0.05 | H33: =H32*0.05 | I33: =I32*0.05 | J33: =J32*0.05 | K33: =K32*0.05 | L33: =L32*0.05 | M33: =M32*0.05 | ... AC33: =AC32*0.05
F34: =F32+F33 | G34: =G32+G33 | H34: =H32+H33 | I34: =I32+I33 | J34: =J32+J33 | K34: =K32+K33 | L34: =L32+L33 | M34: =M32+M33 | ... AC34: =AC32+AC33
F35: =MAX(F34:AC34)-F34 | G35: =MAX(F34:AC34)-G34 | H35: =MAX(F34:AC34)-H34 | I35: =MAX(F34:AC34)-I34 | J35: =MAX(F34:AC34)-J34 | K35: =MAX(F34:AC34)-K34 | L35: =MAX(F34:AC34)-L34 | M35: =MAX(F34:AC34)-M34 | N35: =MAX(F34:AC34)-N34 | O35: =MAX(F34:AC34)-O34 | P35: =MAX(F34:AC34)-P34 | Q35: =MAX(F34:AC34)-Q34 | R35: =MAX(F34:AC34)-R34 | S35: =MAX(F34:AC34)-S34 | T35: =MAX(F34:AC34)-T34 | U35: =MAX(F34:AC34)-U34 | V35: =MAX(F34:AC34)-V34 | W35: =MAX(F34:AC34)-W34 | X35: =MAX(F34:AC34)-X34 | Y35: =MAX(F34:AC34)-Y34 | Z35: =MAX(F34:AC34)-Z34 | AA35: =MAX(F34:AC34)-AA34 | AB35: =MAX(F34:AC34)-AB34 | AC35: =MAX(F34:AC34)-AC34
D36: Δpmax = 9828 Pa | F36: BASINÇ AYARLI KOLLEKTÖRDEN HERBİR
F37: HATTA GİDEN BASINÇ BU BASINÇ DEĞERLERİNE
F38: GÖRE AYARLANMALIDIR….
F39: Δpö | G39: EK VI-14i Tablosundan q değeri m³/h çevrilir DN10 borusu için
A40: (1) | B40: Şek. 19.7.1 den seçilmiştir. | G40: R (Pa/m) 1metre borudaki basın. Kaybı bulunur..
A41: (2) | B41: Kombi gidiş suyu sıcaklığı 45 °C, dönüş 35 °C seçilmiştir. | G41: toplam boru boyu ile çarpımından Δpö (Pa) bulunur.
A42: (3) | B42: Ortalama su sıcaklığı 40 °C alınmıştır.
A43: (4) | B43: Alta geçen ısı 0,2 q" olarak alınmıştır. qh = mahal ısı kaybı (ISI KAYBI sayfaları) devrelere boru boyu oranında dağıtılmıştır (plan etiketi ve kolon şeması ile aynı).
A44: (5) | B44: R (Pa/m): PEX 16x2,0 (iç çap 12 mm), 40 °C su, Blasius / laminer bağıntısı; L = çizimdeki devre boyu.
A45: (6) | B45: kollektörden sonraki özel basınç kayıpları, düz boru kayıpları yanında çok küçük olduğundan düz boru basınç kaybının % 5 i kabul edilmiştir.
A46: (7) | B46: Isıtma devrelerinin basıncı kollektördeki debimetreli reglaj vanası ile ayarlanmalıdır.

Sheet YERDEN ISITMA- DEVAMI (2)
A1: YERDEN ISITMA HESABI
A2: 2. KAT | C2: DÖŞEMEDEN ISITMA HESAP ÖZETİ | D2: Ts.g = 45 °C | E2: TOPLAM ISI = 12502 W
D3: Isıtma Çevrim Sayısı : 24 | E3: MAX. BASINÇ KAYBI = 3699 Pa
D5: Mak. Müh. CAN ÖZKAYA
F7: 8 | G7: 3 | H7: 2 | I7: 4 | J7: 5 | K7: 6 | L7: 7 | M7: 1 | N7: 16 | O7: 11 | P7: 10 | Q7: 9 | R7: 14 | S7: 15 | T7: 12 | U7: 13 | V7: 17 | W7: 22 | X7: 23 | Y7: 21 | Z7: 20 | AA7: 19 | AB7: 18 | AC7: 24
F8: 201 | G8: 202 | H8: 202 | I8: 203 | J8: 204 | K8: 205 | L8: 205 | M8: 206 | N8: 207 | O8: 208 | P8: 208 | Q8: 209 | R8: 210 | S8: 210 | T8: 211 | U8: 212 | V8: 213 | W8: 214 | X8: 214 | Y8: 215 | Z8: 216 | AA8: 217 | AB8: 217 | AC8: 218
F9: D7 mutfak | G9: D7 yatak od. | H9: D7 yatak od. | I9: D7 yatak od. | J9: D7 yatak od. | K9: D7 salon | L9: D7 salon | M9: D7 banyo | N9: D8 mutfak | O9: D8 yatak od. | P9: D8 yatak od. | Q9: D8 yatak od. | R9: D8 salon | S9: D8 salon | T9: D8 oda | U9: D8 wc-banyo | V9: D9 mutfak | W9: D9 yatak od. | X9: D9 yatak od. | Y9: D9 yatak od. | Z9: D9 yatak od. | AA9: D9 salon | AB9: D9 salon | AC9: D9 banyo
F10: 20 | G10: 20 | H10: 20 | I10: 20 | J10: 20 | K10: 20 | L10: 20 | M10: 24 | N10: 20 | O10: 20 | P10: 20 | Q10: 20 | R10: 20 | S10: 20 | T10: 20 | U10: 24 | V10: 20 | W10: 20 | X10: 20 | Y10: 20 | Z10: 20 | AA10: 20 | AB10: 20 | AC10: 24
F11: 20 | G11: 20 | H11: 20 | I11: 20 | J11: 20 | K11: 20 | L11: 20 | M11: 20 | N11: 20 | O11: 20 | P11: 20 | Q11: 20 | R11: 20 | S11: 20 | T11: 20 | U11: 20 | V11: 20 | W11: 20 | X11: 20 | Y11: 20 | Z11: 20 | AA11: 20 | AB11: 20 | AC11: 20
A12: 6 | F12: 7.57 | G12: 6.35 | H12: 6.95 | I12: 8.76 | J12: 8.83 | K12: 9.8 | L12: 10.23 | M12: 3.64 | N12: 5.7 | O12: 6.78 | P12: 7.38 | Q12: 8.66 | R12: 11.07 | S12: 9.69 | T12: 7.28 | U12: 2.37 | V12: 6.9 | W12: 6.47 | X12: 6.96 | Y12: 8.77 | Z12: 8.85 | AA12: 9.72 | AB12: 10.26 | AC12: 3.67
C13: DEVRE ISIL GÜCÜ | D13: Mahal ısı kaybı × devre boyu / mahal boru boyu | F13: 639.4 | G13: 314.4 | H13: 343.9 | I13: 613.2 | J13: 602 | K13: 620.2 | L13: 647.4 | M13: 232.8 | N13: 598.8 | O13: 385.7 | P13: 419.8 | Q13: 626.2 | R13: 782.5 | S13: 684.3 | T13: 726.4 | U13: 140.6 | V13: 644.6 | W13: 394.7 | X13: 425 | Y13: 611.8 | Z13: 606.4 | AA13: 615.4 | AB13: 649.7 | AC13: 176.7
F14: =F13/F12 | G14: =G13/G12 | H14: =H13/H12 | I14: =I13/I12 | J14: =J13/J12 | K14: =K13/K12 | L14: =L13/L12 | M14: =M13/M12 | ... AC14: =AC13/AC12
F15: 0.012 | G15: 0.012 | H15: 0.012 | I15: 0.012 | J15: 0.012 | K15: 0.012 | L15: 0.012 | M15: 0.012 | N15: 0.012 | O15: 0.012 | P15: 0.012 | Q15: 0.012 | R15: 0.012 | S15: 0.012 | T15: 0.012 | U15: 0.012 | V15: 0.012 | W15: 0.012 | X15: 0.012 | Y15: 0.012 | Z15: 0.012 | AA15: 0.012 | AB15: 0.012 | AC15: 0.012
F16: 1 | G16: 1 | H16: 1 | I16: 1 | J16: 1 | K16: 1 | L16: 1 | M16: 1 | N16: 1 | O16: 1 | P16: 1 | Q16: 1 | R16: 1 | S16: 1 | T16: 1 | U16: 1 | V16: 1 | W16: 1 | X16: 1 | Y16: 1 | Z16: 1 | AA16: 1 | AB16: 1 | AC16: 1
F17: =F12 | G17: =G12 | H17: =H12 | I17: =I12 | J17: =J12 | K17: =K12 | L17: =L12 | M17: =M12 | ... AC17: =AC12
F18: =F13/F17 | G18: =G13/G17 | H18: =H13/H17 | I18: =I13/I17 | J18: =J13/J17 | K18: =K13/K17 | L18: =L13/L17 | M18: =M13/M17 | ... AC18: =AC13/AC17
F19: =F10+(F14/8.92)^0.91 | G19: =G10+(G14/8.92)^0.91 | H19: =H10+(H14/8.92)^0.91 | I19: =I10+(I14/8.92)^0.91 | J19: =J10+(J14/8.92)^0.91 | K19: =K10+(K14/8.92)^0.91 | L19: =L10+(L14/8.92)^0.91 | M19: =M10+(M14/8.92)^0.91 | ... AC19: =AC10+(AC14/8.92)^0.91
F20: 45 | G20: 45 | H20: 45 | I20: 45 | J20: 45 | K20: 45 | L20: 45 | M20: 45 | N20: 45 | O20: 45 | P20: 45 | Q20: 45 | R20: 45 | S20: 45 | T20: 45 | U20: 45 | V20: 45 | W20: 45 | X20: 45 | Y20: 45 | Z20: 45 | AA20: 45 | AB20: 45 | AC20: 45
F21: =F20-F10 | G21: =G20-G10 | H21: =H20-H10 | I21: =I20-I10 | J21: =J20-J10 | K21: =K20-K10 | L21: =L20-L10 | M21: =M20-M10 | ... AC21: =AC20-AC10
F22: 15 | G22: 15 | H22: 15 | I22: 15 | J22: 15 | K22: 15 | L22: 15 | M22: 15 | N22: 15 | O22: 15 | P22: 15 | Q22: 15 | R22: 15 | S22: 15 | T22: 15 | U22: 15 | V22: 15 | W22: 15 | X22: 15 | Y22: 15 | Z22: 15 | AA22: 15 | AB22: 15 | AC22: 15
F23: 40 | G23: 40 | H23: 40 | I23: 40 | J23: 40 | K23: 40 | L23: 40 | M23: 40 | N23: 40 | O23: 40 | P23: 40 | Q23: 40 | R23: 40 | S23: 40 | T23: 40 | U23: 40 | V23: 40 | W23: 40 | X23: 40 | Y23: 40 | Z23: 40 | AA23: 40 | AB23: 40 | AC23: 40
F24: =F23-F10 | G24: =G23-G10 | H24: =H23-H10 | I24: =I23-I10 | J24: =J23-J10 | K24: =K23-K10 | L24: =L23-L10 | M24: =M23-M10 | ... AC24: =AC23-AC10
F25: =2*(F21-F24) | G25: =2*(G21-G24) | H25: =2*(H21-H24) | I25: =2*(I21-I24) | J25: =2*(J21-J24) | K25: =2*(K21-K24) | L25: =2*(L21-L24) | M25: =2*(M21-M24) | ... AC25: =2*(AC21-AC24)
F26: =0.2*F14 | G26: =0.2*G14 | H26: =0.2*H14 | I26: =0.2*I14 | J26: =0.2*J14 | K26: =0.2*K14 | L26: =0.2*L14 | M26: =0.2*M14 | ... AC26: =0.2*AC14
F27: =F17*(F14+F26) | G27: =G17*(G14+G26) | H27: =H17*(H14+H26) | I27: =I17*(I14+I26) | J27: =J17*(J14+J26) | K27: =K17*(K14+K26) | L27: =L17*(L14+L26) | M27: =M17*(M14+M26) | ... AC27: =AC17*(AC14+AC26)
F28: =F27/(1.163*F25) | G28: =G27/(1.163*G25) | H28: =H27/(1.163*H25) | I28: =I27/(1.163*I25) | J28: =J27/(1.163*J25) | K28: =K27/(1.163*K25) | L28: =L27/(1.163*L25) | M28: =M27/(1.163*M25) | ... AC28: =AC27/(1.163*AC25)
F29: =F17/(F22*0.01) | G29: =G17/(G22*0.01) | H29: =H17/(H22*0.01) | I29: =I17/(I22*0.01) | J29: =J17/(J22*0.01) | K29: =K17/(K22*0.01) | L29: =L17/(L22*0.01) | M29: =M17/(M22*0.01) | ... AC29: =AC17/(AC22*0.01)
C30: BAĞLANTI BORULARI | D30: Kollektör ayakları devre boyuna dahildir | F30: 0 | G30: 0 | H30: 0 | I30: 0 | J30: 0 | K30: 0 | L30: 0 | M30: 0 | N30: 0 | O30: 0 | P30: 0 | Q30: 0 | R30: 0 | S30: 0 | T30: 0 | U30: 0 | V30: 0 | W30: 0 | X30: 0 | Y30: 0 | Z30: 0 | AA30: 0 | AB30: 0 | AC30: 0
F31: =F29+F30 | G31: =G29+G30 | H31: =H29+H30 | I31: =I29+I30 | J31: =J29+J30 | K31: =K29+K30 | L31: =L29+L30 | M31: =M29+M30 | ... AC31: =AC29+AC30
C32: DÜZ BORU BASINÇ KAYBI (5) | D32: R.L (PEX 16x2,0, çizimden ölçülen L) | F32: 1727 | G32: 448 | H32: 536 | I32: 1903 | J32: 1832 | K32: 2098 | L32: 2361 | M32: 184 | N32: 1102 | O32: 529 | P32: 627 | Q32: 1868 | R32: 3523 | S32: 2437 | T32: 2354 | U32: 97 | V32: 1651 | W32: 565 | X32: 655 | Y32: 1902 | Z32: 1867 | AA32: 2055 | AB32: 2385 | AC32: 141
F33: =F32*0.05 | G33: =G32*0.05 | H33: =H32*0.05 | I33: =I32*0.05 | J33: =J32*0.05 | K33: =K32*0.05 | L33: =L32*0.05 | M33: =M32*0.05 | ... AC33: =AC32*0.05
F34: =F32+F33 | G34: =G32+G33 | H34: =H32+H33 | I34: =I32+I33 | J34: =J32+J33 | K34: =K32+K33 | L34: =L32+L33 | M34: =M32+M33 | ... AC34: =AC32+AC33
F35: =MAX(F34:AC34)-F34 | G35: =MAX(F34:AC34)-G34 | H35: =MAX(F34:AC34)-H34 | I35: =MAX(F34:AC34)-I34 | J35: =MAX(F34:AC34)-J34 | K35: =MAX(F34:AC34)-K34 | L35: =MAX(F34:AC34)-L34 | M35: =MAX(F34:AC34)-M34 | N35: =MAX(F34:AC34)-N34 | O35: =MAX(F34:AC34)-O34 | P35: =MAX(F34:AC34)-P34 | Q35: =MAX(F34:AC34)-Q34 | R35: =MAX(F34:AC34)-R34 | S35: =MAX(F34:AC34)-S34 | T35: =MAX(F34:AC34)-T34 | U35: =MAX(F34:AC34)-U34 | V35: =MAX(F34:AC34)-V34 | W35: =MAX(F34:AC34)-W34 | X35: =MAX(F34:AC34)-X34 | Y35: =MAX(F34:AC34)-Y34 | Z35: =MAX(F34:AC34)-Z34 | AA35: =MAX(F34:AC34)-AA34 | AB35: =MAX(F34:AC34)-AB34 | AC35: =MAX(F34:AC34)-AC34
D36: Δpmax = 9828 Pa | F36: BASINÇ AYARLI KOLLEKTÖRDEN HERBİR
F37: HATTA GİDEN BASINÇ BU BASINÇ DEĞERLERİNE
F38: GÖRE AYARLANMALIDIR….
F39: Δpö | G39: EK VI-14i Tablosundan q değeri m³/h çevrilir DN10 borusu için
A40: (1) | B40: Şek. 19.7.1 den seçilmiştir. | G40: R (Pa/m) 1metre borudaki basın. Kaybı bulunur..
A41: (2) | B41: Kombi gidiş suyu sıcaklığı 45 °C, dönüş 35 °C seçilmiştir. | G41: toplam boru boyu ile çarpımından Δpö (Pa) bulunur.
A42: (3) | B42: Ortalama su sıcaklığı 40 °C alınmıştır.
A43: (4) | B43: Alta geçen ısı 0,2 q" olarak alınmıştır. qh = mahal ısı kaybı (ISI KAYBI sayfaları) devrelere boru boyu oranında dağıtılmıştır (plan etiketi ve kolon şeması ile aynı).
A44: (5) | B44: R (Pa/m): PEX 16x2,0 (iç çap 12 mm), 40 °C su, Blasius / laminer bağıntısı; L = çizimdeki devre boyu.
A45: (6) | B45: kollektörden sonraki özel basınç kayıpları, düz boru kayıpları yanında çok küçük olduğundan düz boru basınç kaybının % 5 i kabul edilmiştir.
A46: (7) | B46: Isıtma devrelerinin basıncı kollektördeki debimetreli reglaj vanası ile ayarlanmalıdır.
