Workbook

Sheet kapak
A1: P R O J E Y İ H A Z I R L A Y A N
A2: ROTAŞ MÜHENDİSLİK.PROJE.MÜŞAVİRLİK. Mak. Müh. Bayram GENÇ Semerciler Mah. Sait Faik Sk. No:22/C Z01 Adapazarı/Sakarya TEL: 0264 272 00 49 rotasmuhendislik@gmail.com
A9: ÜNVANI | B9: Adı Soyadı | D9: Oda Sicil No | F9: SMM Büro Tescil No | G9: İmza
A10: Makine Mühendisi | B10: BAYRAM GENÇ
A11: OFİSLER YERDEN ISITMA (KOMBİLİ) + DÜKKÂN KLİMA PROJE RAPORU
A14: Yapı Denetim Onay | D14: Belediye Onay
A30: P R O J E Y İ Y A P T I R A N
A31: ADI SOYADI/ÜNVANI | C31: EMİNE TUNCE - İŞ YERİ (ZEMİN + 2 KAT, 2 DÜKKÂN + 8 OFİS)
A34: Y A P I N I N B U L U N D U Ğ U Y E R
A35: İl | B35: İlçe | C35: Belediye | D35: Mahalle | E35: Sok. | G35: Pafta | H35: Ada | I35: Parsel
A36: SAKARYA | B36: SERDİVAN | C36: =B36 | D36: YAZLIK | G36: G24B23A3B | H36: - | I36: 5799
A38: YAPININ ÖZELLİKLERİ
A40: Yapının Sistemi | B40: Yapının Sınıfı | C40: Toplam Bağımsız Bölüm | D40: Toplam Kat Sayısı | F40: Toplam İnşaat Alanı m² | G40: Tarih | H40: Kullanım Amacı
A41: BETONARME | B41: 3A | C41: 3 | D41: ZEMİN + 2 | G41: 46307 | H41: İŞ YERİ (DÜKKÂN + OFİS)

Sheet TEKNİK RAPOR
A1: KALORİFER TESİSATI PROJESİ TEKNİK RAPORU | G1: Sayfa | H1: 1
A3: Proje Adı : | C3: =kapak!C31 | G3: Tarih | H3: =kapak!G41
A4: Düzenleyen : | C4: =kapak!B10
A7: 1.1. | B7: Binanın kalorifer projesi aşağıdaki değerler esas alınarak hazırlanmıştır.
B8: Binanın Yeri | E8: =kapak!B36 | F8: / SAKARYA
B9: Sıcaklık Bölgesi | E9: : TS 825 | F9: -6 °C (Sakarya)
B10: Bina Tipi | E10: : Zemin kat dükkân, 1. ve 2. kat ofis
B11: Isıtıcı Cinsi | E11: : Ofis: duvar tipi hermetik yoğuşmalı kombi (her ofiste 1 adet, 24 kW); dükkân: duvar tipi split klima
B12: Kullanılacak Yakıt | E12: : Doğalgaz (ofis) / elektrik (dükkân klima)
B13: Radyatör Türü / Isıl Verimi | E13: : Zeminden ısıtma borusu PEX 16x2,0 / 45-35 °C
B14: Binanın bulunduğu yerleşim bölgesi | E14: : Bitişik nizam
B15: Havalandırma Tipi | E15: :Doğal havalandırma
B16: Bina tanımı | E16: : Zemin (2 dükkân) + 2 normal kat (her katta 4 ofis)
B17: Radyatör Türü | E17: : Zeminden ısıtma borusu PEX 16x2,0 (oksijen bariyerli)
B18: Çalışma Sıcaklığı | E18: : 45 - 35 °C
A20: 1.2. | B20: Mahal Sıcaklıkları :
B21: Salon | F21: : 20°C
B22: Oturma Odası | F22: : 20°C
B23: Yatak Odası | F23: : 20°C
B24: Banyo | F24: : 24°C
B25: Hol | F25: : 18°C (kollektör bağlantı boruları ile ısıtılır)
B29: Çatı Arası | F29: : -6°C (teras çatı)
B30: Toprağa Bitişik Döşeme | F30: : 6°C
B31: Mutfak | F31: : 20°C
A33: 1.3. | B33: Isı İletim Katsayıları:
B35: Dış Duvar : | E35: : | F35: 0.344 | G35: W/M²k
B36: Kiriş 25 cm | E36: : | F36: 0.387 | G36: W/M²k
B37: Kiriş 30 cm | E37: : | F37: 0.384 | G37: W/M²k
B38: Kapı : | E38: : | F38: 2 | G38: W/M²k
B39: Pencere : | E39: : | F39: 1.8 | G39: W/M²k
B40: Döşeme ara : | E40: : | F40: 0 | G40: W/M²k
B41: Merdiven Duvarı | E41: : | F41: 0.332 | G41: W/M²k
B42: Merdiven Kiriş-kolon | E42: : | F42: 0.375 | G42: W/M²k
B43: Döşeme | E43: : | F43: 0.312 | G43: W/M²k
B44: Tavan : | E44: : | F44: 0.266 | G44: W/M²k
B45: Döşeme Açık Geçit | E45: : | F45: 0 | G45: W/M²k
B46: Bağımsız bölüm | E46: : | F46: 0 | G46: W/M²k
... B48: İç Duvar | E48: : | F48: 1.915 | G48: W/M²k
B49: Kullanılan Kısaltmalar:
B50: Dış Duvar | E50: :DD
B51: Pencere | E51: :ÇP
B52: İç Kapı | E52: :İK
B53: Dış Kapı | E53: :DK
B54: Balkon Kapısı | E54: :BK
B55: Döşeme | E55: :Dö
B56: Tavan | E56: :Ta
B57: Dükkan | E57: :DÜK
B58: Bodrum | E58: :B
B59: Sürgülü kapı | E59: :SK
B60: Kiriş - Kolon | E60: : DD2
B61: İç Taban | E61: :Dö
... B64: Merdiven Kiriş-kolon | E64: : İDMK

Sheet ZEMİN
H1: ISI KAYBI HESABI | N1: Kat : | O1: ZEMİN (DÜKKÂN) | P1: Tarih | Q1: =kapak!G41
F2: PROJE ADI : | H2: =kapak!C31 | N2: Sayfa : | O2: 3
A3: Yapı Bileşeni | E3: Alan Hesabı | I3: Isı kaybı hesabı | M3: Zamlar | Q3: Toplam
A4: İşaret | B4: Yön | C4: Kalınlık | D4: Uzunluk | E4: Yükseklik | F4: Toplam Alan | G4: Miktar | H4: Çıkarıla alan | I4: Hesaba giren Alan | J4: Isı İletim Katsayısı | K4: Sıcaklık Farkı | L4: Zamsız Isı Kaybı | M4: İşletme | N4: Kat Yük. | O4: Yön | P4: Toplam | Q4: Toplam Is ı İhtiyacı
F5: [Ao] | I5: [A] | J5: [k] | K5: D T | L5: Qo | M5: ZD | N5: ZW | O5: ZH | P5: Z | Q5: Qh=Qi+Qs
C6: cm | D6: m | E6: m | F6: m² | G6: ad | H6: m² | I6: m² | J6: watt m²hºC | K6: ºC | L6: watt | M6: % | N6: % | O6: % | P6: 1+% | Q6: watt
A7: 1 | B7: 2 | C7: 3 | D7: 4 | E7: 5 | F7: 6 | G7: 7 | H7: 8 | I7: 9 | J7: 10 | K7: 11 | L7: 12 | M7: 13 | N7: 14 | O7: 15 | P7: 16 | Q7: 17
F8: Z | G8: 0 | H8: Z01 | I8: DÜKKÂN-1 | K8: 20ºC
A9: DD | B9: K | D9: 12.9 | E9: 2.5 | F9: =IF(D9=0," ",D9*E9) | G9: 1 | H9: =F11*G11 | I9: =IF(F9=" "," ",F9*G9-H9) | J9: 0.344 | K9: 26 | L9: =IF(I9=" "," ",I9*J9*K9) | M9: 7 | N9: 0 | O9: 5 | P9: =IF(M9=" "," ",(1+(M9+N9+O9)/100)) | Q9: =IF(L9=" "," ",L9*P9)
A10: DD25 | B10: K | D10: =D9 | E10: 0.5 | F10: =IF(D10=0," ",D10*E10) | G10: 1 | I10: =IF(F10=" "," ",F10*G10-H10) | J10: 0.387 | K10: 26 | L10: =IF(I10=" "," ",I10*J10*K10) | M10: 7 | N10: 0 | O10: 5 | P10: =IF(M10=" "," ",(1+(M10+N10+O10)/100)) | Q10: =IF(L10=" "," ",L10*P10)
A11: ÇP | B11: K | D11: 12 | E11: 3 | F11: =IF(D11=0," ",D11*E11) | G11: 1 | I11: =IF(F11=" "," ",F11*G11-H11) | J11: 1.8 | K11: 26 | L11: =IF(I11=" "," ",I11*J11*K11) | M11: 7 | N11: 0 | O11: 5 | P11: =IF(M11=" "," ",(1+(M11+N11+O11)/100)) | Q11: =IF(L11=" "," ",L11*P11)
A12: DD | B12: G | D12: 13.4 | E12: 2.5 | F12: =IF(D12=0," ",D12*E12) | G12: 1 | I12: =IF(F12=" "," ",F12*G12-H12) | J12: 0.344 | K12: 26 | L12: =IF(I12=" "," ",I12*J12*K12) | M12: 7 | N12: 0 | O12: -5 | P12: =IF(M12=" "," ",(1+(M12+N12+O12)/100)) | Q12: =IF(L12=" "," ",L12*P12)
A13: DD25 | B13: G | D13: =D12 | E13: 0.5 | F13: =IF(D13=0," ",D13*E13) | G13: 1 | I13: =IF(F13=" "," ",F13*G13-H13) | J13: 0.387 | K13: 26 | L13: =IF(I13=" "," ",I13*J13*K13) | M13: 7 | N13: 0 | O13: -5 | P13: =IF(M13=" "," ",(1+(M13+N13+O13)/100)) | Q13: =IF(L13=" "," ",L13*P13)
A14: İDM | D14: 9 | E14: 3 | F14: =IF(D14=0," ",D14*E14) | G14: 1 | I14: =IF(F14=" "," ",F14*G14-H14) | J14: 0.332 | K14: 5 | L14: =IF(I14=" "," ",I14*J14*K14) | M14: 7 | N14: 0 | O14: 0 | P14: =IF(M14=" "," ",(1+(M14+N14+O14)/100)) | Q14: =IF(L14=" "," ",L14*P14)
A15: İDM | D15: 5 | E15: 3 | F15: =IF(D15=0," ",D15*E15) | G15: 1 | I15: =IF(F15=" "," ",F15*G15-H15) | J15: 0.332 | K15: 10 | L15: =IF(I15=" "," ",I15*J15*K15) | M15: 7 | N15: 0 | O15: 0 | P15: =IF(M15=" "," ",(1+(M15+N15+O15)/100)) | Q15: =IF(L15=" "," ",L15*P15)
A16: Dö | D16: 100.38 | E16: 1 | F16: =IF(D16=0," ",D16*E16) | G16: 1 | I16: =IF(F16=" "," ",F16*G16-H16) | J16: 0.312 | K16: 14 | L16: =IF(I16=" "," ",I16*J16*K16) | M16: 7 | N16: 0 | O16: 0 | P16: =IF(M16=" "," ",(1+(M16+N16+O16)/100)) | Q16: =IF(L16=" "," ",L16*P16)
Q17: =SUM(Q9:Q16)
J18: Qs= | K18: S a | L18: L | M18: R | N18: H | O18: D T | P18: Ze
J19: Qs = | K19: 2 | L19: =(D11+E11)*2*G11 | M19: 0.9 | N19: 0.67 | O19: 26 | P19: 1 | Q19: =K19*L19*M19*N19*O19*P19
M20: TOPLAM ISI KAYBI = | Q20: =Q17+Q19
F21: Z | G21: 0 | H21: Z02 | I21: DÜKKÂN-2 | K21: 20ºC
A22: DD | B22: K | D22: 15 | E22: 2.5 | F22: =IF(D22=0," ",D22*E22) | G22: 1 | H22: =F24*G24 | I22: =IF(F22=" "," ",F22*G22-H22) | J22: 0.344 | K22: 26 | L22: =IF(I22=" "," ",I22*J22*K22) | M22: 7 | N22: 0 | O22: 5 | P22: =IF(M22=" "," ",(1+(M22+N22+O22)/100)) | Q22: =IF(L22=" "," ",L22*P22)
A23: DD25 | B23: K | D23: =D22 | E23: 0.5 | F23: =IF(D23=0," ",D23*E23) | G23: 1 | I23: =IF(F23=" "," ",F23*G23-H23) | J23: 0.387 | K23: 26 | L23: =IF(I23=" "," ",I23*J23*K23) | M23: 7 | N23: 0 | O23: 5 | P23: =IF(M23=" "," ",(1+(M23+N23+O23)/100)) | Q23: =IF(L23=" "," ",L23*P23)
A24: ÇP | B24: K | D24: 14 | E24: 3 | F24: =IF(D24=0," ",D24*E24) | G24: 1 | I24: =IF(F24=" "," ",F24*G24-H24) | J24: 1.8 | K24: 26 | L24: =IF(I24=" "," ",I24*J24*K24) | M24: 7 | N24: 0 | O24: 5 | P24: =IF(M24=" "," ",(1+(M24+N24+O24)/100)) | Q24: =IF(L24=" "," ",L24*P24)
A25: DD | B25: G | D25: 10.5 | E25: 2.5 | F25: =IF(D25=0," ",D25*E25) | G25: 1 | I25: =IF(F25=" "," ",F25*G25-H25) | J25: 0.344 | K25: 26 | L25: =IF(I25=" "," ",I25*J25*K25) | M25: 7 | N25: 0 | O25: -5 | P25: =IF(M25=" "," ",(1+(M25+N25+O25)/100)) | Q25: =IF(L25=" "," ",L25*P25)
A26: DD25 | B26: G | D26: =D25 | E26: 0.5 | F26: =IF(D26=0," ",D26*E26) | G26: 1 | I26: =IF(F26=" "," ",F26*G26-H26) | J26: 0.387 | K26: 26 | L26: =IF(I26=" "," ",I26*J26*K26) | M26: 7 | N26: 0 | O26: -5 | P26: =IF(M26=" "," ",(1+(M26+N26+O26)/100)) | Q26: =IF(L26=" "," ",L26*P26)
A27: İDM | D27: 9 | E27: 3 | F27: =IF(D27=0," ",D27*E27) | G27: 1 | I27: =IF(F27=" "," ",F27*G27-H27) | J27: 0.332 | K27: 5 | L27: =IF(I27=" "," ",I27*J27*K27) | M27: 7 | N27: 0 | O27: 0 | P27: =IF(M27=" "," ",(1+(M27+N27+O27)/100)) | Q27: =IF(L27=" "," ",L27*P27)
A28: İDM | D28: 5 | E28: 3 | F28: =IF(D28=0," ",D28*E28) | G28: 1 | I28: =IF(F28=" "," ",F28*G28-H28) | J28: 0.332 | K28: 10 | L28: =IF(I28=" "," ",I28*J28*K28) | M28: 7 | N28: 0 | O28: 0 | P28: =IF(M28=" "," ",(1+(M28+N28+O28)/100)) | Q28: =IF(L28=" "," ",L28*P28)
A29: Dö | D29: 105.71 | E29: 1 | F29: =IF(D29=0," ",D29*E29) | G29: 1 | I29: =IF(F29=" "," ",F29*G29-H29) | J29: 0.312 | K29: 14 | L29: =IF(I29=" "," ",I29*J29*K29) | M29: 7 | N29: 0 | O29: 0 | P29: =IF(M29=" "," ",(1+(M29+N29+O29)/100)) | Q29: =IF(L29=" "," ",L29*P29)
Q30: =SUM(Q22:Q29)
J31: Qs= | K31: S a | L31: L | M31: R | N31: H | O31: D T | P31: Ze
J32: Qs = | K32: 2 | L32: =(D24+E24)*2*G24 | M32: 0.9 | N32: 0.67 | O32: 26 | P32: 1 | Q32: =K32*L32*M32*N32*O32*P32
M33: TOPLAM ISI KAYBI = | Q33: =Q30+Q32

Sheet 1 NK
H1: ISI KAYBI HESABI | N1: Kat : | O1: 1. NORMAL | P1: Tarih | Q1: =kapak!G41
F2: PROJE ADI : | H2: =kapak!C31 | N2: Sayfa : | O2: 4
A3: Yapı Bileşeni | E3: Alan Hesabı | I3: Isı kaybı hesabı | M3: Zamlar | Q3: Toplam
A4: İşaret | B4: Yön | C4: Kalınlık | D4: Uzunluk | E4: Yükseklik | F4: Toplam Alan | G4: Miktar | H4: Çıkarıla alan | I4: Hesaba giren Alan | J4: Isı İletim Katsayısı | K4: Sıcaklık Farkı | L4: Zamsız Isı Kaybı | M4: İşletme | N4: Kat Yük. | O4: Yön | P4: Toplam | Q4: Toplam Is ı İhtiyacı
F5: [Ao] | I5: [A] | J5: [k] | K5: D T | L5: Qo | M5: ZD | N5: ZW | O5: ZH | P5: Z | Q5: Qh=Qi+Qs
C6: cm | D6: m | E6: m | F6: m² | G6: ad | H6: m² | I6: m² | J6: watt m²hºC | K6: ºC | L6: watt | M6: % | N6: % | O6: % | P6: 1+% | Q6: watt
A7: 1 | B7: 2 | C7: 3 | D7: 4 | E7: 5 | F7: 6 | G7: 7 | H7: 8 | I7: 9 | J7: 10 | K7: 11 | L7: 12 | M7: 13 | N7: 14 | O7: 15 | P7: 16 | Q7: 17
F8: 1 | G8: 0 | H8: 101 | I8: OFİS 1 ODA | K8: 20ºC
A9: DD | B9: K | D9: 3.9 | E9: 2.5 | F9: =IF(D9=0," ",D9*E9) | G9: 1 | H9: =F11*G11 | I9: =IF(F9=" "," ",F9*G9-H9) | J9: 0.344 | K9: 26 | L9: =IF(I9=" "," ",I9*J9*K9) | M9: 7 | N9: 0 | O9: 5 | P9: =IF(M9=" "," ",(1+(M9+N9+O9)/100)) | Q9: =IF(L9=" "," ",L9*P9)
A10: DD25 | B10: K | D10: =D9 | E10: 0.5 | F10: =IF(D10=0," ",D10*E10) | G10: 1 | I10: =IF(F10=" "," ",F10*G10-H10) | J10: 0.387 | K10: 26 | L10: =IF(I10=" "," ",I10*J10*K10) | M10: 7 | N10: 0 | O10: 5 | P10: =IF(M10=" "," ",(1+(M10+N10+O10)/100)) | Q10: =IF(L10=" "," ",L10*P10)
A11: ÇP | B11: K | D11: 3.5 | E11: 2.7 | F11: =IF(D11=0," ",D11*E11) | G11: 1 | I11: =IF(F11=" "," ",F11*G11-H11) | J11: 1.8 | K11: 26 | L11: =IF(I11=" "," ",I11*J11*K11) | M11: 7 | N11: 0 | O11: 5 | P11: =IF(M11=" "," ",(1+(M11+N11+O11)/100)) | Q11: =IF(L11=" "," ",L11*P11)
A12: İDM | D12: 4.4 | E12: 3 | F12: =IF(D12=0," ",D12*E12) | G12: 1 | I12: =IF(F12=" "," ",F12*G12-H12) | J12: 0.332 | K12: 5 | L12: =IF(I12=" "," ",I12*J12*K12) | M12: 7 | N12: 0 | O12: 0 | P12: =IF(M12=" "," ",(1+(M12+N12+O12)/100)) | Q12: =IF(L12=" "," ",L12*P12)
Q13: =SUM(Q9:Q12)
J14: Qs= | K14: S a | L14: L | M14: R | N14: H | O14: D T | P14: Ze
J15: Qs = | K15: 2 | L15: =(D11+E11)*2*G11 | M15: 0.9 | N15: 0.67 | O15: 26 | P15: 1 | Q15: =K15*L15*M15*N15*O15*P15
M16: TOPLAM ISI KAYBI = | Q16: =Q13+Q15
F17: 1 | G17: 0 | H17: 102 | I17: OFİS 1 ODA | K17: 20ºC
A18: DD | B18: G | D18: 2.5 | E18: 2.5 | F18: =IF(D18=0," ",D18*E18) | G18: 1 | H18: =F20*G20 | I18: =IF(F18=" "," ",F18*G18-H18) | J18: 0.344 | K18: 26 | L18: =IF(I18=" "," ",I18*J18*K18) | M18: 7 | N18: 0 | O18: -5 | P18: =IF(M18=" "," ",(1+(M18+N18+O18)/100)) | Q18: =IF(L18=" "," ",L18*P18)
A19: DD25 | B19: G | D19: =D18 | E19: 0.5 | F19: =IF(D19=0," ",D19*E19) | G19: 1 | I19: =IF(F19=" "," ",F19*G19-H19) | J19: 0.387 | K19: 26 | L19: =IF(I19=" "," ",I19*J19*K19) | M19: 7 | N19: 0 | O19: -5 | P19: =IF(M19=" "," ",(1+(M19+N19+O19)/100)) | Q19: =IF(L19=" "," ",L19*P19)
A20: ÇP | B20: G | D20: 2.2 | E20: 2.7 | F20: =IF(D20=0," ",D20*E20) | G20: 1 | I20: =IF(F20=" "," ",F20*G20-H20) | J20: 1.8 | K20: 26 | L20: =IF(I20=" "," ",I20*J20*K20) | M20: 7 | N20: 0 | O20: -5 | P20: =IF(M20=" "," ",(1+(M20+N20+O20)/100)) | Q20: =IF(L20=" "," ",L20*P20)
A21: İDM | D21: 3.5 | E21: 3 | F21: =IF(D21=0," ",D21*E21) | G21: 1 | I21: =IF(F21=" "," ",F21*G21-H21) | J21: 0.332 | K21: 5 | L21: =IF(I21=" "," ",I21*J21*K21) | M21: 7 | N21: 0 | O21: 0 | P21: =IF(M21=" "," ",(1+(M21+N21+O21)/100)) | Q21: =IF(L21=" "," ",L21*P21)
Q22: =SUM(Q18:Q21)
J23: Qs= | K23: S a | L23: L | M23: R | N23: H | O23: D T | P23: Ze
J24: Qs = | K24: 2 | L24: =(D20+E20)*2*G20 | M24: 0.9 | N24: 0.67 | O24: 26 | P24: 1 | Q24: =K24*L24*M24*N24*O24*P24
M25: TOPLAM ISI KAYBI = | Q25: =Q22+Q24
F26: 1 | G26: 0 | H26: 103 | I26: OFİS 1 ODA | K26: 20ºC
A27: DD | B27: G | D27: 4.4 | E27: 2.5 | F27: =IF(D27=0," ",D27*E27) | G27: 1 | H27: =F29*G29 | I27: =IF(F27=" "," ",F27*G27-H27) | J27: 0.344 | K27: 26 | L27: =IF(I27=" "," ",I27*J27*K27) | M27: 7 | N27: 0 | O27: -5 | P27: =IF(M27=" "," ",(1+(M27+N27+O27)/100)) | Q27: =IF(L27=" "," ",L27*P27)
A28: DD25 | B28: G | D28: =D27 | E28: 0.5 | F28: =IF(D28=0," ",D28*E28) | G28: 1 | I28: =IF(F28=" "," ",F28*G28-H28) | J28: 0.387 | K28: 26 | L28: =IF(I28=" "," ",I28*J28*K28) | M28: 7 | N28: 0 | O28: -5 | P28: =IF(M28=" "," ",(1+(M28+N28+O28)/100)) | Q28: =IF(L28=" "," ",L28*P28)
A29: ÇP | B29: G | D29: 4.15 | E29: 2.7 | F29: =IF(D29=0," ",D29*E29) | G29: 1 | I29: =IF(F29=" "," ",F29*G29-H29) | J29: 1.8 | K29: 26 | L29: =IF(I29=" "," ",I29*J29*K29) | M29: 7 | N29: 0 | O29: -5 | P29: =IF(M29=" "," ",(1+(M29+N29+O29)/100)) | Q29: =IF(L29=" "," ",L29*P29)
Q30: =SUM(Q27:Q29)
J31: Qs= | K31: S a | L31: L | M31: R | N31: H | O31: D T | P31: Ze
J32: Qs = | K32: 2 | L32: =(D29+E29)*2*G29 | M32: 0.9 | N32: 0.67 | O32: 26 | P32: 1 | Q32: =K32*L32*M32*N32*O32*P32
M33: TOPLAM ISI KAYBI = | Q33: =Q30+Q32
F34: 1 | G34: 0 | H34: 104 | I34: OFİS 1 MUTFAK | K34: 20ºC
A35: DD | B35: G | D35: 0.9 | E35: 2.5 | F35: =IF(D35=0," ",D35*E35) | G35: 1 | H35: =F37*G37 | I35: =IF(F35=" "," ",F35*G35-H35) | J35: 0.344 | K35: 26 | L35: =IF(I35=" "," ",I35*J35*K35) | M35: 7 | N35: 0 | O35: -5 | P35: =IF(M35=" "," ",(1+(M35+N35+O35)/100)) | Q35: =IF(L35=" "," ",L35*P35)
A36: DD25 | B36: G | D36: =D35 | E36: 0.5 | F36: =IF(D36=0," ",D36*E36) | G36: 1 | I36: =IF(F36=" "," ",F36*G36-H36) | J36: 0.387 | K36: 26 | L36: =IF(I36=" "," ",I36*J36*K36) | M36: 7 | N36: 0 | O36: -5 | P36: =IF(M36=" "," ",(1+(M36+N36+O36)/100)) | Q36: =IF(L36=" "," ",L36*P36)
A37: ÇP | B37: G | D37: 0.8 | E37: 1.4 | F37: =IF(D37=0," ",D37*E37) | G37: 1 | I37: =IF(F37=" "," ",F37*G37-H37) | J37: 1.8 | K37: 26 | L37: =IF(I37=" "," ",I37*J37*K37) | M37: 7 | N37: 0 | O37: -5 | P37: =IF(M37=" "," ",(1+(M37+N37+O37)/100)) | Q37: =IF(L37=" "," ",L37*P37)
Q38: =SUM(Q35:Q37)
J39: Qs= | K39: S a | L39: L | M39: R | N39: H | O39: D T | P39: Ze
J40: Qs = | K40: 2 | L40: =(D37+E37)*2*G37 | M40: 0.9 | N40: 0.67 | O40: 26 | P40: 1 | Q40: =K40*L40*M40*N40*O40*P40
M41: TOPLAM ISI KAYBI = | Q41: =Q38+Q40
F42: 1 | G42: 0 | H42: 105 | I42: OFİS 1 LVB.WC | K42: 24ºC
A43: DD | B43: G | D43: 1.2 | E43: 2.5 | F43: =IF(D43=0," ",D43*E43) | G43: 1 | H43: =F45*G45 | I43: =IF(F43=" "," ",F43*G43-H43) | J43: 0.344 | K43: 30 | L43: =IF(I43=" "," ",I43*J43*K43) | M43: 7 | N43: 0 | O43: -5 | P43: =IF(M43=" "," ",(1+(M43+N43+O43)/100)) | Q43: =IF(L43=" "," ",L43*P43)
A44: DD25 | B44: G | D44: =D43 | E44: 0.5 | F44: =IF(D44=0," ",D44*E44) | G44: 1 | I44: =IF(F44=" "," ",F44*G44-H44) | J44: 0.387 | K44: 30 | L44: =IF(I44=" "," ",I44*J44*K44) | M44: 7 | N44: 0 | O44: -5 | P44: =IF(M44=" "," ",(1+(M44+N44+O44)/100)) | Q44: =IF(L44=" "," ",L44*P44)
A45: ÇP | B45: G | D45: 0.5 | E45: 0.5 | F45: =IF(D45=0," ",D45*E45) | G45: 1 | I45: =IF(F45=" "," ",F45*G45-H45) | J45: 1.8 | K45: 30 | L45: =IF(I45=" "," ",I45*J45*K45) | M45: 7 | N45: 0 | O45: -5 | P45: =IF(M45=" "," ",(1+(M45+N45+O45)/100)) | Q45: =IF(L45=" "," ",L45*P45)
A46: İDA | D46: 1.9 | E46: 3 | F46: =IF(D46=0," ",D46*E46) | G46: 1 | I46: =IF(F46=" "," ",F46*G46-H46) | J46: 0.375 | K46: 19 | L46: =IF(I46=" "," ",I46*J46*K46) | M46: 7 | N46: 0 | O46: 0 | P46: =IF(M46=" "," ",(1+(M46+N46+O46)/100)) | Q46: =IF(L46=" "," ",L46*P46)
Q47: =SUM(Q43:Q46)
J48: Qs= | K48: S a | L48: L | M48: R | N48: H | O48: D T | P48: Ze
J49: Qs = | K49: 2 | L49: =(D45+E45)*2*G45 | M49: 0.9 | N49: 0.67 | O49: 30 | P49: 1 | Q49: =K49*L49*M49*N49*O49*P49
M50: TOPLAM ISI KAYBI = | Q50: =Q47+Q49
F51: 1 | G51: 0 | H51: 109 | I51: OFİS 1 HOL | K51: 18ºC
A52: İDM | D52: 1.3 | E52: 3 | F52: =IF(D52=0," ",D52*E52) | G52: 1 | H52: =F53*G53 | I52: =IF(F52=" "," ",F52*G52-H52) | J52: 0.332 | K52: 8 | L52: =IF(I52=" "," ",I52*J52*K52) | M52: 7 | N52: 0 | O52: 0 | P52: =IF(M52=" "," ",(1+(M52+N52+O52)/100)) | Q52: =IF(L52=" "," ",L52*P52)
A53: DK | D53: 1 | E53: 2.2 | F53: =IF(D53=0," ",D53*E53) | G53: 1 | I53: =IF(F53=" "," ",F53*G53-H53) | J53: 2 | K53: 8 | L53: =IF(I53=" "," ",I53*J53*K53) | M53: 7 | N53: 0 | O53: 0 | P53: =IF(M53=" "," ",(1+(M53+N53+O53)/100)) | Q53: =IF(L53=" "," ",L53*P53)
Q54: =SUM(Q52:Q53)
J55: Qs= | K55: S a | L55: L | M55: R | N55: H | O55: D T | P55: Ze
J56: Qs = | K56: 2 | L56: 0 | M56: 0.9 | N56: 0.67 | O56: 24 | P56: 1 | Q56: =K56*L56*M56*N56*O56*P56
M57: TOPLAM ISI KAYBI = | Q57: =Q54+Q56
F58: 1 | G58: 0 | H58: 111 | I58: OFİS 2 ODA | K58: 20ºC
A59: DD | B59: K | D59: 3.2 | E59: 2.5 | F59: =IF(D59=0," ",D59*E59) | G59: 1 | H59: =F61*G61 | I59: =IF(F59=" "," ",F59*G59-H59) | J59: 0.344 | K59: 26 | L59: =IF(I59=" "," ",I59*J59*K59) | M59: 7 | N59: 0 | O59: 5 | P59: =IF(M59=" "," ",(1+(M59+N59+O59)/100)) | Q59: =IF(L59=" "," ",L59*P59)
A60: DD25 | B60: K | D60: =D59 | E60: 0.5 | F60: =IF(D60=0," ",D60*E60) | G60: 1 | I60: =IF(F60=" "," ",F60*G60-H60) | J60: 0.387 | K60: 26 | L60: =IF(I60=" "," ",I60*J60*K60) | M60: 7 | N60: 0 | O60: 5 | P60: =IF(M60=" "," ",(1+(M60+N60+O60)/100)) | Q60: =IF(L60=" "," ",L60*P60)
A61: ÇP | B61: K | D61: 2.8 | E61: 2.7 | F61: =IF(D61=0," ",D61*E61) | G61: 1 | I61: =IF(F61=" "," ",F61*G61-H61) | J61: 1.8 | K61: 26 | L61: =IF(I61=" "," ",I61*J61*K61) | M61: 7 | N61: 0 | O61: 5 | P61: =IF(M61=" "," ",(1+(M61+N61+O61)/100)) | Q61: =IF(L61=" "," ",L61*P61)
Q62: =SUM(Q59:Q61)
J63: Qs= | K63: S a | L63: L | M63: R | N63: H | O63: D T | P63: Ze
J64: Qs = | K64: 2 | L64: =(D61+E61)*2*G61 | M64: 0.9 | N64: 0.67 | O64: 26 | P64: 1 | Q64: =K64*L64*M64*N64*O64*P64
M65: TOPLAM ISI KAYBI = | Q65: =Q62+Q64
F66: 1 | G66: 0 | H66: 112 | I66: OFİS 2 ODA | K66: 20ºC
A67: DD | B67: K | D67: 3.1 | E67: 2.5 | F67: =IF(D67=0," ",D67*E67) | G67: 1 | H67: =F69*G69 | I67: =IF(F67=" "," ",F67*G67-H67) | J67: 0.344 | K67: 26 | L67: =IF(I67=" "," ",I67*J67*K67) | M67: 7 | N67: 0 | O67: 5 | P67: =IF(M67=" "," ",(1+(M67+N67+O67)/100)) | Q67: =IF(L67=" "," ",L67*P67)
A68: DD25 | B68: K | D68: =D67 | E68: 0.5 | F68: =IF(D68=0," ",D68*E68) | G68: 1 | I68: =IF(F68=" "," ",F68*G68-H68) | J68: 0.387 | K68: 26 | L68: =IF(I68=" "," ",I68*J68*K68) | M68: 7 | N68: 0 | O68: 5 | P68: =IF(M68=" "," ",(1+(M68+N68+O68)/100)) | Q68: =IF(L68=" "," ",L68*P68)
A69: ÇP | B69: K | D69: 2.7 | E69: 2.7 | F69: =IF(D69=0," ",D69*E69) | G69: 1 | I69: =IF(F69=" "," ",F69*G69-H69) | J69: 1.8 | K69: 26 | L69: =IF(I69=" "," ",I69*J69*K69) | M69: 7 | N69: 0 | O69: 5 | P69: =IF(M69=" "," ",(1+(M69+N69+O69)/100)) | Q69: =IF(L69=" "," ",L69*P69)
Q70: =SUM(Q67:Q69)
J71: Qs= | K71: S a | L71: L | M71: R | N71: H | O71: D T | P71: Ze
J72: Qs = | K72: 2 | L72: =(D69+E69)*2*G69 | M72: 0.9 | N72: 0.67 | O72: 26 | P72: 1 | Q72: =K72*L72*M72*N72*O72*P72
M73: TOPLAM ISI KAYBI = | Q73: =Q70+Q72
F74: 1 | G74: 0 | H74: 113 | I74: OFİS 2 ODA | K74: 20ºC
A75: DD | B75: K | D75: 4 | E75: 2.5 | F75: =IF(D75=0," ",D75*E75) | G75: 1 | H75: =F77*G77 | I75: =IF(F75=" "," ",F75*G75-H75) | J75: 0.344 | K75: 26 | L75: =IF(I75=" "," ",I75*J75*K75) | M75: 7 | N75: 0 | O75: 5 | P75: =IF(M75=" "," ",(1+(M75+N75+O75)/100)) | Q75: =IF(L75=" "," ",L75*P75)
A76: DD25 | B76: K | D76: =D75 | E76: 0.5 | F76: =IF(D76=0," ",D76*E76) | G76: 1 | I76: =IF(F76=" "," ",F76*G76-H76) | J76: 0.387 | K76: 26 | L76: =IF(I76=" "," ",I76*J76*K76) | M76: 7 | N76: 0 | O76: 5 | P76: =IF(M76=" "," ",(1+(M76+N76+O76)/100)) | Q76: =IF(L76=" "," ",L76*P76)
A77: ÇP | B77: K | D77: 3.6 | E77: 2.7 | F77: =IF(D77=0," ",D77*E77) | G77: 1 | I77: =IF(F77=" "," ",F77*G77-H77) | J77: 1.8 | K77: 26 | L77: =IF(I77=" "," ",I77*J77*K77) | M77: 7 | N77: 0 | O77: 5 | P77: =IF(M77=" "," ",(1+(M77+N77+O77)/100)) | Q77: =IF(L77=" "," ",L77*P77)
Q78: =SUM(Q75:Q77)
J79: Qs= | K79: S a | L79: L | M79: R | N79: H | O79: D T | P79: Ze
J80: Qs = | K80: 2 | L80: =(D77+E77)*2*G77 | M80: 0.9 | N80: 0.67 | O80: 26 | P80: 1 | Q80: =K80*L80*M80*N80*O80*P80
M81: TOPLAM ISI KAYBI = | Q81: =Q78+Q80
F82: 1 | G82: 0 | H82: 114 | I82: OFİS 2 MUTFAK | K82: 20ºC
A83: İDM | D83: 2.6 | E83: 3 | F83: =IF(D83=0," ",D83*E83) | G83: 1 | I83: =IF(F83=" "," ",F83*G83-H83) | J83: 0.332 | K83: 10 | L83: =IF(I83=" "," ",I83*J83*K83) | M83: 7 | N83: 0 | O83: 0 | P83: =IF(M83=" "," ",(1+(M83+N83+O83)/100)) | Q83: =IF(L83=" "," ",L83*P83)
Q84: =SUM(Q83:Q83)
J85: Qs= | K85: S a | L85: L | M85: R | N85: H | O85: D T | P85: Ze
J86: Qs = | K86: 2 | L86: 0 | M86: 0.9 | N86: 0.67 | O86: 26 | P86: 1 | Q86: =K86*L86*M86*N86*O86*P86
M87: TOPLAM ISI KAYBI = | Q87: =Q84+Q86
F88: 1 | G88: 0 | H88: 115 | I88: OFİS 2 LVB.WC | K88: 24ºC
A89: İD | D89: 6.6 | E89: 3 | F89: =IF(D89=0," ",D89*E89) | G89: 1 | I89: =IF(F89=" "," ",F89*G89-H89) | J89: 1.915 | K89: 4 | L89: =IF(I89=" "," ",I89*J89*K89) | M89: 7 | N89: 0 | O89: 0 | P89: =IF(M89=" "," ",(1+(M89+N89+O89)/100)) | Q89: =IF(L89=" "," ",L89*P89)
Q90: =SUM(Q89:Q89)
J91: Qs= | K91: S a | L91: L | M91: R | N91: H | O91: D T | P91: Ze
J92: Qs = | K92: 2 | L92: 0 | M92: 0.9 | N92: 0.67 | O92: 30 | P92: 1 | Q92: =K92*L92*M92*N92*O92*P92
M93: TOPLAM ISI KAYBI = | Q93: =Q90+Q92
F94: 1 | G94: 0 | H94: 119 | I94: OFİS 2 HOL | K94: 18ºC
A95: İDM | D95: 1.3 | E95: 3 | F95: =IF(D95=0," ",D95*E95) | G95: 1 | H95: =F96*G96 | I95: =IF(F95=" "," ",F95*G95-H95) | J95: 0.332 | K95: 8 | L95: =IF(I95=" "," ",I95*J95*K95) | M95: 7 | N95: 0 | O95: 0 | P95: =IF(M95=" "," ",(1+(M95+N95+O95)/100)) | Q95: =IF(L95=" "," ",L95*P95)
A96: DK | D96: 1 | E96: 2.2 | F96: =IF(D96=0," ",D96*E96) | G96: 1 | I96: =IF(F96=" "," ",F96*G96-H96) | J96: 2 | K96: 8 | L96: =IF(I96=" "," ",I96*J96*K96) | M96: 7 | N96: 0 | O96: 0 | P96: =IF(M96=" "," ",(1+(M96+N96+O96)/100)) | Q96: =IF(L96=" "," ",L96*P96)
Q97: =SUM(Q95:Q96)
J98: Qs= | K98: S a | L98: L | M98: R | N98: H | O98: D T | P98: Ze
J99: Qs = | K99: 2 | L99: 0 | M99: 0.9 | N99: 0.67 | O99: 24 | P99: 1 | Q99: =K99*L99*M99*N99*O99*P99
M100: TOPLAM ISI KAYBI = | Q100: =Q97+Q99
...

Sheet 2 NK
H1: ISI KAYBI HESABI | N1: Kat : | O1: 2. NORMAL | P1: Tarih | Q1: =kapak!G41
F2: PROJE ADI : | H2: =kapak!C31 | N2: Sayfa : | O2: 5
A3: Yapı Bileşeni | E3: Alan Hesabı | I3: Isı kaybı hesabı | M3: Zamlar | Q3: Toplam
A4: İşaret | B4: Yön | C4: Kalınlık | D4: Uzunluk | E4: Yükseklik | F4: Toplam Alan | G4: Miktar | H4: Çıkarıla alan | I4: Hesaba giren Alan | J4: Isı İletim Katsayısı | K4: Sıcaklık Farkı | L4: Zamsız Isı Kaybı | M4: İşletme | N4: Kat Yük. | O4: Yön | P4: Toplam | Q4: Toplam Is ı İhtiyacı
F5: [Ao] | I5: [A] | J5: [k] | K5: D T | L5: Qo | M5: ZD | N5: ZW | O5: ZH | P5: Z | Q5: Qh=Qi+Qs
C6: cm | D6: m | E6: m | F6: m² | G6: ad | H6: m² | I6: m² | J6: watt m²hºC | K6: ºC | L6: watt | M6: % | N6: % | O6: % | P6: 1+% | Q6: watt
A7: 1 | B7: 2 | C7: 3 | D7: 4 | E7: 5 | F7: 6 | G7: 7 | H7: 8 | I7: 9 | J7: 10 | K7: 11 | L7: 12 | M7: 13 | N7: 14 | O7: 15 | P7: 16 | Q7: 17
F8: 2 | G8: 0 | H8: 201 | I8: OFİS 5 ODA | K8: 20ºC
A9: DD | B9: K | D9: 3.9 | E9: 2.5 | F9: =IF(D9=0," ",D9*E9) | G9: 1 | H9: =F11*G11 | I9: =IF(F9=" "," ",F9*G9-H9) | J9: 0.344 | K9: 26 | L9: =IF(I9=" "," ",I9*J9*K9) | M9: 7 | N9: 0 | O9: 5 | P9: =IF(M9=" "," ",(1+(M9+N9+O9)/100)) | Q9: =IF(L9=" "," ",L9*P9)
A10: DD25 | B10: K | D10: =D9 | E10: 0.5 | F10: =IF(D10=0," ",D10*E10) | G10: 1 | I10: =IF(F10=" "," ",F10*G10-H10) | J10: 0.387 | K10: 26 | L10: =IF(I10=" "," ",I10*J10*K10) | M10: 7 | N10: 0 | O10: 5 | P10: =IF(M10=" "," ",(1+(M10+N10+O10)/100)) | Q10: =IF(L10=" "," ",L10*P10)
A11: ÇP | B11: K | D11: 3.5 | E11: 2.7 | F11: =IF(D11=0," ",D11*E11) | G11: 1 | I11: =IF(F11=" "," ",F11*G11-H11) | J11: 1.8 | K11: 26 | L11: =IF(I11=" "," ",I11*J11*K11) | M11: 7 | N11: 0 | O11: 5 | P11: =IF(M11=" "," ",(1+(M11+N11+O11)/100)) | Q11: =IF(L11=" "," ",L11*P11)
A12: İDM | D12: 4.4 | E12: 3 | F12: =IF(D12=0," ",D12*E12) | G12: 1 | I12: =IF(F12=" "," ",F12*G12-H12) | J12: 0.332 | K12: 5 | L12: =IF(I12=" "," ",I12*J12*K12) | M12: 7 | N12: 0 | O12: 0 | P12: =IF(M12=" "," ",(1+(M12+N12+O12)/100)) | Q12: =IF(L12=" "," ",L12*P12)
A13: Ta | D13: 19.54 | E13: 1 | F13: =IF(D13=0," ",D13*E13) | G13: 1 | I13: =IF(F13=" "," ",F13*G13-H13) | J13: 0.266 | K13: 20 | L13: =IF(I13=" "," ",I13*J13*K13) | M13: 7 | N13: 0 | O13: 0 | P13: =IF(M13=" "," ",(1+(M13+N13+O13)/100)) | Q13: =IF(L13=" "," ",L13*P13)
Q14: =SUM(Q9:Q13)
J15: Qs= | K15: S a | L15: L | M15: R | N15: H | O15: D T | P15: Ze
J16: Qs = | K16: 2 | L16: =(D11+E11)*2*G11 | M16: 0.9 | N16: 0.67 | O16: 26 | P16: 1 | Q16: =K16*L16*M16*N16*O16*P16
M17: TOPLAM ISI KAYBI = | Q17: =Q14+Q16
F18: 2 | G18: 0 | H18: 202 | I18: OFİS 5 ODA | K18: 20ºC
A19: DD | B19: G | D19: 2.5 | E19: 2.5 | F19: =IF(D19=0," ",D19*E19) | G19: 1 | H19: =F21*G21 | I19: =IF(F19=" "," ",F19*G19-H19) | J19: 0.344 | K19: 26 | L19: =IF(I19=" "," ",I19*J19*K19) | M19: 7 | N19: 0 | O19: -5 | P19: =IF(M19=" "," ",(1+(M19+N19+O19)/100)) | Q19: =IF(L19=" "," ",L19*P19)
A20: DD25 | B20: G | D20: =D19 | E20: 0.5 | F20: =IF(D20=0," ",D20*E20) | G20: 1 | I20: =IF(F20=" "," ",F20*G20-H20) | J20: 0.387 | K20: 26 | L20: =IF(I20=" "," ",I20*J20*K20) | M20: 7 | N20: 0 | O20: -5 | P20: =IF(M20=" "," ",(1+(M20+N20+O20)/100)) | Q20: =IF(L20=" "," ",L20*P20)
A21: ÇP | B21: G | D21: 2.2 | E21: 2.7 | F21: =IF(D21=0," ",D21*E21) | G21: 1 | I21: =IF(F21=" "," ",F21*G21-H21) | J21: 1.8 | K21: 26 | L21: =IF(I21=" "," ",I21*J21*K21) | M21: 7 | N21: 0 | O21: -5 | P21: =IF(M21=" "," ",(1+(M21+N21+O21)/100)) | Q21: =IF(L21=" "," ",L21*P21)
A22: İDM | D22: 3.5 | E22: 3 | F22: =IF(D22=0," ",D22*E22) | G22: 1 | I22: =IF(F22=" "," ",F22*G22-H22) | J22: 0.332 | K22: 5 | L22: =IF(I22=" "," ",I22*J22*K22) | M22: 7 | N22: 0 | O22: 0 | P22: =IF(M22=" "," ",(1+(M22+N22+O22)/100)) | Q22: =IF(L22=" "," ",L22*P22)
A23: Ta | D23: 10.1 | E23: 1 | F23: =IF(D23=0," ",D23*E23) | G23: 1 | I23: =IF(F23=" "," ",F23*G23-H23) | J23: 0.266 | K23: 20 | L23: =IF(I23=" "," ",I23*J23*K23) | M23: 7 | N23: 0 | O23: 0 | P23: =IF(M23=" "," ",(1+(M23+N23+O23)/100)) | Q23: =IF(L23=" "," ",L23*P23)
Q24: =SUM(Q19:Q23)
J25: Qs= | K25: S a | L25: L | M25: R | N25: H | O25: D T | P25: Ze
J26: Qs = | K26: 2 | L26: =(D21+E21)*2*G21 | M26: 0.9 | N26: 0.67 | O26: 26 | P26: 1 | Q26: =K26*L26*M26*N26*O26*P26
M27: TOPLAM ISI KAYBI = | Q27: =Q24+Q26
F28: 2 | G28: 0 | H28: 203 | I28: OFİS 5 ODA | K28: 20ºC
A29: DD | B29: G | D29: 4.4 | E29: 2.5 | F29: =IF(D29=0," ",D29*E29) | G29: 1 | H29: =F31*G31 | I29: =IF(F29=" "," ",F29*G29-H29) | J29: 0.344 | K29: 26 | L29: =IF(I29=" "," ",I29*J29*K29) | M29: 7 | N29: 0 | O29: -5 | P29: =IF(M29=" "," ",(1+(M29+N29+O29)/100)) | Q29: =IF(L29=" "," ",L29*P29)
A30: DD25 | B30: G | D30: =D29 | E30: 0.5 | F30: =IF(D30=0," ",D30*E30) | G30: 1 | I30: =IF(F30=" "," ",F30*G30-H30) | J30: 0.387 | K30: 26 | L30: =IF(I30=" "," ",I30*J30*K30) | M30: 7 | N30: 0 | O30: -5 | P30: =IF(M30=" "," ",(1+(M30+N30+O30)/100)) | Q30: =IF(L30=" "," ",L30*P30)
A31: ÇP | B31: G | D31: 4.15 | E31: 2.7 | F31: =IF(D31=0," ",D31*E31) | G31: 1 | I31: =IF(F31=" "," ",F31*G31-H31) | J31: 1.8 | K31: 26 | L31: =IF(I31=" "," ",I31*J31*K31) | M31: 7 | N31: 0 | O31: -5 | P31: =IF(M31=" "," ",(1+(M31+N31+O31)/100)) | Q31: =IF(L31=" "," ",L31*P31)
A32: Ta | D32: 10.96 | E32: 1 | F32: =IF(D32=0," ",D32*E32) | G32: 1 | I32: =IF(F32=" "," ",F32*G32-H32) | J32: 0.266 | K32: 20 | L32: =IF(I32=" "," ",I32*J32*K32) | M32: 7 | N32: 0 | O32: 0 | P32: =IF(M32=" "," ",(1+(M32+N32+O32)/100)) | Q32: =IF(L32=" "," ",L32*P32)
Q33: =SUM(Q29:Q32)
J34: Qs= | K34: S a | L34: L | M34: R | N34: H | O34: D T | P34: Ze
J35: Qs = | K35: 2 | L35: =(D31+E31)*2*G31 | M35: 0.9 | N35: 0.67 | O35: 26 | P35: 1 | Q35: =K35*L35*M35*N35*O35*P35
M36: TOPLAM ISI KAYBI = | Q36: =Q33+Q35
F37: 2 | G37: 0 | H37: 204 | I37: OFİS 5 MUTFAK | K37: 20ºC
A38: DD | B38: G | D38: 0.9 | E38: 2.5 | F38: =IF(D38=0," ",D38*E38) | G38: 1 | H38: =F40*G40 | I38: =IF(F38=" "," ",F38*G38-H38) | J38: 0.344 | K38: 26 | L38: =IF(I38=" "," ",I38*J38*K38) | M38: 7 | N38: 0 | O38: -5 | P38: =IF(M38=" "," ",(1+(M38+N38+O38)/100)) | Q38: =IF(L38=" "," ",L38*P38)
A39: DD25 | B39: G | D39: =D38 | E39: 0.5 | F39: =IF(D39=0," ",D39*E39) | G39: 1 | I39: =IF(F39=" "," ",F39*G39-H39) | J39: 0.387 | K39: 26 | L39: =IF(I39=" "," ",I39*J39*K39) | M39: 7 | N39: 0 | O39: -5 | P39: =IF(M39=" "," ",(1+(M39+N39+O39)/100)) | Q39: =IF(L39=" "," ",L39*P39)
A40: ÇP | B40: G | D40: 0.8 | E40: 1.4 | F40: =IF(D40=0," ",D40*E40) | G40: 1 | I40: =IF(F40=" "," ",F40*G40-H40) | J40: 1.8 | K40: 26 | L40: =IF(I40=" "," ",I40*J40*K40) | M40: 7 | N40: 0 | O40: -5 | P40: =IF(M40=" "," ",(1+(M40+N40+O40)/100)) | Q40: =IF(L40=" "," ",L40*P40)
A41: Ta | D41: 3.83 | E41: 1 | F41: =IF(D41=0," ",D41*E41) | G41: 1 | I41: =IF(F41=" "," ",F41*G41-H41) | J41: 0.266 | K41: 20 | L41: =IF(I41=" "," ",I41*J41*K41) | M41: 7 | N41: 0 | O41: 0 | P41: =IF(M41=" "," ",(1+(M41+N41+O41)/100)) | Q41: =IF(L41=" "," ",L41*P41)
Q42: =SUM(Q38:Q41)
J43: Qs= | K43: S a | L43: L | M43: R | N43: H | O43: D T | P43: Ze
J44: Qs = | K44: 2 | L44: =(D40+E40)*2*G40 | M44: 0.9 | N44: 0.67 | O44: 26 | P44: 1 | Q44: =K44*L44*M44*N44*O44*P44
M45: TOPLAM ISI KAYBI = | Q45: =Q42+Q44
F46: 2 | G46: 0 | H46: 205 | I46: OFİS 5 LVB.WC | K46: 24ºC
A47: DD | B47: G | D47: 1.2 | E47: 2.5 | F47: =IF(D47=0," ",D47*E47) | G47: 1 | H47: =F49*G49 | I47: =IF(F47=" "," ",F47*G47-H47) | J47: 0.344 | K47: 30 | L47: =IF(I47=" "," ",I47*J47*K47) | M47: 7 | N47: 0 | O47: -5 | P47: =IF(M47=" "," ",(1+(M47+N47+O47)/100)) | Q47: =IF(L47=" "," ",L47*P47)
A48: DD25 | B48: G | D48: =D47 | E48: 0.5 | F48: =IF(D48=0," ",D48*E48) | G48: 1 | I48: =IF(F48=" "," ",F48*G48-H48) | J48: 0.387 | K48: 30 | L48: =IF(I48=" "," ",I48*J48*K48) | M48: 7 | N48: 0 | O48: -5 | P48: =IF(M48=" "," ",(1+(M48+N48+O48)/100)) | Q48: =IF(L48=" "," ",L48*P48)
A49: ÇP | B49: G | D49: 0.5 | E49: 0.5 | F49: =IF(D49=0," ",D49*E49) | G49: 1 | I49: =IF(F49=" "," ",F49*G49-H49) | J49: 1.8 | K49: 30 | L49: =IF(I49=" "," ",I49*J49*K49) | M49: 7 | N49: 0 | O49: -5 | P49: =IF(M49=" "," ",(1+(M49+N49+O49)/100)) | Q49: =IF(L49=" "," ",L49*P49)
A50: İDA | D50: 1.9 | E50: 3 | F50: =IF(D50=0," ",D50*E50) | G50: 1 | I50: =IF(F50=" "," ",F50*G50-H50) | J50: 0.375 | K50: 19 | L50: =IF(I50=" "," ",I50*J50*K50) | M50: 7 | N50: 0 | O50: 0 | P50: =IF(M50=" "," ",(1+(M50+N50+O50)/100)) | Q50: =IF(L50=" "," ",L50*P50)
A51: Ta | D51: 2.73 | E51: 1 | F51: =IF(D51=0," ",D51*E51) | G51: 1 | I51: =IF(F51=" "," ",F51*G51-H51) | J51: 0.266 | K51: 24 | L51: =IF(I51=" "," ",I51*J51*K51) | M51: 7 | N51: 0 | O51: 0 | P51: =IF(M51=" "," ",(1+(M51+N51+O51)/100)) | Q51: =IF(L51=" "," ",L51*P51)
Q52: =SUM(Q47:Q51)
J53: Qs= | K53: S a | L53: L | M53: R | N53: H | O53: D T | P53: Ze
J54: Qs = | K54: 2 | L54: =(D49+E49)*2*G49 | M54: 0.9 | N54: 0.67 | O54: 30 | P54: 1 | Q54: =K54*L54*M54*N54*O54*P54
M55: TOPLAM ISI KAYBI = | Q55: =Q52+Q54
F56: 2 | G56: 0 | H56: 209 | I56: OFİS 5 HOL | K56: 18ºC
A57: İDM | D57: 1.3 | E57: 3 | F57: =IF(D57=0," ",D57*E57) | G57: 1 | H57: =F58*G58 | I57: =IF(F57=" "," ",F57*G57-H57) | J57: 0.332 | K57: 8 | L57: =IF(I57=" "," ",I57*J57*K57) | M57: 7 | N57: 0 | O57: 0 | P57: =IF(M57=" "," ",(1+(M57+N57+O57)/100)) | Q57: =IF(L57=" "," ",L57*P57)
A58: DK | D58: 1 | E58: 2.2 | F58: =IF(D58=0," ",D58*E58) | G58: 1 | I58: =IF(F58=" "," ",F58*G58-H58) | J58: 2 | K58: 8 | L58: =IF(I58=" "," ",I58*J58*K58) | M58: 7 | N58: 0 | O58: 0 | P58: =IF(M58=" "," ",(1+(M58+N58+O58)/100)) | Q58: =IF(L58=" "," ",L58*P58)
A59: Ta | D59: 9.87 | E59: 1 | F59: =IF(D59=0," ",D59*E59) | G59: 1 | I59: =IF(F59=" "," ",F59*G59-H59) | J59: 0.266 | K59: 18 | L59: =IF(I59=" "," ",I59*J59*K59) | M59: 7 | N59: 0 | O59: 0 | P59: =IF(M59=" "," ",(1+(M59+N59+O59)/100)) | Q59: =IF(L59=" "," ",L59*P59)
Q60: =SUM(Q57:Q59)
J61: Qs= | K61: S a | L61: L | M61: R | N61: H | O61: D T | P61: Ze
J62: Qs = | K62: 2 | L62: 0 | M62: 0.9 | N62: 0.67 | O62: 24 | P62: 1 | Q62: =K62*L62*M62*N62*O62*P62
M63: TOPLAM ISI KAYBI = | Q63: =Q60+Q62
F64: 2 | G64: 0 | H64: 211 | I64: OFİS 6 ODA | K64: 20ºC
A65: DD | B65: K | D65: 3.2 | E65: 2.5 | F65: =IF(D65=0," ",D65*E65) | G65: 1 | H65: =F67*G67 | I65: =IF(F65=" "," ",F65*G65-H65) | J65: 0.344 | K65: 26 | L65: =IF(I65=" "," ",I65*J65*K65) | M65: 7 | N65: 0 | O65: 5 | P65: =IF(M65=" "," ",(1+(M65+N65+O65)/100)) | Q65: =IF(L65=" "," ",L65*P65)
A66: DD25 | B66: K | D66: =D65 | E66: 0.5 | F66: =IF(D66=0," ",D66*E66) | G66: 1 | I66: =IF(F66=" "," ",F66*G66-H66) | J66: 0.387 | K66: 26 | L66: =IF(I66=" "," ",I66*J66*K66) | M66: 7 | N66: 0 | O66: 5 | P66: =IF(M66=" "," ",(1+(M66+N66+O66)/100)) | Q66: =IF(L66=" "," ",L66*P66)
A67: ÇP | B67: K | D67: 2.8 | E67: 2.7 | F67: =IF(D67=0," ",D67*E67) | G67: 1 | I67: =IF(F67=" "," ",F67*G67-H67) | J67: 1.8 | K67: 26 | L67: =IF(I67=" "," ",I67*J67*K67) | M67: 7 | N67: 0 | O67: 5 | P67: =IF(M67=" "," ",(1+(M67+N67+O67)/100)) | Q67: =IF(L67=" "," ",L67*P67)
A68: Ta | D68: 10.76 | E68: 1 | F68: =IF(D68=0," ",D68*E68) | G68: 1 | I68: =IF(F68=" "," ",F68*G68-H68) | J68: 0.266 | K68: 20 | L68: =IF(I68=" "," ",I68*J68*K68) | M68: 7 | N68: 0 | O68: 0 | P68: =IF(M68=" "," ",(1+(M68+N68+O68)/100)) | Q68: =IF(L68=" "," ",L68*P68)
Q69: =SUM(Q65:Q68)
J70: Qs= | K70: S a | L70: L | M70: R | N70: H | O70: D T | P70: Ze
J71: Qs = | K71: 2 | L71: =(D67+E67)*2*G67 | M71: 0.9 | N71: 0.67 | O71: 26 | P71: 1 | Q71: =K71*L71*M71*N71*O71*P71
M72: TOPLAM ISI KAYBI = | Q72: =Q69+Q71
F73: 2 | G73: 0 | H73: 212 | I73: OFİS 6 ODA | K73: 20ºC
A74: DD | B74: K | D74: 3.1 | E74: 2.5 | F74: =IF(D74=0," ",D74*E74) | G74: 1 | H74: =F76*G76 | I74: =IF(F74=" "," ",F74*G74-H74) | J74: 0.344 | K74: 26 | L74: =IF(I74=" "," ",I74*J74*K74) | M74: 7 | N74: 0 | O74: 5 | P74: =IF(M74=" "," ",(1+(M74+N74+O74)/100)) | Q74: =IF(L74=" "," ",L74*P74)
A75: DD25 | B75: K | D75: =D74 | E75: 0.5 | F75: =IF(D75=0," ",D75*E75) | G75: 1 | I75: =IF(F75=" "," ",F75*G75-H75) | J75: 0.387 | K75: 26 | L75: =IF(I75=" "," ",I75*J75*K75) | M75: 7 | N75: 0 | O75: 5 | P75: =IF(M75=" "," ",(1+(M75+N75+O75)/100)) | Q75: =IF(L75=" "," ",L75*P75)
A76: ÇP | B76: K | D76: 2.7 | E76: 2.7 | F76: =IF(D76=0," ",D76*E76) | G76: 1 | I76: =IF(F76=" "," ",F76*G76-H76) | J76: 1.8 | K76: 26 | L76: =IF(I76=" "," ",I76*J76*K76) | M76: 7 | N76: 0 | O76: 5 | P76: =IF(M76=" "," ",(1+(M76+N76+O76)/100)) | Q76: =IF(L76=" "," ",L76*P76)
A77: Ta | D77: 10.68 | E77: 1 | F77: =IF(D77=0," ",D77*E77) | G77: 1 | I77: =IF(F77=" "," ",F77*G77-H77) | J77: 0.266 | K77: 20 | L77: =IF(I77=" "," ",I77*J77*K77) | M77: 7 | N77: 0 | O77: 0 | P77: =IF(M77=" "," ",(1+(M77+N77+O77)/100)) | Q77: =IF(L77=" "," ",L77*P77)
Q78: =SUM(Q74:Q77)
J79: Qs= | K79: S a | L79: L | M79: R | N79: H | O79: D T | P79: Ze
J80: Qs = | K80: 2 | L80: =(D76+E76)*2*G76 | M80: 0.9 | N80: 0.67 | O80: 26 | P80: 1 | Q80: =K80*L80*M80*N80*O80*P80
M81: TOPLAM ISI KAYBI = | Q81: =Q78+Q80
F82: 2 | G82: 0 | H82: 213 | I82: OFİS 6 ODA | K82: 20ºC
A83: DD | B83: K | D83: 4 | E83: 2.5 | F83: =IF(D83=0," ",D83*E83) | G83: 1 | H83: =F85*G85 | I83: =IF(F83=" "," ",F83*G83-H83) | J83: 0.344 | K83: 26 | L83: =IF(I83=" "," ",I83*J83*K83) | M83: 7 | N83: 0 | O83: 5 | P83: =IF(M83=" "," ",(1+(M83+N83+O83)/100)) | Q83: =IF(L83=" "," ",L83*P83)
A84: DD25 | B84: K | D84: =D83 | E84: 0.5 | F84: =IF(D84=0," ",D84*E84) | G84: 1 | I84: =IF(F84=" "," ",F84*G84-H84) | J84: 0.387 | K84: 26 | L84: =IF(I84=" "," ",I84*J84*K84) | M84: 7 | N84: 0 | O84: 5 | P84: =IF(M84=" "," ",(1+(M84+N84+O84)/100)) | Q84: =IF(L84=" "," ",L84*P84)
A85: ÇP | B85: K | D85: 3.6 | E85: 2.7 | F85: =IF(D85=0," ",D85*E85) | G85: 1 | I85: =IF(F85=" "," ",F85*G85-H85) | J85: 1.8 | K85: 26 | L85: =IF(I85=" "," ",I85*J85*K85) | M85: 7 | N85: 0 | O85: 5 | P85: =IF(M85=" "," ",(1+(M85+N85+O85)/100)) | Q85: =IF(L85=" "," ",L85*P85)
A86: Ta | D86: 13.32 | E86: 1 | F86: =IF(D86=0," ",D86*E86) | G86: 1 | I86: =IF(F86=" "," ",F86*G86-H86) | J86: 0.266 | K86: 20 | L86: =IF(I86=" "," ",I86*J86*K86) | M86: 7 | N86: 0 | O86: 0 | P86: =IF(M86=" "," ",(1+(M86+N86+O86)/100)) | Q86: =IF(L86=" "," ",L86*P86)
Q87: =SUM(Q83:Q86)
J88: Qs= | K88: S a | L88: L | M88: R | N88: H | O88: D T | P88: Ze
J89: Qs = | K89: 2 | L89: =(D85+E85)*2*G85 | M89: 0.9 | N89: 0.67 | O89: 26 | P89: 1 | Q89: =K89*L89*M89*N89*O89*P89
M90: TOPLAM ISI KAYBI = | Q90: =Q87+Q89
F91: 2 | G91: 0 | H91: 214 | I91: OFİS 6 MUTFAK | K91: 20ºC
A92: İDM | D92: 2.6 | E92: 3 | F92: =IF(D92=0," ",D92*E92) | G92: 1 | I92: =IF(F92=" "," ",F92*G92-H92) | J92: 0.332 | K92: 10 | L92: =IF(I92=" "," ",I92*J92*K92) | M92: 7 | N92: 0 | O92: 0 | P92: =IF(M92=" "," ",(1+(M92+N92+O92)/100)) | Q92: =IF(L92=" "," ",L92*P92)
A93: Ta | D93: 3.65 | E93: 1 | F93: =IF(D93=0," ",D93*E93) | G93: 1 | I93: =IF(F93=" "," ",F93*G93-H93) | J93: 0.266 | K93: 20 | L93: =IF(I93=" "," ",I93*J93*K93) | M93: 7 | N93: 0 | O93: 0 | P93: =IF(M93=" "," ",(1+(M93+N93+O93)/100)) | Q93: =IF(L93=" "," ",L93*P93)
Q94: =SUM(Q92:Q93)
J95: Qs= | K95: S a | L95: L | M95: R | N95: H | O95: D T | P95: Ze
J96: Qs = | K96: 2 | L96: 0 | M96: 0.9 | N96: 0.67 | O96: 26 | P96: 1 | Q96: =K96*L96*M96*N96*O96*P96
M97: TOPLAM ISI KAYBI = | Q97: =Q94+Q96
F98: 2 | G98: 0 | H98: 215 | I98: OFİS 6 LVB.WC | K98: 24ºC
A99: İD | D99: 6.6 | E99: 3 | F99: =IF(D99=0," ",D99*E99) | G99: 1 | I99: =IF(F99=" "," ",F99*G99-H99) | J99: 1.915 | K99: 4 | L99: =IF(I99=" "," ",I99*J99*K99) | M99: 7 | N99: 0 | O99: 0 | P99: =IF(M99=" "," ",(1+(M99+N99+O99)/100)) | Q99: =IF(L99=" "," ",L99*P99)
A100: Ta | D100: 2.9 | E100: 1 | F100: =IF(D100=0," ",D100*E100) | G100: 1 | I100: =IF(F100=" "," ",F100*G100-H100) | J100: 0.266 | K100: 24 | L100: =IF(I100=" "," ",I100*J100*K100) | M100: 7 | N100: 0 | O100: 0 | P100: =IF(M100=" "," ",(1+(M100+N100+O100)/100)) | Q100: =IF(L100=" "," ",L100*P100)
...

Sheet PETEK LİST
A1: ROTAŞ | C1: MAHAL VE YERDEN ISITMA BORU BOYU ÇİZELGESİ | H1: SAYFA | N1: 7
H3: TARİH | N3: 46307
A5: ODANIN | C5: RADYATÖRLERİN | H5: TEFERRUATIN
A6: NO | B6: ADI | C6: SICAKLIĞI | D6: ISI KAYBI | E6: BİRİM VERİMİ | F6: VERİMİ | G6: BORU UZUNLUĞU | H6: GRUP | I6: KONSOL | J6: KELEPÇE | K6: MUSLUK | N6: REKOR
K7: 1/2" | L7: 3/4" | M7: 1" | N7: 1/2" | O7: 3/4" | P7: 1"
C9: 0c | D9: W/h | E9: W/m2K | F9: W/m2K | G9: m
A10: 101 | B10: OFİS 1 ODA | C10: 20 | D10: ='1 NK'!Q16 | E10: 17.5 | F10: ='YERDEN ISITMA'!N10 | G10: 134.68 | H10: 2 | I10: ZEMİNDEN ISITMA
A11: 102 | B11: OFİS 1 ODA | C11: 20 | D11: ='1 NK'!Q25 | E11: 17.5 | F11: ='YERDEN ISITMA'!N11 | G11: 69.88 | H11: 1 | I11: ZEMİNDEN ISITMA
A12: 103 | B12: OFİS 1 ODA | C12: 20 | D12: ='1 NK'!Q33 | E12: 17.5 | F12: ='YERDEN ISITMA'!N12 | G12: 106.9 | H12: 2 | I12: ZEMİNDEN ISITMA
A13: 104 | B13: OFİS 1 MUTFAK | C13: 20 | D13: ='1 NK'!Q41 | E13: 17.5 | F13: ='YERDEN ISITMA'!N13 | G13: 15.18 | H13: 1 | I13: ZEMİNDEN ISITMA
A14: 105 | B14: OFİS 1 LVB.WC | C14: 24 | D14: ='1 NK'!Q50 | E14: 17.5 | F14: ='YERDEN ISITMA'!N14 | G14: 22.84 | H14: 1 | I14: ZEMİNDEN ISITMA
A15: 109 | B15: OFİS 1 HOL | C15: 18 | D15: ='1 NK'!Q57 | E15: 17.5 | F15: ='YERDEN ISITMA'!N15 | G15: 20.45 | H15: 1 | I15: ZEMİNDEN ISITMA (BAĞLANTI BORULARI)
A16: 111 | B16: OFİS 2 ODA | C16: 20 | D16: ='1 NK'!Q65 | E16: 17.5 | F16: ='YERDEN ISITMA'!N16 | G16: 72.68 | H16: 2 | I16: ZEMİNDEN ISITMA
A17: 112 | B17: OFİS 2 ODA | C17: 20 | D17: ='1 NK'!Q73 | E17: 17.5 | F17: ='YERDEN ISITMA'!N17 | G17: 67.84 | H17: 2 | I17: ZEMİNDEN ISITMA
A18: 113 | B18: OFİS 2 ODA | C18: 20 | D18: ='1 NK'!Q81 | E18: 17.5 | F18: ='YERDEN ISITMA'!N18 | G18: 83.98 | H18: 2 | I18: ZEMİNDEN ISITMA
A19: 114 | B19: OFİS 2 MUTFAK | C19: 20 | D19: ='1 NK'!Q87 | E19: 17.5 | F19: ='YERDEN ISITMA'!N19 | G19: 14.94 | H19: 1 | I19: ZEMİNDEN ISITMA
A20: 115 | B20: OFİS 2 LVB.WC | C20: 24 | D20: ='1 NK'!Q93 | E20: 17.5 | F20: ='YERDEN ISITMA'!N20 | G20: 26.46 | H20: 1 | I20: ZEMİNDEN ISITMA
A21: 119 | B21: OFİS 2 HOL | C21: 18 | D21: ='1 NK'!Q100 | E21: 17.5 | F21: ='YERDEN ISITMA'!N21 | G21: 17.83 | H21: 1 | I21: ZEMİNDEN ISITMA (BAĞLANTI BORULARI)
A22: 121 | B22: OFİS 3 ODA | C22: 20 | D22: ='1 NK'!Q108 | E22: 17.5 | F22: ='YERDEN ISITMA'!N22 | G22: 88.65 | H22: 2 | I22: ZEMİNDEN ISITMA
A23: 122 | B23: OFİS 3 ODA | C23: 20 | D23: ='1 NK'!Q116 | E23: 17.5 | F23: ='YERDEN ISITMA'!N23 | G23: 66.3 | H23: 2 | I23: ZEMİNDEN ISITMA
A24: 123 | B24: OFİS 3 ODA | C24: 20 | D24: ='1 NK'!Q124 | E24: 17.5 | F24: ='YERDEN ISITMA'!N24 | G24: 65.64 | H24: 2 | I24: ZEMİNDEN ISITMA
A25: 124 | B25: OFİS 3 MUTFAK | C25: 20 | D25: ='1 NK'!Q130 | E25: 17.5 | F25: ='YERDEN ISITMA'!N25 | G25: 13.66 | H25: 1 | I25: ZEMİNDEN ISITMA
A26: 125 | B26: OFİS 3 LVB.WC | C26: 24 | D26: ='1 NK'!Q136 | E26: 17.5 | F26: ='YERDEN ISITMA'!N26 | G26: 24.16 | H26: 1 | I26: ZEMİNDEN ISITMA
A27: 129 | B27: OFİS 3 HOL | C27: 18 | D27: ='1 NK'!Q143 | E27: 17.5 | F27: ='YERDEN ISITMA'!N27 | G27: 14.2 | H27: 1 | I27: ZEMİNDEN ISITMA (BAĞLANTI BORULARI)
A28: 131 | B28: OFİS 4 ODA | C28: 20 | D28: ='1 NK'!Q152 | E28: 17.5 | F28: ='YERDEN ISITMA'!N28 | G28: 123.58 | H28: 2 | I28: ZEMİNDEN ISITMA
A29: 132 | B29: OFİS 4 ODA | C29: 20 | D29: ='1 NK'!Q161 | E29: 17.5 | F29: ='YERDEN ISITMA'!N29 | G29: 69.6 | H29: 1 | I29: ZEMİNDEN ISITMA
A30: 133 | B30: OFİS 4 ODA | C30: 20 | D30: ='1 NK'!Q169 | E30: 17.5 | F30: ='YERDEN ISITMA'!N30 | G30: 104.23 | H30: 2 | I30: ZEMİNDEN ISITMA
A31: 134 | B31: OFİS 4 MUTFAK | C31: 20 | D31: ='1 NK'!Q177 | E31: 17.5 | F31: ='YERDEN ISITMA'!N31 | G31: 15.22 | H31: 1 | I31: ZEMİNDEN ISITMA
A32: 135 | B32: OFİS 4 LVB.WC | C32: 24 | D32: ='1 NK'!Q186 | E32: 17.5 | F32: ='YERDEN ISITMA'!N32 | G32: 27.22 | H32: 1 | I32: ZEMİNDEN ISITMA
A33: 139 | B33: OFİS 4 HOL | C33: 18 | D33: ='1 NK'!Q193 | E33: 17.5 | F33: ='YERDEN ISITMA'!N33 | G33: 16.09 | H33: 1 | I33: ZEMİNDEN ISITMA (BAĞLANTI BORULARI)
E34: TOPLAM = | F34: =SUM(F10:F33) | G34: watt
A35: 201 | B35: OFİS 5 ODA | C35: 20 | D35: ='2 NK'!Q17 | E35: 17.5 | F35: ='YERDEN ISITMA'!N35 | G35: 134.68 | H35: 2 | I35: ZEMİNDEN ISITMA
A36: 202 | B36: OFİS 5 ODA | C36: 20 | D36: ='2 NK'!Q27 | E36: 17.5 | F36: ='YERDEN ISITMA'!N36 | G36: 69.88 | H36: 1 | I36: ZEMİNDEN ISITMA
A37: 203 | B37: OFİS 5 ODA | C37: 20 | D37: ='2 NK'!Q36 | E37: 17.5 | F37: ='YERDEN ISITMA'!N37 | G37: 106.9 | H37: 2 | I37: ZEMİNDEN ISITMA
A38: 204 | B38: OFİS 5 MUTFAK | C38: 20 | D38: ='2 NK'!Q45 | E38: 17.5 | F38: ='YERDEN ISITMA'!N38 | G38: 15.18 | H38: 1 | I38: ZEMİNDEN ISITMA
A39: 205 | B39: OFİS 5 LVB.WC | C39: 24 | D39: ='2 NK'!Q55 | E39: 17.5 | F39: ='YERDEN ISITMA'!N39 | G39: 22.84 | H39: 1 | I39: ZEMİNDEN ISITMA
A40: 209 | B40: OFİS 5 HOL | C40: 18 | D40: ='2 NK'!Q63 | E40: 17.5 | F40: ='YERDEN ISITMA'!N40 | G40: 20.45 | H40: 1 | I40: ZEMİNDEN ISITMA (BAĞLANTI BORULARI)
A41: 211 | B41: OFİS 6 ODA | C41: 20 | D41: ='2 NK'!Q72 | E41: 17.5 | F41: ='YERDEN ISITMA'!N41 | G41: 72.68 | H41: 2 | I41: ZEMİNDEN ISITMA
A42: 212 | B42: OFİS 6 ODA | C42: 20 | D42: ='2 NK'!Q81 | E42: 17.5 | F42: ='YERDEN ISITMA'!N42 | G42: 67.84 | H42: 2 | I42: ZEMİNDEN ISITMA
A43: 213 | B43: OFİS 6 ODA | C43: 20 | D43: ='2 NK'!Q90 | E43: 17.5 | F43: ='YERDEN ISITMA'!N43 | G43: 83.98 | H43: 2 | I43: ZEMİNDEN ISITMA
A44: 214 | B44: OFİS 6 MUTFAK | C44: 20 | D44: ='2 NK'!Q97 | E44: 17.5 | F44: ='YERDEN ISITMA'!N44 | G44: 14.94 | H44: 1 | I44: ZEMİNDEN ISITMA
A45: 215 | B45: OFİS 6 LVB.WC | C45: 24 | D45: ='2 NK'!Q104 | E45: 17.5 | F45: ='YERDEN ISITMA'!N45 | G45: 26.46 | H45: 1 | I45: ZEMİNDEN ISITMA
A46: 219 | B46: OFİS 6 HOL | C46: 18 | D46: ='2 NK'!Q112 | E46: 17.5 | F46: ='YERDEN ISITMA'!N46 | G46: 17.83 | H46: 1 | I46: ZEMİNDEN ISITMA (BAĞLANTI BORULARI)
A47: 221 | B47: OFİS 7 ODA | C47: 20 | D47: ='2 NK'!Q121 | E47: 17.5 | F47: ='YERDEN ISITMA'!N47 | G47: 88.65 | H47: 2 | I47: ZEMİNDEN ISITMA
A48: 222 | B48: OFİS 7 ODA | C48: 20 | D48: ='2 NK'!Q130 | E48: 17.5 | F48: ='YERDEN ISITMA'!N48 | G48: 66.3 | H48: 2 | I48: ZEMİNDEN ISITMA
A49: 223 | B49: OFİS 7 ODA | C49: 20 | D49: ='2 NK'!Q139 | E49: 17.5 | F49: ='YERDEN ISITMA'!N49 | G49: 65.64 | H49: 2 | I49: ZEMİNDEN ISITMA
A50: 224 | B50: OFİS 7 MUTFAK | C50: 20 | D50: ='2 NK'!Q146 | E50: 17.5 | F50: ='YERDEN ISITMA'!N50 | G50: 13.66 | H50: 1 | I50: ZEMİNDEN ISITMA
A51: 225 | B51: OFİS 7 LVB.WC | C51: 24 | D51: ='2 NK'!Q153 | E51: 17.5 | F51: ='YERDEN ISITMA'!N51 | G51: 24.16 | H51: 1 | I51: ZEMİNDEN ISITMA
A52: 229 | B52: OFİS 7 HOL | C52: 18 | D52: ='2 NK'!Q161 | E52: 17.5 | F52: ='YERDEN ISITMA'!N52 | G52: 14.2 | H52: 1 | I52: ZEMİNDEN ISITMA (BAĞLANTI BORULARI)
A53: 231 | B53: OFİS 8 ODA | C53: 20 | D53: ='2 NK'!Q171 | E53: 17.5 | F53: ='YERDEN ISITMA'!N53 | G53: 123.58 | H53: 2 | I53: ZEMİNDEN ISITMA
A54: 232 | B54: OFİS 8 ODA | C54: 20 | D54: ='2 NK'!Q181 | E54: 17.5 | F54: ='YERDEN ISITMA'!N54 | G54: 69.6 | H54: 1 | I54: ZEMİNDEN ISITMA
A55: 233 | B55: OFİS 8 ODA | C55: 20 | D55: ='2 NK'!Q190 | E55: 17.5 | F55: ='YERDEN ISITMA'!N55 | G55: 104.23 | H55: 2 | I55: ZEMİNDEN ISITMA
A56: 234 | B56: OFİS 8 MUTFAK | C56: 20 | D56: ='2 NK'!Q199 | E56: 17.5 | F56: ='YERDEN ISITMA'!N56 | G56: 15.22 | H56: 1 | I56: ZEMİNDEN ISITMA
A57: 235 | B57: OFİS 8 LVB.WC | C57: 24 | D57: ='2 NK'!Q209 | E57: 17.5 | F57: ='YERDEN ISITMA'!N57 | G57: 27.22 | H57: 1 | I57: ZEMİNDEN ISITMA
A58: 239 | B58: OFİS 8 HOL | C58: 18 | D58: ='2 NK'!Q217 | E58: 17.5 | F58: ='YERDEN ISITMA'!N58 | G58: 16.09 | H58: 1 | I58: ZEMİNDEN ISITMA (BAĞLANTI BORULARI)
E59: TOPLAM = | F59: =SUM(F35:F58) | G59: watt

Sheet YERDEN ISITMA
A1: ROTAŞ | C1: ZEMİNDEN ISITMA MODÜLASYON HESABI | H1: SAYFA | L1: 8
H3: TARİH | L3: =kapak!G41
A5: PROJE ADI : | H5: =kapak!C31
A6: HESAPLARI YAPAN MAKİNA MÜHENDİSİ : | H6: BAYRAM GENÇ
A8: MAHAL NO | B8: MAHAL ADI | C8: MAHAL SICAKLIĞI | D8: Mahal ısı ihtiyacı Q | E8: MAHAL ALANI A | F8: 1 m2 ' DEKİ TOPLAM ISI YÜKÜ Q/A | G8: MODÜL | H8: m2 | I8: STANDART MODÜL | J8: BORU BOYU | K8: KOLLEKTÖR ADETİ | L8: TOPLAM OLMASI GEREKEN KOLLEKTÖR ADETİ | M8: BİRİM VERİM | N8: TOPLAM VERİM
C9: C0 | D9: watt/h | E9: m2 | F9: watt/m2h | G9: watt/m2h | H9: m2 | J9: m | K9: Ad. | L9: Ad. | M9: m | N9: Watt
A10: ='PETEK LİST'!A10 | B10: ='PETEK LİST'!B10 | C10: ='PETEK LİST'!C10 | D10: ='PETEK LİST'!D10 | E10: 19.54 | F10: =D10/E10 | G10: =76.263-0.539*F10 | H10: =D10/G10 | I10: 15 | J10: ='PETEK LİST'!G10 | K10: =J10/80 | L10: 2 | M10: 17.5 | N10: =J10*M10
A11: ='PETEK LİST'!A11 | B11: ='PETEK LİST'!B11 | C11: ='PETEK LİST'!C11 | D11: ='PETEK LİST'!D11 | E11: 10.1 | F11: =D11/E11 | G11: =76.263-0.539*F11 | H11: =D11/G11 | I11: 15 | J11: ='PETEK LİST'!G11 | K11: =J11/80 | L11: 1 | M11: 17.5 | N11: =J11*M11
A12: ='PETEK LİST'!A12 | B12: ='PETEK LİST'!B12 | C12: ='PETEK LİST'!C12 | D12: ='PETEK LİST'!D12 | E12: 10.96 | F12: =D12/E12 | G12: =76.263-0.539*F12 | H12: =D12/G12 | I12: 10 | J12: ='PETEK LİST'!G12 | K12: =J12/80 | L12: 2 | M12: 17.5 | N12: =J12*M12
A13: ='PETEK LİST'!A13 | B13: ='PETEK LİST'!B13 | C13: ='PETEK LİST'!C13 | D13: ='PETEK LİST'!D13 | E13: 3.83 | F13: =D13/E13 | G13: =76.263-0.539*F13 | H13: =D13/G13 | I13: 15 | J13: ='PETEK LİST'!G13 | K13: =J13/80 | L13: 1 | M13: 17.5 | N13: =J13*M13
A14: ='PETEK LİST'!A14 | B14: ='PETEK LİST'!B14 | C14: ='PETEK LİST'!C14 | D14: ='PETEK LİST'!D14 | E14: 2.73 | F14: =D14/E14 | G14: =76.263-0.539*F14 | H14: =D14/G14 | I14: 10 | J14: ='PETEK LİST'!G14 | K14: =J14/80 | L14: 1 | M14: 17.5 | N14: =J14*M14
A15: ='PETEK LİST'!A15 | B15: ='PETEK LİST'!B15 | C15: ='PETEK LİST'!C15 | D15: ='PETEK LİST'!D15 | E15: 9.87 | F15: =D15/E15 | G15: =76.263-0.539*F15 | H15: =D15/G15 | I15: 15 | J15: ='PETEK LİST'!G15 | K15: =J15/80 | L15: 1 | M15: 17.5 | N15: =J15*M15
A16: ='PETEK LİST'!A16 | B16: ='PETEK LİST'!B16 | C16: ='PETEK LİST'!C16 | D16: ='PETEK LİST'!D16 | E16: 10.76 | F16: =D16/E16 | G16: =76.263-0.539*F16 | H16: =D16/G16 | I16: 15 | J16: ='PETEK LİST'!G16 | K16: =J16/80 | L16: 2 | M16: 17.5 | N16: =J16*M16
A17: ='PETEK LİST'!A17 | B17: ='PETEK LİST'!B17 | C17: ='PETEK LİST'!C17 | D17: ='PETEK LİST'!D17 | E17: 10.68 | F17: =D17/E17 | G17: =76.263-0.539*F17 | H17: =D17/G17 | I17: 15 | J17: ='PETEK LİST'!G17 | K17: =J17/80 | L17: 2 | M17: 17.5 | N17: =J17*M17
A18: ='PETEK LİST'!A18 | B18: ='PETEK LİST'!B18 | C18: ='PETEK LİST'!C18 | D18: ='PETEK LİST'!D18 | E18: 13.32 | F18: =D18/E18 | G18: =76.263-0.539*F18 | H18: =D18/G18 | I18: 15 | J18: ='PETEK LİST'!G18 | K18: =J18/80 | L18: 2 | M18: 17.5 | N18: =J18*M18
A19: ='PETEK LİST'!A19 | B19: ='PETEK LİST'!B19 | C19: ='PETEK LİST'!C19 | D19: ='PETEK LİST'!D19 | E19: 3.65 | F19: =D19/E19 | G19: =76.263-0.539*F19 | H19: =D19/G19 | I19: 15 | J19: ='PETEK LİST'!G19 | K19: =J19/80 | L19: 1 | M19: 17.5 | N19: =J19*M19
A20: ='PETEK LİST'!A20 | B20: ='PETEK LİST'!B20 | C20: ='PETEK LİST'!C20 | D20: ='PETEK LİST'!D20 | E20: 2.9 | F20: =D20/E20 | G20: =76.263-0.539*F20 | H20: =D20/G20 | I20: 10 | J20: ='PETEK LİST'!G20 | K20: =J20/80 | L20: 1 | M20: 17.5 | N20: =J20*M20
A21: ='PETEK LİST'!A21 | B21: ='PETEK LİST'!B21 | C21: ='PETEK LİST'!C21 | D21: ='PETEK LİST'!D21 | E21: 9 | F21: =D21/E21 | G21: =76.263-0.539*F21 | H21: =D21/G21 | I21: 15 | J21: ='PETEK LİST'!G21 | K21: =J21/80 | L21: 1 | M21: 17.5 | N21: =J21*M21
... A58: ='PETEK LİST'!A58 | B58: ='PETEK LİST'!B58 | C58: ='PETEK LİST'!C58 | D58: ='PETEK LİST'!D58 | E58: 10.07 | F58: =D58/E58 | G58: =76.263-0.539*F58 | H58: =D58/G58 | I58: 15 | J58: ='PETEK LİST'!G58 | K58: =J58/80 | L58: 1 | M58: 17.5 | N58: =J58*M58

Sheet MMO YERDEN ISITMA
A1: YERDEN ISITMA HESABI
A2: 1. KAT (OFİS 1 - OFİS 4) | C2: DÖŞEMEDEN ISITMA HESAP ÖZETİ | D2: Ts.g = 50 °C | E2: TOPLAM ISI KAYBI = 11449 W
D3: Isıtma Çevrim Sayısı : 30 | E3: MAX. BASINÇ KAYBI = 2741 Pa
D5: Mak. Müh. Bayram GENÇ
F7: P2 | G7: P3 | H7: P1 | I7: P4 | J7: P5 | K7: P6 | L7: P7 | M7: P2 | N7: P3 | O7: P4 | P7: P5 | Q7: P6 | R7: P7 | S7: P8 | T7: P1 | U7: P2 | V7: P3 | W7: P4 | X7: P5 | Y7: P6 | Z7: P7 | AA7: P1 | AB7: P8 | AC7: P5 | AD7: P6 | AE7: P7 | AF7: P3 | AG7: P4 | AH7: P2 | AI7: P1
F8: Z101 | G8: Z101 | H8: Z102 | I8: Z103 | J8: Z103 | K8: Z104 | L8: Z105 | M8: Z111 | N8: Z111 | O8: Z112 | P8: Z112 | Q8: Z113 | R8: Z113 | S8: Z114 | T8: Z115 | U8: Z121 | V8: Z121 | W8: Z122 | X8: Z122 | Y8: Z123 | Z8: Z123 | AA8: Z124 | AB8: Z125 | AC8: Z131 | AD8: Z131 | AE8: Z132 | AF8: Z133 | AG8: Z133 | AH8: Z134 | AI8: Z135
F9: ODA | G9: ODA | H9: ODA | I9: ODA | J9: ODA | K9: MUTFAK | L9: LVB.WC | M9: ODA | N9: ODA | O9: ODA | P9: ODA | Q9: ODA | R9: ODA | S9: MUTFAK | T9: LVB.WC | U9: ODA | V9: ODA | W9: ODA | X9: ODA | Y9: ODA | Z9: ODA | AA9: MUTFAK | AB9: LVB.WC | AC9: ODA | AD9: ODA | AE9: ODA | AF9: ODA | AG9: ODA | AH9: MUTFAK | AI9: LVB.WC
F10: 20 | G10: 20 | H10: 20 | I10: 20 | J10: 20 | K10: 20 | L10: 24 | M10: 20 | N10: 20 | O10: 20 | P10: 20 | Q10: 20 | R10: 20 | S10: 20 | T10: 24 | U10: 20 | V10: 20 | W10: 20 | X10: 20 | Y10: 20 | Z10: 20 | AA10: 20 | AB10: 24 | AC10: 20 | AD10: 20 | AE10: 20 | AF10: 20 | AG10: 20 | AH10: 20 | AI10: 24
F11: 20 | G11: 20 | H11: 20 | I11: 20 | J11: 20 | K11: 20 | L11: 20 | M11: 20 | N11: 20 | O11: 20 | P11: 20 | Q11: 20 | R11: 20 | S11: 20 | T11: 20 | U11: 20 | V11: 20 | W11: 20 | X11: 20 | Y11: 20 | Z11: 20 | AA11: 20 | AB11: 20 | AC11: 20 | AD11: 20 | AE11: 20 | AF11: 20 | AG11: 20 | AH11: 20 | AI11: 20
F12: 8.56 | G12: 8.56 | H12: 8.9 | I12: 4.93 | J12: 4.93 | K12: 2.06 | L12: 2.28 | M12: 4.58 | N12: 4.58 | O12: 4.51 | P12: 4.51 | Q12: 5.77 | R12: 5.77 | S12: 1.52 | T12: 2.19 | U12: 5.57 | V12: 5.57 | W12: 4.69 | X12: 4.69 | Y12: 4.61 | Z12: 4.61 | AA12: 1.46 | AB12: 2.19 | AC12: 8.38 | AD12: 8.38 | AE12: 8.9 | AF12: 4.96 | AG12: 4.96 | AH12: 2.06 | AI12: 2.36
F13: 478 | G13: 478 | H13: 639.7 | I13: 502.6 | J13: 502.6 | K13: 210.5 | L13: 179.2 | M13: 389.8 | N13: 389.8 | O13: 379.2 | P13: 379.2 | Q13: 475 | R13: 475 | S13: 32.3 | T13: 189.3 | U13: 464.3 | V13: 464.3 | W13: 400.5 | X13: 400.5 | Y13: 389.8 | Z13: 389.8 | AA13: 32.3 | AB13: 189.3 | AC13: 467.4 | AD13: 467.4 | AE13: 681.4 | AF13: 474.2 | AG13: 474.2 | AH13: 210.5 | AI13: 243.2
F14: =F13/F12 | G14: =G13/G12 | H14: =H13/H12 | I14: =I13/I12 | J14: =J13/J12 | K14: =K13/K12 | L14: =L13/L12 | M14: =M13/M12 | ... AI14: =AI13/AI12
F15: 0.012 | G15: 0.012 | H15: 0.012 | I15: 0.012 | J15: 0.012 | K15: 0.012 | L15: 0.012 | M15: 0.012 | N15: 0.012 | O15: 0.012 | P15: 0.012 | Q15: 0.012 | R15: 0.012 | S15: 0.012 | T15: 0.012 | U15: 0.012 | V15: 0.012 | W15: 0.012 | X15: 0.012 | Y15: 0.012 | Z15: 0.012 | AA15: 0.012 | AB15: 0.012 | AC15: 0.012 | AD15: 0.012 | AE15: 0.012 | AF15: 0.012 | AG15: 0.012 | AH15: 0.012 | AI15: 0.012
F16: 1 | G16: 1 | H16: 1 | I16: 1 | J16: 1 | K16: 1 | L16: 1 | M16: 1 | N16: 1 | O16: 1 | P16: 1 | Q16: 1 | R16: 1 | S16: 1 | T16: 1 | U16: 1 | V16: 1 | W16: 1 | X16: 1 | Y16: 1 | Z16: 1 | AA16: 1 | AB16: 1 | AC16: 1 | AD16: 1 | AE16: 1 | AF16: 1 | AG16: 1 | AH16: 1 | AI16: 1
F17: =F12 | G17: =G12 | H17: =H12 | I17: =I12 | J17: =J12 | K17: =K12 | L17: =L12 | M17: =M12 | ... AI17: =AI12
F18: =F13/F17 | G18: =G13/G17 | H18: =H13/H17 | I18: =I13/I17 | J18: =J13/J17 | K18: =K13/K17 | L18: =L13/L17 | M18: =M13/M17 | ... AI18: =AI13/AI17
F19: =F10+(F14/8.92)^0.91 | G19: =G10+(G14/8.92)^0.91 | H19: =H10+(H14/8.92)^0.91 | I19: =I10+(I14/8.92)^0.91 | J19: =J10+(J14/8.92)^0.91 | K19: =K10+(K14/8.92)^0.91 | L19: =L10+(L14/8.92)^0.91 | M19: =M10+(M14/8.92)^0.91 | ... AI19: =AI10+(AI14/8.92)^0.91
F20: 45 | G20: 45 | H20: 45 | I20: 45 | J20: 45 | K20: 45 | L20: 45 | M20: 45 | N20: 45 | O20: 45 | P20: 45 | Q20: 45 | R20: 45 | S20: 45 | T20: 45 | U20: 45 | V20: 45 | W20: 45 | X20: 45 | Y20: 45 | Z20: 45 | AA20: 45 | AB20: 45 | AC20: 45 | AD20: 45 | AE20: 45 | AF20: 45 | AG20: 45 | AH20: 45 | AI20: 45
F21: =F20-F10 | G21: =G20-G10 | H21: =H20-H10 | I21: =I20-I10 | J21: =J20-J10 | K21: =K20-K10 | L21: =L20-L10 | M21: =M20-M10 | ... AI21: =AI20-AI10
F22: 15 | G22: 15 | H22: 15 | I22: 10 | J22: 10 | K22: 15 | L22: 10 | M22: 15 | N22: 15 | O22: 15 | P22: 15 | Q22: 15 | R22: 15 | S22: 15 | T22: 10 | U22: 15 | V22: 15 | W22: 15 | X22: 15 | Y22: 15 | Z22: 15 | AA22: 15 | AB22: 10 | AC22: 15 | AD22: 15 | AE22: 15 | AF22: 10 | AG22: 10 | AH22: 15 | AI22: 10
F23: 40 | G23: 40 | H23: 40 | I23: 40 | J23: 40 | K23: 40 | L23: 40 | M23: 40 | N23: 40 | O23: 40 | P23: 40 | Q23: 40 | R23: 40 | S23: 40 | T23: 40 | U23: 40 | V23: 40 | W23: 40 | X23: 40 | Y23: 40 | Z23: 40 | AA23: 40 | AB23: 40 | AC23: 40 | AD23: 40 | AE23: 40 | AF23: 40 | AG23: 40 | AH23: 40 | AI23: 40
F24: =F23-F10 | G24: =G23-G10 | H24: =H23-H10 | I24: =I23-I10 | J24: =J23-J10 | K24: =K23-K10 | L24: =L23-L10 | M24: =M23-M10 | ... AI24: =AI23-AI10
F25: =2*(F21-F24) | G25: =2*(G21-G24) | H25: =2*(H21-H24) | I25: =2*(I21-I24) | J25: =2*(J21-J24) | K25: =2*(K21-K24) | L25: =2*(L21-L24) | M25: =2*(M21-M24) | ... AI25: =2*(AI21-AI24)
F26: =0.2*F14 | G26: =0.2*G14 | H26: =0.2*H14 | I26: =0.2*I14 | J26: =0.2*J14 | K26: =0.2*K14 | L26: =0.2*L14 | M26: =0.2*M14 | ... AI26: =0.2*AI14
F27: =F17*(F14+F26) | G27: =G17*(G14+G26) | H27: =H17*(H14+H26) | I27: =I17*(I14+I26) | J27: =J17*(J14+J26) | K27: =K17*(K14+K26) | L27: =L17*(L14+L26) | M27: =M17*(M14+M26) | ... AI27: =AI17*(AI14+AI26)
C28: SICAK SU DEBİSİ | D28: q/(1,163.ΔTs) | F28: =F27/(1.163*F25) | G28: =G27/(1.163*G25) | H28: =H27/(1.163*H25) | I28: =I27/(1.163*I25) | J28: =J27/(1.163*J25) | K28: =K27/(1.163*K25) | L28: =L27/(1.163*L25) | M28: =M27/(1.163*M25) | ... AI28: =AI27/(1.163*AI25)
F29: =F17/(F22*0.01) | G29: =G17/(G22*0.01) | H29: =H17/(H22*0.01) | I29: =I17/(I22*0.01) | J29: =J17/(J22*0.01) | K29: =K17/(K22*0.01) | L29: =L17/(L22*0.01) | M29: =M17/(M22*0.01) | ... AI29: =AI17/(AI22*0.01)
C30: BAĞLANTI BORULARI | D30: Kat Planından (çizimden ölçülen) | F30: 8.58 | G30: 12 | H30: 10.58 | I30: 1.96 | J30: 6.38 | K30: 1.42 | L30: 0 | M30: 4.11 | N30: 7.51 | O30: 3.71 | P30: 4.03 | Q30: 1.52 | R30: 5.46 | S30: 4.8 | T30: 4.51 | U30: 4.96 | V30: 9.39 | W30: 1.8 | X30: 1.9 | Y30: 0.56 | Z30: 3.64 | AA30: 3.94 | AB30: 2.21 | AC30: 5.18 | AD30: 6.64 | AE30: 10.3 | AF30: 0.43 | AG30: 4.56 | AH30: 1.46 | AI30: 3.6
C31: TOPLAM BORU UZUNLUĞU | D31: Lç + Lb (çizimden ölçülen toplam) | F31: =F29+F30 | G31: =G29+G30 | H31: =H29+H30 | I31: =I29+I30 | J31: =J29+J30 | K31: =K29+K30 | L31: =L29+L30 | M31: =M29+M30 | ... AI31: =AI29+AI30
C32: DÜZ BORU BASINÇ KAYBI (5) | D32: R.L (PEX 16x2,0, Blasius) | F32: 883 | G32: 929 | H32: 2346 | I32: 725 | J32: 788 | K32: 90 | L32: 115 | M32: 380 | N32: 418 | O32: 360 | P32: 364 | Q32: 535 | R32: 588 | S32: 14 | T32: 141 | U32: 551 | V32: 608 | W32: 373 | X32: 374 | Y32: 343 | Z32: 377 | AA32: 12 | AB32: 129 | AC32: 804 | AD32: 823 | AE32: 2610 | AF32: 668 | AG32: 723 | AH32: 90 | AI32: 186
F33: =F32*0.05 | G33: =G32*0.05 | H33: =H32*0.05 | I33: =I32*0.05 | J33: =J32*0.05 | K33: =K32*0.05 | L33: =L32*0.05 | M33: =M32*0.05 | ... AI33: =AI32*0.05
F34: =F32+F33 | G34: =G32+G33 | H34: =H32+H33 | I34: =I32+I33 | J34: =J32+J33 | K34: =K32+K33 | L34: =L32+L33 | M34: =M32+M33 | ... AI34: =AI32+AI33
F35: =MAX(F34:AI34)-F34 | G35: =MAX(F34:AI34)-G34 | H35: =MAX(F34:AI34)-H34 | I35: =MAX(F34:AI34)-I34 | J35: =MAX(F34:AI34)-J34 | K35: =MAX(F34:AI34)-K34 | L35: =MAX(F34:AI34)-L34 | M35: =MAX(F34:AI34)-M34 | N35: =MAX(F34:AI34)-N34 | O35: =MAX(F34:AI34)-O34 | P35: =MAX(F34:AI34)-P34 | Q35: =MAX(F34:AI34)-Q34 | R35: =MAX(F34:AI34)-R34 | S35: =MAX(F34:AI34)-S34 | T35: =MAX(F34:AI34)-T34 | U35: =MAX(F34:AI34)-U34 | V35: =MAX(F34:AI34)-V34 | W35: =MAX(F34:AI34)-W34 | X35: =MAX(F34:AI34)-X34 | Y35: =MAX(F34:AI34)-Y34 | Z35: =MAX(F34:AI34)-Z34 | AA35: =MAX(F34:AI34)-AA34 | AB35: =MAX(F34:AI34)-AB34 | AC35: =MAX(F34:AI34)-AC34 | AD35: =MAX(F34:AI34)-AD34 | AE35: =MAX(F34:AI34)-AE34 | AF35: =MAX(F34:AI34)-AF34 | AG35: =MAX(F34:AI34)-AG34 | AH35: =MAX(F34:AI34)-AH34 | AI35: =MAX(F34:AI34)-AI34
D36: Δpmax = 9828 Pa
A40: (1) | B40: Şek. 19.7.1 den seçilmiştir.
A41: (2) | B41: Kombi gidiş suyu sıcaklığı 45 °C, dönüş 35 °C (ortalama 40 °C) seçilmiştir.
A42: (3) | B42: Ortalama su sıcaklığı 45/35 °C rejimine göre 40 °C alınmıştır.
A43: (4) | B43: Alta geçen ısı 0,2 q" olarak alınmıştır (1. katın altı klimalı dükkân, 2. katın altı ısıtılan ofis).
A44: (5) | B44: R (Pa/m): PEX 16x2,0 (iç çap 12 mm), Blasius bağıntısı ile hesaplanmıştır.
A45: (6) | B45: kollektörden sonraki özel basınç kayıpları, düz boru kayıpları yanında çok küçük olduğundan düz boru basınç kaybının % 5 i kabul edilmiştir.
A46: (7) | B46: Isıtma devrelerinin basıncı kollektördeki debimetreli reglaj vanası ile ayarlanmalıdır.

Sheet YERDEN ISITMA- DEVAMI
A1: YERDEN ISITMA HESABI
A2: 2. KAT (OFİS 5 - OFİS 8) | C2: DÖŞEMEDEN ISITMA HESAP ÖZETİ | D2: Ts.g = 50 °C | E2: TOPLAM ISI KAYBI = 12770 W
D3: Isıtma Çevrim Sayısı : 30 | E3: MAX. BASINÇ KAYBI = 3262 Pa
D5: Mak. Müh. Bayram GENÇ
F7: P2 | G7: P3 | H7: P1 | I7: P4 | J7: P5 | K7: P6 | L7: P7 | M7: P2 | N7: P3 | O7: P4 | P7: P5 | Q7: P6 | R7: P7 | S7: P8 | T7: P1 | U7: P2 | V7: P3 | W7: P4 | X7: P5 | Y7: P6 | Z7: P7 | AA7: P1 | AB7: P8 | AC7: P5 | AD7: P6 | AE7: P7 | AF7: P3 | AG7: P4 | AH7: P2 | AI7: P1
F8: Z201 | G8: Z201 | H8: Z202 | I8: Z203 | J8: Z203 | K8: Z204 | L8: Z205 | M8: Z211 | N8: Z211 | O8: Z212 | P8: Z212 | Q8: Z213 | R8: Z213 | S8: Z214 | T8: Z215 | U8: Z221 | V8: Z221 | W8: Z222 | X8: Z222 | Y8: Z223 | Z8: Z223 | AA8: Z224 | AB8: Z225 | AC8: Z231 | AD8: Z231 | AE8: Z232 | AF8: Z233 | AG8: Z233 | AH8: Z234 | AI8: Z235
F9: ODA | G9: ODA | H9: ODA | I9: ODA | J9: ODA | K9: MUTFAK | L9: LVB.WC | M9: ODA | N9: ODA | O9: ODA | P9: ODA | Q9: ODA | R9: ODA | S9: MUTFAK | T9: LVB.WC | U9: ODA | V9: ODA | W9: ODA | X9: ODA | Y9: ODA | Z9: ODA | AA9: MUTFAK | AB9: LVB.WC | AC9: ODA | AD9: ODA | AE9: ODA | AF9: ODA | AG9: ODA | AH9: MUTFAK | AI9: LVB.WC
F10: 20 | G10: 20 | H10: 20 | I10: 20 | J10: 20 | K10: 20 | L10: 24 | M10: 20 | N10: 20 | O10: 20 | P10: 20 | Q10: 20 | R10: 20 | S10: 20 | T10: 24 | U10: 20 | V10: 20 | W10: 20 | X10: 20 | Y10: 20 | Z10: 20 | AA10: 20 | AB10: 24 | AC10: 20 | AD10: 20 | AE10: 20 | AF10: 20 | AG10: 20 | AH10: 20 | AI10: 24
F11: 20 | G11: 20 | H11: 20 | I11: 20 | J11: 20 | K11: 20 | L11: 24 | M11: 20 | N11: 20 | O11: 20 | P11: 20 | Q11: 20 | R11: 20 | S11: 20 | T11: 24 | U11: 20 | V11: 20 | W11: 20 | X11: 20 | Y11: 20 | Z11: 20 | AA11: 20 | AB11: 24 | AC11: 20 | AD11: 20 | AE11: 20 | AF11: 20 | AG11: 20 | AH11: 20 | AI11: 24
F12: 8.56 | G12: 8.56 | H12: 8.9 | I12: 4.93 | J12: 4.93 | K12: 2.06 | L12: 2.28 | M12: 4.58 | N12: 4.58 | O12: 4.51 | P12: 4.51 | Q12: 5.77 | R12: 5.77 | S12: 1.52 | T12: 2.19 | U12: 5.57 | V12: 5.57 | W12: 4.69 | X12: 4.69 | Y12: 4.61 | Z12: 4.61 | AA12: 1.46 | AB12: 2.19 | AC12: 8.38 | AD12: 8.38 | AE12: 8.9 | AF12: 4.96 | AG12: 4.96 | AH12: 2.06 | AI12: 2.36
F13: 550.3 | G13: 550.3 | H13: 714.4 | I13: 543.2 | J13: 543.2 | K13: 238.8 | L13: 202.5 | M13: 429.6 | N13: 429.6 | O13: 418.7 | P13: 418.7 | Q13: 524.3 | R13: 524.3 | S13: 59.3 | T13: 214.1 | U13: 512.8 | V13: 512.8 | W13: 440.2 | X13: 440.2 | Y13: 429.7 | Z13: 429.7 | AA13: 61.7 | AB13: 214.1 | AC13: 538.4 | AD13: 538.4 | AE13: 752.6 | AF13: 515.8 | AG13: 515.8 | AH13: 238.8 | AI13: 267.4
F14: =F13/F12 | G14: =G13/G12 | H14: =H13/H12 | I14: =I13/I12 | J14: =J13/J12 | K14: =K13/K12 | L14: =L13/L12 | M14: =M13/M12 | ... AI14: =AI13/AI12
F15: 0.012 | G15: 0.012 | H15: 0.012 | I15: 0.012 | J15: 0.012 | K15: 0.012 | L15: 0.012 | M15: 0.012 | N15: 0.012 | O15: 0.012 | P15: 0.012 | Q15: 0.012 | R15: 0.012 | S15: 0.012 | T15: 0.012 | U15: 0.012 | V15: 0.012 | W15: 0.012 | X15: 0.012 | Y15: 0.012 | Z15: 0.012 | AA15: 0.012 | AB15: 0.012 | AC15: 0.012 | AD15: 0.012 | AE15: 0.012 | AF15: 0.012 | AG15: 0.012 | AH15: 0.012 | AI15: 0.012
F16: 1 | G16: 1 | H16: 1 | I16: 1 | J16: 1 | K16: 1 | L16: 1 | M16: 1 | N16: 1 | O16: 1 | P16: 1 | Q16: 1 | R16: 1 | S16: 1 | T16: 1 | U16: 1 | V16: 1 | W16: 1 | X16: 1 | Y16: 1 | Z16: 1 | AA16: 1 | AB16: 1 | AC16: 1 | AD16: 1 | AE16: 1 | AF16: 1 | AG16: 1 | AH16: 1 | AI16: 1
F17: =F12 | G17: =G12 | H17: =H12 | I17: =I12 | J17: =J12 | K17: =K12 | L17: =L12 | M17: =M12 | ... AI17: =AI12
F18: =F13/F17 | G18: =G13/G17 | H18: =H13/H17 | I18: =I13/I17 | J18: =J13/J17 | K18: =K13/K17 | L18: =L13/L17 | M18: =M13/M17 | ... AI18: =AI13/AI17
F19: =F10+(F14/8.92)^0.91 | G19: =G10+(G14/8.92)^0.91 | H19: =H10+(H14/8.92)^0.91 | I19: =I10+(I14/8.92)^0.91 | J19: =J10+(J14/8.92)^0.91 | K19: =K10+(K14/8.92)^0.91 | L19: =L10+(L14/8.92)^0.91 | M19: =M10+(M14/8.92)^0.91 | ... AI19: =AI10+(AI14/8.92)^0.91
F20: 45 | G20: 45 | H20: 45 | I20: 45 | J20: 45 | K20: 45 | L20: 45 | M20: 45 | N20: 45 | O20: 45 | P20: 45 | Q20: 45 | R20: 45 | S20: 45 | T20: 45 | U20: 45 | V20: 45 | W20: 45 | X20: 45 | Y20: 45 | Z20: 45 | AA20: 45 | AB20: 45 | AC20: 45 | AD20: 45 | AE20: 45 | AF20: 45 | AG20: 45 | AH20: 45 | AI20: 45
F21: =F20-F10 | G21: =G20-G10 | H21: =H20-H10 | I21: =I20-I10 | J21: =J20-J10 | K21: =K20-K10 | L21: =L20-L10 | M21: =M20-M10 | ... AI21: =AI20-AI10
F22: 15 | G22: 15 | H22: 15 | I22: 10 | J22: 10 | K22: 15 | L22: 10 | M22: 15 | N22: 15 | O22: 15 | P22: 15 | Q22: 15 | R22: 15 | S22: 15 | T22: 10 | U22: 15 | V22: 15 | W22: 15 | X22: 15 | Y22: 15 | Z22: 15 | AA22: 15 | AB22: 10 | AC22: 15 | AD22: 15 | AE22: 15 | AF22: 10 | AG22: 10 | AH22: 15 | AI22: 10
F23: 40 | G23: 40 | H23: 40 | I23: 40 | J23: 40 | K23: 40 | L23: 40 | M23: 40 | N23: 40 | O23: 40 | P23: 40 | Q23: 40 | R23: 40 | S23: 40 | T23: 40 | U23: 40 | V23: 40 | W23: 40 | X23: 40 | Y23: 40 | Z23: 40 | AA23: 40 | AB23: 40 | AC23: 40 | AD23: 40 | AE23: 40 | AF23: 40 | AG23: 40 | AH23: 40 | AI23: 40
F24: =F23-F10 | G24: =G23-G10 | H24: =H23-H10 | I24: =I23-I10 | J24: =J23-J10 | K24: =K23-K10 | L24: =L23-L10 | M24: =M23-M10 | ... AI24: =AI23-AI10
F25: =2*(F21-F24) | G25: =2*(G21-G24) | H25: =2*(H21-H24) | I25: =2*(I21-I24) | J25: =2*(J21-J24) | K25: =2*(K21-K24) | L25: =2*(L21-L24) | M25: =2*(M21-M24) | ... AI25: =2*(AI21-AI24)
F26: =0.2*F14 | G26: =0.2*G14 | H26: =0.2*H14 | I26: =0.2*I14 | J26: =0.2*J14 | K26: =0.2*K14 | L26: =0.2*L14 | M26: =0.2*M14 | ... AI26: =0.2*AI14
F27: =F17*(F14+F26) | G27: =G17*(G14+G26) | H27: =H17*(H14+H26) | I27: =I17*(I14+I26) | J27: =J17*(J14+J26) | K27: =K17*(K14+K26) | L27: =L17*(L14+L26) | M27: =M17*(M14+M26) | ... AI27: =AI17*(AI14+AI26)
C28: SICAK SU DEBİSİ | D28: q/(1,163.ΔTs) | F28: =F27/(1.163*F25) | G28: =G27/(1.163*G25) | H28: =H27/(1.163*H25) | I28: =I27/(1.163*I25) | J28: =J27/(1.163*J25) | K28: =K27/(1.163*K25) | L28: =L27/(1.163*L25) | M28: =M27/(1.163*M25) | ... AI28: =AI27/(1.163*AI25)
F29: =F17/(F22*0.01) | G29: =G17/(G22*0.01) | H29: =H17/(H22*0.01) | I29: =I17/(I22*0.01) | J29: =J17/(J22*0.01) | K29: =K17/(K22*0.01) | L29: =L17/(L22*0.01) | M29: =M17/(M22*0.01) | ... AI29: =AI17/(AI22*0.01)
C30: BAĞLANTI BORULARI | D30: Kat Planından (çizimden ölçülen) | F30: 8.58 | G30: 12 | H30: 10.58 | I30: 1.96 | J30: 6.38 | K30: 1.42 | L30: 0 | M30: 4.11 | N30: 7.51 | O30: 3.71 | P30: 4.03 | Q30: 1.52 | R30: 5.46 | S30: 4.8 | T30: 4.51 | U30: 4.96 | V30: 9.39 | W30: 1.8 | X30: 1.9 | Y30: 0.56 | Z30: 3.64 | AA30: 3.94 | AB30: 2.21 | AC30: 5.18 | AD30: 6.64 | AE30: 10.3 | AF30: 0.43 | AG30: 4.56 | AH30: 1.46 | AI30: 3.6
C31: TOPLAM BORU UZUNLUĞU | D31: Lç + Lb (çizimden ölçülen toplam) | F31: =F29+F30 | G31: =G29+G30 | H31: =H29+H30 | I31: =I29+I30 | J31: =J29+J30 | K31: =K29+K30 | L31: =L29+L30 | M31: =M29+M30 | ... AI31: =AI29+AI30
C32: DÜZ BORU BASINÇ KAYBI (5) | D32: R.L (PEX 16x2,0, Blasius) | F32: 1694 | G32: 1782 | H32: 2847 | I32: 1292 | J32: 1404 | K32: 102 | L32: 130 | M32: 419 | N32: 460 | O32: 398 | P32: 402 | Q32: 591 | R32: 649 | S32: 25 | T32: 160 | U32: 608 | V32: 672 | W32: 410 | X32: 412 | Y32: 378 | Z32: 416 | AA32: 24 | AB32: 146 | AC32: 926 | AD32: 948 | AE32: 3106 | AF32: 727 | AG32: 787 | AH32: 102 | AI32: 205
F33: =F32*0.05 | G33: =G32*0.05 | H33: =H32*0.05 | I33: =I32*0.05 | J33: =J32*0.05 | K33: =K32*0.05 | L33: =L32*0.05 | M33: =M32*0.05 | ... AI33: =AI32*0.05
F34: =F32+F33 | G34: =G32+G33 | H34: =H32+H33 | I34: =I32+I33 | J34: =J32+J33 | K34: =K32+K33 | L34: =L32+L33 | M34: =M32+M33 | ... AI34: =AI32+AI33
F35: =MAX(F34:AI34)-F34 | G35: =MAX(F34:AI34)-G34 | H35: =MAX(F34:AI34)-H34 | I35: =MAX(F34:AI34)-I34 | J35: =MAX(F34:AI34)-J34 | K35: =MAX(F34:AI34)-K34 | L35: =MAX(F34:AI34)-L34 | M35: =MAX(F34:AI34)-M34 | N35: =MAX(F34:AI34)-N34 | O35: =MAX(F34:AI34)-O34 | P35: =MAX(F34:AI34)-P34 | Q35: =MAX(F34:AI34)-Q34 | R35: =MAX(F34:AI34)-R34 | S35: =MAX(F34:AI34)-S34 | T35: =MAX(F34:AI34)-T34 | U35: =MAX(F34:AI34)-U34 | V35: =MAX(F34:AI34)-V34 | W35: =MAX(F34:AI34)-W34 | X35: =MAX(F34:AI34)-X34 | Y35: =MAX(F34:AI34)-Y34 | Z35: =MAX(F34:AI34)-Z34 | AA35: =MAX(F34:AI34)-AA34 | AB35: =MAX(F34:AI34)-AB34 | AC35: =MAX(F34:AI34)-AC34 | AD35: =MAX(F34:AI34)-AD34 | AE35: =MAX(F34:AI34)-AE34 | AF35: =MAX(F34:AI34)-AF34 | AG35: =MAX(F34:AI34)-AG34 | AH35: =MAX(F34:AI34)-AH34 | AI35: =MAX(F34:AI34)-AI34
D36: Δpmax = 9828 Pa | F36: BASINÇ AYARLI KOLLEKTÖRDEN HERBİR
F37: HATTA GİDEN BASINÇ BU BASINÇ DEĞERLERİNE
F38: GÖRE AYARLANMALIDIR….
F39: Δpö | G39: EK VI-14i Tablosundan q değeri m³/h çevrilir DN10 borusu için
A40: (1) | B40: Şek. 19.7.1 den seçilmiştir. | G40: R (Pa/m) 1metre borudaki basın. Kaybı bulunur..
A41: (2) | B41: Kombi gidiş suyu sıcaklığı 45 °C, dönüş 35 °C (ortalama 40 °C) seçilmiştir. | G41: toplam boru boyu ile çarpımından Δpö (Pa) bulunur.
A42: (3) | B42: Ortalama su sıcaklığı 45/35 °C rejimine göre 40 °C alınmıştır.
A43: (4) | B43: Alta geçen ısı 0,2 q" olarak alınmıştır (1. katın altı klimalı dükkân, 2. katın altı ısıtılan ofis).
A44: (5) | B44: R (Pa/m): PEX 16x2,0 (iç çap 12 mm), Blasius bağıntısı ile hesaplanmıştır.
A45: (6) | B45: kollektörden sonraki özel basınç kayıpları, düz boru kayıpları yanında çok küçük olduğundan düz boru basınç kaybının % 5 i kabul edilmiştir.
A46: (7) | B46: Isıtma devrelerinin basıncı kollektördeki debimetreli reglaj vanası ile ayarlanmalıdır.

Sheet KLİMA HESABI
A1: DUVAR TİPİ SPLİT KLİMA ISI KAZANCI HESABI VE CİHAZ SEÇİMİ
A2: Yöntem: CLTD / SHGF basit yöntem (TS 2164 - ASHRAE esaslı). Dış 34 °C KT / 24 °C YT (Sakarya), iç 26 °C %50
A3: PROJE : EMİNE TUNCE'YE AİT İŞ YERİ (SERDİVAN YAZLIK MAH. 5799 PARSEL)
A4: ROTAŞ MÜHENDİSLİK - Mak. Müh. Bayram GENÇ
A6: SABİTLER
A7: Dış duvar U (W/m²K) | D7: 0.4
A8: Cam U (W/m²K) | D8: 1.8
A9: Cam gölgeleme katsayısı SC | D9: 0.55
A10: Cam soğutma yük faktörü CLF | D10: 0.8
A11: Dış kuru termometre (°C) | D11: 34
A12: İç sıcaklık (°C) | D12: 26
A13: Dış mutlak nem (kg/kg) | D13: 0.014724697
A14: İç mutlak nem (kg/kg) | D14: 0.010535157
A15: m² / kişi | D15: 8
A16: Kişi duyulur (W) | D16: 75
A17: Kişi gizli (W) | D17: 55
A18: Aydınlatma (W/m²) | D18: 12
... A21: Emniyet katsayısı | D21: 1.1
A23: YÖNLERE GÖRE CLTD (K) / MAKS. GÜNEŞ KAZANCI (W/m²)
A24: YÖN | B24: CLTD | C24: SHG
A25: KUZEY | B25: 6 | C25: 75
A26: DOĞU | B26: 13 | C26: 420
A27: GÜNEY | B27: 10 | C27: 150
A28: BATI | B28: 15 | C28: 450
A30: DÜKKÂN-1 (A = 100.38 m²)
A31: KALEM | B31: YÖN | C31: ALAN / ADET | D31: U / KATSAYI | E31: ΔT / CLTD / q | F31: Q (W) | G31: AÇIKLAMA
A32: Alan (m²) | C32: 100.38
A33: Kişi sayısı | C33: =ROUNDUP(C32/$D$15,0)
A34: Duvar iletim | B34: K | C34: =12.9*4.5-36.0 | D34: =$D$7 | E34: =$B$25 | F34: =C34*D34*E34 | G34: L=12.90 m, H=4.50 m
A35: Cam iletim | B35: K | C35: 36 | D35: =$D$8 | E35: =$D$11-$D$12 | F35: =C35*D35*E35 | G35: 12x3x1
A36: Cam güneş | B36: K | C36: 36 | D36: =$D$9*$D$10 | E36: =$C$25 | F36: =C36*D36*E36 | G36: SC x CLF x SHG
A37: Duvar iletim | B37: G | C37: =13.4*4.5-0 | D37: =$D$7 | E37: =$B$27 | F37: =C37*D37*E37 | G37: L=13.40 m, H=4.50 m
A38: İnsan duyulur | C38: =C33 | D38: 1 | E38: =$D$16 | F38: =C38*D38*E38 | G38: kişi x W
A39: Aydınlatma | C39: =C32 | D39: 1 | E39: =$D$18 | F39: =C39*D39*E39 | G39: m² x W/m²
A40: Cihaz / ekipman | C40: =C32 | D40: 1 | E40: =$D$19 | F40: =C40*D40*E40 | G40: m² x W/m²
A41: Taze hava duyulur | C41: =C33*$D$20/1000 | D41: 1207.2 | E41: =$D$11-$D$12 | F41: =C41*D41*E41 | G41: V(m³/s) x ρcp x ΔT
A42: DUYULUR TOPLAM | F42: =SUM(F34:F41)
A43: İnsan gizli | C43: =C33 | D43: 1 | E43: =$D$17 | F43: =C43*D43*E43
A44: Taze hava gizli | C44: =C33*$D$20/1000 | D44: 3001200 | E44: =$D$13-$D$14 | F44: =C44*D44*E44 | G44: V x ρ x hfg x Δw
A45: GİZLİ TOPLAM | F45: =SUM(F43:F44)
A46: TOPLAM ISI KAZANCI (x emniyet) | F46: =(F42+F45)*$D$21 | G46: =TEXT(F46/1000,"0.00")&" kW = "&TEXT(F46*3.412,"0")&" BTU/h"
A47: ISI KAYBI (TS 825, -6 °C) | F47: 4292.4 | G47: ZEMİN sayfası ile aynı yöntem
A48: SEÇİLEN CİHAZ | C48: 2 | D48: adet x | E48: 18000 | F48: =C48*5.28*1000 | G48: =IF(AND(F48>=F46,F48*1.1>=F47),"UYGUN - inverter duvar tipi split (soğutma/ısıtma)","KONTROL")
A50: DÜKKÂN-2 (A = 105.71 m²)
A51: KALEM | B51: YÖN | C51: ALAN / ADET | D51: U / KATSAYI | E51: ΔT / CLTD / q | F51: Q (W) | G51: AÇIKLAMA
A52: Alan (m²) | C52: 105.71
A53: Kişi sayısı | C53: =ROUNDUP(C52/$D$15,0)
A54: Duvar iletim | B54: K | C54: =15.0*4.5-42.0 | D54: =$D$7 | E54: =$B$25 | F54: =C54*D54*E54 | G54: L=15.00 m, H=4.50 m
A55: Cam iletim | B55: K | C55: 42 | D55: =$D$8 | E55: =$D$11-$D$12 | F55: =C55*D55*E55 | G55: 14x3x1
A56: Cam güneş | B56: K | C56: 42 | D56: =$D$9*$D$10 | E56: =$C$25 | F56: =C56*D56*E56 | G56: SC x CLF x SHG
A57: Duvar iletim | B57: G | C57: =10.5*4.5-0 | D57: =$D$7 | E57: =$B$27 | F57: =C57*D57*E57 | G57: L=10.50 m, H=4.50 m
A58: İnsan duyulur | C58: =C53 | D58: 1 | E58: =$D$16 | F58: =C58*D58*E58 | G58: kişi x W
A59: Aydınlatma | C59: =C52 | D59: 1 | E59: =$D$18 | F59: =C59*D59*E59 | G59: m² x W/m²
A60: Cihaz / ekipman | C60: =C52 | D60: 1 | E60: =$D$19 | F60: =C60*D60*E60 | G60: m² x W/m²
A61: Taze hava duyulur | C61: =C53*$D$20/1000 | D61: 1207.2 | E61: =$D$11-$D$12 | F61: =C61*D61*E61 | G61: V(m³/s) x ρcp x ΔT
A62: DUYULUR TOPLAM | F62: =SUM(F54:F61)
A63: İnsan gizli | C63: =C53 | D63: 1 | E63: =$D$17 | F63: =C63*D63*E63
A64: Taze hava gizli | C64: =C53*$D$20/1000 | D64: 3001200 | E64: =$D$13-$D$14 | F64: =C64*D64*E64 | G64: V x ρ x hfg x Δw
A65: GİZLİ TOPLAM | F65: =SUM(F63:F64)
A66: TOPLAM ISI KAZANCI (x emniyet) | F66: =(F62+F65)*$D$21 | G66: =TEXT(F66/1000,"0.00")&" kW = "&TEXT(F66*3.412,"0")&" BTU/h"
A67: ISI KAYBI (TS 825, -6 °C) | F67: 4671.3 | G67: ZEMİN sayfası ile aynı yöntem
A68: SEÇİLEN CİHAZ | C68: 2 | D68: adet x | E68: 18000 | F68: =C68*5.28*1000 | G68: =IF(AND(F68>=F66,F68*1.1>=F67),"UYGUN - inverter duvar tipi split (soğutma/ısıtma)","KONTROL")

Sheet YAĞMUR SUYU
A1: YAĞMUR SUYU İNİŞ BORUSU ÇAP HESABI
A2: ROTAŞ yöntemi: S = P x 0,75 ; A = S / f ; D = 1,13 x √A
A3: PROJE : EMİNE TUNCE'YE AİT İŞ YERİ (SERDİVAN YAZLIK MAH. 5799 PARSEL)
A4: ROTAŞ MÜHENDİSLİK - Mak. Müh. Bayram GENÇ
A6: P = Çatı (+ balkon) yatay izdüşüm alanı | B6: 301.57 | C6: m²
A7: S = P x 0,75 / 1 | B7: =B6*0.75 | C7: cm²
A8: f = Yağmur iniş borusu adedi | B8: 4 | C8: adet
A9: A = S / f | B9: =B7/B8 | C9: cm²
A10: D = 1,13 x √A | B10: =1.13*SQRT(B9) | C10: cm
A11: SEÇİLEN BORU | B11: =IF(B10<=7,"Ø70 YETERLİDİR - PROJEDE Ø100 KULLANILMIŞTIR","Ø100 UYGUNDUR")
A13: Not: Yağmur suları pis su hattına bağlanmayacak, yağmur suyu kanalına verilecektir.

Sheet KOMBİ-POMPA-GENLEŞME
A1: KOMBİ POMPASI, GENLEŞME TANKI VE PEX KANGAL KONTROLÜ
A2: Pompa: H = Δp(en uzun devre, Churchill, yerel kayıp x1,3) + kollektör 5 kPa ; Genleşme: Vmin = (P2+1,013)/(P2-P1) x (0,01 V + ΔV) , 10→50 °C
A3: PROJE : EMİNE TUNCE'YE AİT İŞ YERİ (SERDİVAN YAZLIK MAH. 5799 PARSEL)
A4: ROTAŞ MÜHENDİSLİK - Mak. Müh. Bayram GENÇ
A6: DAİRE | B6: YÜK (W) | C6: DEBİ (l/h) | D6: Δp maks (kPa) | E6: H (kPa) | F6: Kombi pompası (kPa) | G6: POMPA | H6: Sistem suyu (l) | I6: ΔV (l) | J6: P1 / P2 (bar) | K6: Vmin (l) | L6: TANK (kombi 8 l)
A7: 1 NK OFİS 1 | B7: 2991 | C7: 257 | D7: 2.34 | E7: =D7+5 | F7: 25 | G7: =IF(E7<=F7,"UYGUN","POMPA GRUBU") | H7: 44.5 | I7: 0.53 | J7: 0.5 / 2.5 | K7: =(2.5+1.013)/(2.5-0.5)*(0.01*H7+I7) | L7: =IF(K7<=8,"YETERLİ","İLAVE TANK")
A8: 1 NK OFİS 2 | B8: 2710 | C8: 233 | D8: 0.83 | E8: =D8+5 | F8: 25 | G8: =IF(E8<=F8,"UYGUN","POMPA GRUBU") | H8: 35.1 | I8: 0.41 | J8: 0.5 / 2.5 | K8: =(2.5+1.013)/(2.5-0.5)*(0.01*H8+I8) | L8: =IF(K8<=8,"YETERLİ","İLAVE TANK")
A9: 1 NK OFİS 3 | B9: 2731 | C9: 235 | D9: 0.86 | E9: =D9+5 | F9: 25 | G9: =IF(E9<=F9,"UYGUN","POMPA GRUBU") | H9: 34.2 | I9: 0.4 | J9: 0.5 / 2.5 | K9: =(2.5+1.013)/(2.5-0.5)*(0.01*H9+I9) | L9: =IF(K9<=8,"YETERLİ","İLAVE TANK")
A10: 1 NK OFİS 4 | B10: 3018 | C10: 260 | D10: 2.94 | E10: =D10+5 | F10: 25 | G10: =IF(E10<=F10,"UYGUN","POMPA GRUBU") | H10: 43.4 | I10: 0.51 | J10: 0.5 / 2.5 | K10: =(2.5+1.013)/(2.5-0.5)*(0.01*H10+I10) | L10: =IF(K10<=8,"YETERLİ","İLAVE TANK")
A11: 2 NK OFİS 5 | B11: 3343 | C11: 287 | D11: 3.47 | E11: =D11+5 | F11: 25 | G11: =IF(E11<=F11,"UYGUN","POMPA GRUBU") | H11: 44.5 | I11: 0.53 | J11: 0.5 / 2.5 | K11: =(2.5+1.013)/(2.5-0.5)*(0.01*H11+I11) | L11: =IF(K11<=8,"YETERLİ","İLAVE TANK")
A12: 2 NK OFİS 6 | B12: 3019 | C12: 260 | D12: 0.92 | E12: =D12+5 | F12: 25 | G12: =IF(E12<=F12,"UYGUN","POMPA GRUBU") | H12: 35.1 | I12: 0.41 | J12: 0.5 / 2.5 | K12: =(2.5+1.013)/(2.5-0.5)*(0.01*H12+I12) | L12: =IF(K12<=8,"YETERLİ","İLAVE TANK")
A13: 2 NK OFİS 7 | B13: 3041 | C13: 261 | D13: 0.95 | E13: =D13+5 | F13: 25 | G13: =IF(E13<=F13,"UYGUN","POMPA GRUBU") | H13: 34.2 | I13: 0.4 | J13: 0.5 / 2.5 | K13: =(2.5+1.013)/(2.5-0.5)*(0.01*H13+I13) | L13: =IF(K13<=8,"YETERLİ","İLAVE TANK")
A14: 2 NK OFİS 8 | B14: 3367 | C14: 290 | D14: 4.03 | E14: =D14+5 | F14: 25 | G14: =IF(E14<=F14,"UYGUN","POMPA GRUBU") | H14: 43.4 | I14: 0.51 | J14: 0.5 / 2.5 | K14: =(2.5+1.013)/(2.5-0.5)*(0.01*H14+I14) | L14: =IF(K14<=8,"YETERLİ","İLAVE TANK")
A16: PEX 16x2,0 KANGAL METRAJI (devre ortasında ek yapılmaz)
A17: DAİRE | B17: TOPLAM (m) | C17: 200 m kangal | D17: 500 m kangal
A18: 1 NK OFİS 1 | B18: 349.5 | C18: 2 | D18: 0
A19: 1 NK OFİS 2 | B19: 265.9 | C19: 2 | D19: 0
A20: 1 NK OFİS 3 | B20: 258.4 | C20: 2 | D20: 0
A21: 1 NK OFİS 4 | B21: 339.9 | C21: 2 | D21: 0
A22: 2 NK OFİS 5 | B22: 349.5 | C22: 2 | D22: 0
A23: 2 NK OFİS 6 | B23: 265.9 | C23: 2 | D23: 0
A24: 2 NK OFİS 7 | B24: 258.4 | C24: 2 | D24: 0
A25: 2 NK OFİS 8 | B25: 339.9 | C25: 2 | D25: 0
A27: Kombi pompasının kullanılabilir basma yüksekliği (25 kPa) seçilen kombinin kataloğundan teyit edilecektir.
A28: Kombi içi genleşme tankı 8 l, emniyet ventili 3 bar, ilk dolum basıncı 1,0-1,5 bar alınmıştır.
A29: Devre debileri kollektördeki debimetreli reglaj vanaları ile ayarlanacaktır.
