Workbook

Sheet kapak
A1: P R O J E Y İ H A Z I R L A Y A N
A2: dcmmakina ümit çavuşoğlu -makine mühendisi ŞEREFİYE MH. ÇINLAR SK. KUNDURACILAR İŞMERKEZİ NO:205 DÜZCE TEL/FAX:0380 514 23 55 dcmmakina@gmail.com / www.dcmmakina.com
A9: ÜNVANI | B9: Adı Soyadı | D9: Oda Sicil No | F9: SMM Büro Tescil No | G9: İmza
A10: Makine Mühendisi | B10: ÜMİT ÇAVUŞOĞLU | D10: 51889 | F10: 2807
A11: KALORİFER TESİSATI PROJE RAPORU
A14: Yapı Denetim Onay | D14: Belediye Onay
A30: P R O J E Y İ Y A P T I R A N
A31: ADI SOYADI/ÜNVANI | C31: MEHMET DAL - A-B-C-D BLOK
A34: Y A P I N I N B U L U N D U Ğ U Y E R
A35: İl | B35: İlçe | C35: Belediye | D35: Mahalle | E35: Sok. | G35: Pafta | H35: Ada | I35: Parsel
A36: DÜZCE | B36: DÜZCE | C36: =B36 -> DÜZCE | D36: KAZUKOĞLU | G36: --- | H36: --- | I36: 982
A38: YAPININ ÖZELLİKLERİ
A40: Yapının Sistemi | B40: Yapının Sınıfı | C40: Toplam Bağımsız Bölüm | D40: Toplam Kat Sayısı | F40: Toplam İnşaat Alanı m² | G40: Tarih | H40: Kullanım Amacı
A41: BETONARME | G41: 44211 | H41: KONUT

Sheet TEKNİK RAPOR
A1: KALORİFER TESİSATI PROJESİ TEKNİK RAPORU | G1: Sayfa | H1: 1
A3: Proje Adı : | C3: =kapak!C31 -> MEHMET DAL - A-B-C-D BLOK | G3: Tarih | H3: =kapak!G41 -> 44211
A4: Düzenleyen : | C4: =kapak!B10 -> ÜMİT ÇAVUŞOĞLU
A7: 1.1. | B7: Binanın kalorifer projesi aşağıdaki değerler esas alınarak hazırlanmıştır.
B8: Binanın Yeri | E8: =kapak!B36 -> DÜZCE | F8: / DÜZCE
B9: Sıcaklık Bölgesi | E9: :2.Bölge | F9: -9 Rüzgarlı
B10: Bina Tipi | E10: :Konut
B11: Isıtıcı Cinsi | E11: :Kombi
B12: Kullanılacak Yakıt | E12: : Doğalgaz
B13: Radyatör Türü / Isıl Verimi | E13: : Zeminden ısıtma Borusu / 50-40 °C çalışma sıcaklığında 17.5 watt/m
B14: Binanın bulunduğu yerleşim bölgesi | E14: :Korunmuş Nizam
B15: Havalandırma Tipi | E15: :Doğal havalandırma
B16: Bina tanımı | E16: :Zemin+1. Normal kat
B17: Radyatör Türü | E17: : Zeminden ısıtma Borusu
B18: Çalışma Sıcaklığı | E18: : 50 -40 °C
A20: 1.2. | B20: Mahal Sıcaklıkları :
B21: Salon | F21: : 22°C
B22: Oturma Odası | F22: : 20°C
B23: Yatak Odası | F23: : 20°C
B24: Banyo | F24: : 26°C
B25: Antre | F25: : 22°C ( ZEMİN KAT ANTRE İLE SALON ARASINDA DUVAR OLMADIĞI
F26: İÇİN ANTRE SICAKLIĞI HESABA 22 °C OLARAK
F27: KATILMIŞTIR OLUP SALON, MUTFAK VE ANTRE
F28: BİRLEŞİK HESAP EDİLMİŞTİR..)
B29: Çatı Arası | F29: : 0°C
B30: Toprağa Bitişik Döşeme | F30: : 6°C
B31: Mutfak | F31: : 18°C
A33: 1.3. | B33: Isı İletim Katsayıları:
B35: Dış Duvar : | E35: : | F35: 0.479 | G35: W/M²k
B36: Kiriş 25 cm | E36: : | F36: 0.577 | G36: W/M²k
B37: Kiriş 30 cm | E37: : | F37: 0.577 | G37: W/M²k
B38: Kapı : | E38: : | F38: 3.5 | G38: W/M²k
B39: Pencere : | E39: : | F39: 2.4 | G39: W/M²k
B40: Döşeme ara : | E40: : | F40: 0.561 | G40: W/M²k
B41: Merdiven Duvarı | E41: : | F41: 0 | G41: W/M²k
B42: Merdiven Kiriş-kolon | E42: : | F42: 0 | G42: W/M²k
B43: Döşeme | E43: : | F43: 0.269 | G43: W/M²k
B44: Tavan : | E44: : | F44: 0.318 | G44: W/M²k
B45: Döşeme Açık Geçit | E45: : | F45: 0.327 | G45: W/M²k
B46: Bağımsız bölüm | E46: : | F46: 0 | G46: W/M²k
... B48: İç Duvar | E48: : | F48: 0.814 | G48: W/M²k
B49: Kullanılan Kısaltmalar:
B50: Dış Duvar | E50: :DD
B51: Pencere | E51: :ÇP
B52: İç Kapı | E52: :İK
B53: Dış Kapı | E53: :DK
B54: Balkon Kapısı | E54: :BK
B55: Döşeme | E55: :Dö
B56: Tavan | E56: :Ta
B57: Dükkan | E57: :DÜK
B58: Bodrum | E58: :B
B59: Sürgülü kapı | E59: :SK
B60: Kiriş - Kolon | E60: : DD2
B61: İç Taban | E61: :Dö
... B64: Merdiven Kiriş-kolon | E64: : İDMK

Sheet TEKNİK RAPOR (2)
A1: KALORİFER TESİSATI PROJESİ TEKNİK RAPORU | G1: Sayfa | H1: 2
A3: Proje Adı : | C3: =kapak!C31 -> MEHMET DAL - A-B-C-D BLOK | G3: Tarih | H3: =kapak!G41 -> 44211
A4: Düzenleyen : | C4: =kapak!B10 -> ÜMİT ÇAVUŞOĞLU
A7: 1.4. | B7: İnfitrasyon Değerleri MMO Yayınları 352 Kalorifer Tesisat Hazırlama Esasları kitabına göre yapılmştır
B8: Qs = a.L.R.H.t.Ze
B9: Qs = infiltrasyon ile ısı kaybı ( watt)
B10: a = sızdırganlı katsayısı (m3/mh ) ( tablodan 2,0 kabul edilmiştir)
B11: L = Pencere kapı çevre uzunluğu ( projeden alınacak)
B12: R = Oda Durum Katsayısı (tablodan 0,9 kabul edilmiştir)
B13: H = Bina Durum Katsayısı ( tablodan 0,67 kabul edilmiştir. Rüzgarlı serbest)
B14: T = Sıcaklık Farkı | F14: ( projeden alınacak)
B15: Ze = Köşe açıklıkları etkisi ( tek köşeye bağlı 2 duvarı olan odalarda 1,2 , tek duvar olan oda-
B16: lar için 1,0 alınmıştır. Tablodan )
A20: 1.5. | B20: Zamlar :
B22: ZD İşletme zammı | E22: : 1. işletme seçilmiş değer 0,7 alınmıştır.
B23: ZW Kat yükseklik zammı | E23: : 3 katlı bina için zam 0 alınmıştır.
B24: ZH Yön zammı | E24: : G =-5, GB= -5 , GD= -5 , K = 5 , KB= 5, KD= 5 , D= 0 , B= 0 )
A33: 1.3.

Sheet ZEMİN
H1: ISI KAYBI HESABI | N1: Kat : | O1: ZEMİN | P1: Tarih | Q1: =[1]kapak!G41 -> 44267
F2: PROJE ADI : | H2: =kapak!C31 -> MEHMET DAL - A-B-C-D BLOK | N2: Sayfa : | O2: 3
A3: Yapı Bileşeni | E3: Alan Hesabı | I3: Isı kaybı hesabı | M3: Zamlar | Q3: Toplam
A4: İşaret | B4: Yön | C4: Kalınlık | D4: Uzunluk | E4: Yükseklik | F4: Toplam Alan | G4: Miktar | H4: Çıkarıla alan | I4: Hesaba giren Alan | J4: Isı İletim Katsayısı | K4: Sıcaklık Farkı | L4: Zamsız Isı Kaybı | M4: İşletme | N4: Kat Yük. | O4: Yön | P4: Toplam | Q4: Toplam Is ı İhtiyacı
F5: [Ao] | I5: [A] | J5: [k] | K5: D T | L5: Qo | M5: ZD | N5: ZW | O5: ZH | P5: Z | Q5: Qh=Qi+Qs
C6: cm | D6: m | E6: m | F6: m² | G6: ad | H6: m² | I6: m² | J6: watt m²hºC | K6: ºC | L6: watt | M6: % | N6: % | O6: % | P6: 1+% | Q6: watt
A7: 1 | B7: 2 | C7: 3 | D7: 4 | E7: 5 | F7: 6 | G7: 7 | H7: 8 | I7: 9 | J7: 10 | K7: 11 | L7: 12 | M7: 13 | N7: 14 | O7: 15 | P7: 16 | Q7: 17
F8: Z | G8: 0 | H8: 1 | I8: SALON+MUTFAK+ANTRE | K8: 22ºC
A9: DD | B9: K | D9: 8.1 | E9: 2.8 | F9: =IF(D9=0," ",D9*E9) -> 22.68 | G9: 1 | H9: =F11*G11+F12*G12 -> 14.02 | I9: =IF(F9=" "," ",F9*G9-H9) -> 8.66 | J9: 0.479 | K9: 31 | L9: =IF(I9=" "," ",I9*J9*K9) -> 128.59234 | M9: 7 | N9: 0 | O9: 5 | P9: =IF(M9=" "," ",(1+(M9+N9+O9)/100)) -> 1.12 | Q9: =IF(L9=" "," ",L9*P9) -> 144.02342
A10: DD25 | B10: K | D10: =D9 -> 8.1 | E10: 0.37 | F10: =IF(D10=0," ",D10*E10) -> 2.997 | G10: 1 | I10: =IF(F10=" "," ",F10*G10-H10) -> 2.997 | J10: 0.577 | K10: 31 | L10: =IF(I10=" "," ",I10*J10*K10) -> 53.607339 | M10: 7 | N10: 0 | O10: 5 | P10: =IF(M10=" "," ",(1+(M10+N10+O10)/100)) -> 1.12 | Q10: =IF(L10=" "," ",L10*P10) -> 60.04022
A11: ÇP | B11: K | D11: 1.5 | E11: 1.6 | F11: =IF(D11=0," ",D11*E11) -> 2.4 | G11: 1 | I11: =IF(F11=" "," ",F11*G11-H11) -> 2.4 | J11: 2.4 | K11: 31 | L11: =IF(I11=" "," ",I11*J11*K11) -> 178.56 | M11: 7 | N11: 0 | O11: 5 | P11: =IF(M11=" "," ",(1+(M11+N11+O11)/100)) -> 1.12 | Q11: =IF(L11=" "," ",L11*P11) -> 199.9872
A12: ÇP | B12: K | D12: 4.15 | E12: 2.8 | F12: =IF(D12=0," ",D12*E12) -> 11.62 | G12: 1 | I12: =IF(F12=" "," ",F12*G12-H12) -> 11.62 | J12: 2.4 | K12: 31 | L12: =IF(I12=" "," ",I12*J12*K12) -> 864.528 | M12: 7 | N12: 0 | O12: 5 | P12: =IF(M12=" "," ",(1+(M12+N12+O12)/100)) -> 1.12 | Q12: =IF(L12=" "," ",L12*P12) -> 968.27136
A13: DD30 | B13: K | D13: 1.7 | E13: 3.17 | F13: =IF(D13=0," ",D13*E13) -> 5.389 | G13: 1 | I13: =IF(F13=" "," ",F13*G13-H13) -> 5.389 | J13: 0.57 | K13: 31 | L13: =IF(I13=" "," ",I13*J13*K13) -> 95.22363 | M13: 7 | N13: 0 | O13: 5 | P13: =IF(M13=" "," ",(1+(M13+N13+O13)/100)) -> 1.12 | Q13: =IF(L13=" "," ",L13*P13) -> 106.65047
A14: DD | B14: D | D14: 9.55 | E14: 2.8 | F14: =IF(D14=0," ",D14*E14) -> 26.74 | G14: 1 | H14: =F16*G16 -> 21.98 | I14: =IF(F14=" "," ",F14*G14-H14) -> 4.76 | J14: 0.479 | K14: 31 | L14: =IF(I14=" "," ",I14*J14*K14) -> 70.68124 | M14: 7 | N14: 0 | O14: 0 | P14: =IF(M14=" "," ",(1+(M14+N14+O14)/100)) -> 1.07 | Q14: =IF(L14=" "," ",L14*P14) -> 75.628927
A15: DD25 | B15: D | D15: =D14 -> 9.55 | E15: 0.37 | F15: =IF(D15=0," ",D15*E15) -> 3.5335 | G15: 1 | I15: =IF(F15=" "," ",F15*G15-H15) -> 3.5335 | J15: 0.577 | K15: 31 | L15: =IF(I15=" "," ",I15*J15*K15) -> 63.203714 | M15: 7 | N15: 0 | O15: 0 | P15: =IF(M15=" "," ",(1+(M15+N15+O15)/100)) -> 1.07 | Q15: =IF(L15=" "," ",L15*P15) -> 67.627975
A16: ÇP | B16: D | D16: 7.85 | E16: 2.8 | F16: =IF(D16=0," ",D16*E16) -> 21.98 | G16: 1 | I16: =IF(F16=" "," ",F16*G16-H16) -> 21.98 | J16: 2.4 | K16: 31 | L16: =IF(I16=" "," ",I16*J16*K16) -> 1635.312 | M16: 7 | N16: 0 | O16: 0 | P16: =IF(M16=" "," ",(1+(M16+N16+O16)/100)) -> 1.07 | Q16: =IF(L16=" "," ",L16*P16) -> 1749.7838
A17: DD30 | B17: D | D17: 2.15 | E17: 3.17 | F17: =IF(D17=0," ",D17*E17) -> 6.8155 | G17: 1 | I17: =IF(F17=" "," ",F17*G17-H17) -> 6.8155 | J17: 0.57 | K17: 31 | L17: =IF(I17=" "," ",I17*J17*K17) -> 120.42988 | M17: 7 | N17: 0 | O17: 0 | P17: =IF(M17=" "," ",(1+(M17+N17+O17)/100)) -> 1.07 | Q17: =IF(L17=" "," ",L17*P17) -> 128.85998
A18: DD | B18: G | D18: 9.35 | E18: 2.8 | F18: =IF(D18=0," ",D18*E18) -> 26.18 | G18: 1 | H18: =F20*G20+F21*G21 -> 6.735 | I18: =IF(F18=" "," ",F18*G18-H18) -> 19.445 | J18: 0.479 | K18: 31 | L18: =IF(I18=" "," ",I18*J18*K18) -> 288.73881 | M18: 7 | N18: 0 | O18: -5 | P18: =IF(M18=" "," ",(1+(M18+N18+O18)/100)) -> 1.02 | Q18: =IF(L18=" "," ",L18*P18) -> 294.51358
A19: DD25 | B19: G | D19: =D18 -> 9.35 | E19: 0.37 | F19: =IF(D19=0," ",D19*E19) -> 3.4595 | G19: 1 | I19: =IF(F19=" "," ",F19*G19-H19) -> 3.4595 | J19: 0.577 | K19: 31 | L19: =IF(I19=" "," ",I19*J19*K19) -> 61.880077 | M19: 7 | N19: 0 | O19: -5 | P19: =IF(M19=" "," ",(1+(M19+N19+O19)/100)) -> 1.02 | Q19: =IF(L19=" "," ",L19*P19) -> 63.117678
A20: ÇP | B20: G | D20: 0.6 | E20: 2.8 | F20: =IF(D20=0," ",D20*E20) -> 1.68 | G20: 2 | I20: =IF(F20=" "," ",F20*G20-H20) -> 3.36 | J20: 2.4 | K20: 31 | L20: =IF(I20=" "," ",I20*J20*K20) -> 249.984 | M20: 7 | N20: 0 | O20: -5 | P20: =IF(M20=" "," ",(1+(M20+N20+O20)/100)) -> 1.02 | Q20: =IF(L20=" "," ",L20*P20) -> 254.98368
A21: DK | B21: G | D21: 1.5 | E21: 2.25 | F21: =IF(D21=0," ",D21*E21) -> 3.375 | G21: 1 | I21: =IF(F21=" "," ",F21*G21-H21) -> 3.375 | J21: 3.5 | K21: 31 | L21: =IF(I21=" "," ",I21*J21*K21) -> 366.1875 | M21: 7 | N21: 0 | O21: -5 | P21: =IF(M21=" "," ",(1+(M21+N21+O21)/100)) -> 1.02 | Q21: =IF(L21=" "," ",L21*P21) -> 373.51125
A22: DD30 | B22: G | D22: 1.3 | E22: 3.17 | F22: =IF(D22=0," ",D22*E22) -> 4.121 | G22: 1 | I22: =IF(F22=" "," ",F22*G22-H22) -> 4.121 | J22: 0.57 | K22: 31 | L22: =IF(I22=" "," ",I22*J22*K22) -> 72.81807 | M22: 7 | N22: 0 | O22: -5 | P22: =IF(M22=" "," ",(1+(M22+N22+O22)/100)) -> 1.02 | Q22: =IF(L22=" "," ",L22*P22) -> 74.274431
A23: DD | B23: B | D23: 2.4 | E23: 2.8 | F23: =IF(D23=0," ",D23*E23) -> 6.72 | G23: 1 | H23: =F25*G25 -> 1.2 | I23: =IF(F23=" "," ",F23*G23-H23) -> 5.52 | J23: 0.479 | K23: 31 | L23: =IF(I23=" "," ",I23*J23*K23) -> 81.96648 | M23: 7 | N23: 0 | O23: 0 | P23: =IF(M23=" "," ",(1+(M23+N23+O23)/100)) -> 1.07 | Q23: =IF(L23=" "," ",L23*P23) -> 87.704134
A24: DD25 | B24: B | D24: =D23 -> 2.4 | E24: 0.37 | F24: =IF(D24=0," ",D24*E24) -> 0.888 | G24: 1 | I24: =IF(F24=" "," ",F24*G24-H24) -> 0.888 | J24: 0.577 | K24: 31 | L24: =IF(I24=" "," ",I24*J24*K24) -> 15.883656 | M24: 7 | N24: 0 | O24: 0 | P24: =IF(M24=" "," ",(1+(M24+N24+O24)/100)) -> 1.07 | Q24: =IF(L24=" "," ",L24*P24) -> 16.995512
A25: ÇP | B25: B | D25: 0.8 | E25: 1.5 | F25: =IF(D25=0," ",D25*E25) -> 1.2 | G25: 1 | I25: =IF(F25=" "," ",F25*G25-H25) -> 1.2 | J25: 2.4 | K25: 31 | L25: =IF(I25=" "," ",I25*J25*K25) -> 89.28 | M25: 7 | N25: 0 | O25: 0 | P25: =IF(M25=" "," ",(1+(M25+N25+O25)/100)) -> 1.07 | Q25: =IF(L25=" "," ",L25*P25) -> 95.5296
A26: Dö | D26: 0.5 | E26: 1.8 | F26: =IF(D26=0," ",D26*E26) -> 0.9 | G26: 1 | I26: =IF(F26=" "," ",F26*G26-H26) -> 0.9 | J26: 0.269 | K26: 16 | L26: =IF(I26=" "," ",I26*J26*K26) -> 3.8736 | M26: 7 | N26: 0 | O26: 0 | P26: =IF(M26=" "," ",(1+(M26+N26+O26)/100)) -> 1.07 | Q26: =IF(L26=" "," ",L26*P26) -> 4.144752
A27: Dö | D27: 5.2 | E27: 4.2 | F27: =IF(D27=0," ",D27*E27) -> 21.84 | G27: 1 | I27: =IF(F27=" "," ",F27*G27-H27) -> 21.84 | J27: 0.269 | K27: 16 | L27: =IF(I27=" "," ",I27*J27*K27) -> 93.99936 | M27: 7 | N27: 0 | O27: 0 | P27: =IF(M27=" "," ",(1+(M27+N27+O27)/100)) -> 1.07 | Q27: =IF(L27=" "," ",L27*P27) -> 100.57932
A28: Dö | D28: 6.5 | E28: 10.65 | F28: =IF(D28=0," ",D28*E28) -> 69.225 | G28: 1 | I28: =IF(F28=" "," ",F28*G28-H28) -> 69.225 | J28: 0.269 | K28: 16 | L28: =IF(I28=" "," ",I28*J28*K28) -> 297.9444 | M28: 7 | N28: 0 | O28: 0 | P28: =IF(M28=" "," ",(1+(M28+N28+O28)/100)) -> 1.07 | Q28: =IF(L28=" "," ",L28*P28) -> 318.80051
F29: =IF(D29=0," ",D29*E29) | I29: =IF(F29=" "," ",F29*G29-H29) | Q29: =SUM(Q9:Q28) -> 5185.0278
J30: Qs= | K30: S a | L30: L | M30: R | N30: H | O30: D T | P30: Ze
J31: Qs = | K31: 2 | L31: =(D11+E11)*2*G11+(D16+E16)*2*G16+(D12+E12)*2*G12+(D20+E20)*2*G20+(D21+E21)*2*G21+(D25+E25)*2*G25 -> 67.1 | M31: 0.9 | N31: 0.67 | O31: 31 | P31: 1.2 | Q31: =K31*L31*M31*N31*O31*P31 -> 3010.3207
M32: TOPLAM ISI KAYBI = | Q32: =Q29+Q31 -> 8195.3485
F33: =F8 -> Z | G33: 0 | H33: 2 | I33: BANYO | K33: 26ºC
A34: DD | B34: B | D34: 0.75 | E34: 2.8 | F34: =IF(D34=0," ",D34*E34) -> 2.1 | G34: 1 | H34: =F36*G36 -> 0.36 | I34: =IF(F34=" "," ",F34*G34-H34) -> 1.74 | J34: 0.479 | K34: 35 | L34: =IF(I34=" "," ",I34*J34*K34) -> 29.1711 | M34: 7 | N34: 0 | O34: 5 | P34: =IF(M34=" "," ",(1+(M34+N34+O34)/100)) -> 1.12 | Q34: =IF(L34=" "," ",L34*P34) -> 32.671632
A35: DD25 | B35: B | D35: =D34 -> 0.75 | E35: 0.37 | F35: =IF(D35=0," ",D35*E35) -> 0.2775 | G35: 1 | I35: =IF(F35=" "," ",F35*G35-H35) -> 0.2775 | J35: 0.577 | K35: 35 | L35: =IF(I35=" "," ",I35*J35*K35) -> 5.6041125 | M35: 7 | N35: 0 | O35: 5 | P35: =IF(M35=" "," ",(1+(M35+N35+O35)/100)) -> 1.12 | Q35: =IF(L35=" "," ",L35*P35) -> 6.276606
A36: ÇP | B36: B | D36: 0.6 | E36: 0.6 | F36: =IF(D36=0," ",D36*E36) -> 0.36 | G36: 1 | I36: =IF(F36=" "," ",F36*G36-H36) -> 0.36 | J36: 2.4 | K36: 35 | L36: =IF(I36=" "," ",I36*J36*K36) -> 30.24 | M36: 7 | N36: 0 | O36: 5 | P36: =IF(M36=" "," ",(1+(M36+N36+O36)/100)) -> 1.12 | Q36: =IF(L36=" "," ",L36*P36) -> 33.8688
A37: DD30 | B37: B | D37: 0.2 | E37: 3.17 | F37: =IF(D37=0," ",D37*E37) -> 0.634 | G37: 1 | I37: =IF(F37=" "," ",F37*G37-H37) -> 0.634 | J37: 0.57 | K37: 35 | L37: =IF(I37=" "," ",I37*J37*K37) -> 12.6483 | M37: 7 | N37: 0 | O37: 5 | P37: =IF(M37=" "," ",(1+(M37+N37+O37)/100)) -> 1.12 | Q37: =IF(L37=" "," ",L37*P37) -> 14.166096
A38: İD | D38: 4.9 | E38: 3.17 | F38: =IF(D38=0," ",D38*E38) -> 15.533 | G38: 1 | I38: =IF(F38=" "," ",F38*G38-H38) -> 15.533 | J38: 0.814 | K38: 6 | L38: =IF(I38=" "," ",I38*J38*K38) -> 75.863172 | M38: 7 | N38: 0 | O38: 0 | P38: =IF(M38=" "," ",(1+(M38+N38+O38)/100)) -> 1.07 | Q38: =IF(L38=" "," ",L38*P38) -> 81.173594
A39: Dö | D39: 1 | E39: 0.5 | F39: =IF(D39=0," ",D39*E39) -> 0.5 | G39: 1 | I39: =IF(F39=" "," ",F39*G39-H39) -> 0.5 | J39: 0.269 | K39: 20 | L39: =IF(I39=" "," ",I39*J39*K39) -> 2.69 | M39: 7 | N39: 0 | O39: 0 | P39: =IF(M39=" "," ",(1+(M39+N39+O39)/100)) -> 1.07 | Q39: =IF(L39=" "," ",L39*P39) -> 2.8783
A40: Dö | D40: 2.9 | E40: 2.3 | F40: =IF(D40=0," ",D40*E40) -> 6.67 | G40: 1 | I40: =IF(F40=" "," ",F40*G40-H40) -> 6.67 | J40: 0.269 | K40: 20 | L40: =IF(I40=" "," ",I40*J40*K40) -> 35.8846 | M40: 7 | N40: 0 | O40: 0 | P40: =IF(M40=" "," ",(1+(M40+N40+O40)/100)) -> 1.07 | Q40: =IF(L40=" "," ",L40*P40) -> 38.396522
F41: =IF(D41=0," ",D41*E41) | I41: =IF(F41=" "," ",F41*G41-H41) | Q41: =SUM(Q34:Q40) -> 209.43155
J42: Qs= | K42: S a | L42: L | M42: R | N42: H | O42: D T | P42: Ze
J43: Qs = | K43: 2 | L43: =(D36+E36)*2*G36 -> 2.4 | M43: 0.9 | N43: 0.67 | O43: 35 | P43: 1.2 | Q43: =K43*L43*M43*N43*O43*P43 -> 121.5648
M44: TOPLAM ISI KAYBI = | Q44: =Q41+Q43 -> 330.99635
F45: =F8 -> Z | G45: 0 | H45: =H33+1 -> 3 | I45: KİLER | K45: 18ºC
A46: DD | B46: B | D46: 1.45 | E46: 2.8 | F46: =IF(D46=0," ",D46*E46) -> 4.06 | G46: 1 | I46: =IF(F46=" "," ",F46*G46-H46) -> 4.06 | J46: 0.479 | K46: 27 | L46: =IF(I46=" "," ",I46*J46*K46) -> 52.50798 | M46: 7 | N46: 0 | O46: 0 | P46: =IF(M46=" "," ",(1+(M46+N46+O46)/100)) -> 1.07 | Q46: =IF(L46=" "," ",L46*P46) -> 56.183539
A47: DD25 | B47: B | D47: =D46 -> 1.45 | E47: 0.37 | F47: =IF(D47=0," ",D47*E47) -> 0.5365 | G47: 1 | I47: =IF(F47=" "," ",F47*G47-H47) -> 0.5365 | J47: 0.577 | K47: 27 | L47: 26 | M47: 7 | N47: 0 | O47: 0 | P47: =IF(M47=" "," ",(1+(M47+N47+O47)/100)) -> 1.07 | Q47: =IF(L47=" "," ",L47*P47) -> 27.82
A48: DD30 | B48: B | D48: 0.15 | E48: 3.17 | F48: =IF(D48=0," ",D48*E48) -> 0.4755 | G48: 1 | I48: =IF(F48=" "," ",F48*G48-H48) -> 0.4755 | J48: 0.57 | K48: 27 | L48: 26 | M48: 7 | N48: 0 | O48: 0 | P48: =IF(M48=" "," ",(1+(M48+N48+O48)/100)) -> 1.07 | Q48: =IF(L48=" "," ",L48*P48) -> 27.82
A49: DD | B49: G | D49: 3.05 | E49: 2.8 | F49: =IF(D49=0," ",D49*E49) -> 8.54 | G49: 1 | I49: =IF(F49=" "," ",F49*G49-H49) -> 8.54 | J49: 0.479 | K49: 27 | L49: =IF(I49=" "," ",I49*J49*K49) -> 110.44782 | M49: 7 | N49: 0 | O49: -5 | P49: =IF(M49=" "," ",(1+(M49+N49+O49)/100)) -> 1.02 | Q49: =IF(L49=" "," ",L49*P49) -> 112.65678
A50: DD25 | B50: G | D50: =D49 -> 3.05 | E50: 0.37 | F50: =IF(D50=0," ",D50*E50) -> 1.1285 | G50: 1 | I50: =IF(F50=" "," ",F50*G50-H50) -> 1.1285 | J50: 0.577 | K50: 27 | L50: 26 | M50: 7 | N50: 0 | O50: -5 | P50: =IF(M50=" "," ",(1+(M50+N50+O50)/100)) -> 1.02 | Q50: =IF(L50=" "," ",L50*P50) -> 26.52
A51: DD30 | B51: G | D51: 0.35 | E51: 3.17 | F51: =IF(D51=0," ",D51*E51) -> 1.1095 | G51: 1 | I51: =IF(F51=" "," ",F51*G51-H51) -> 1.1095 | J51: 0.57 | K51: 27 | L51: 26 | M51: 7 | N51: 0 | O51: -5 | P51: =IF(M51=" "," ",(1+(M51+N51+O51)/100)) -> 1.02 | Q51: =IF(L51=" "," ",L51*P51) -> 26.52
A52: Dö | D52: 1 | E52: 0.5 | F52: =IF(D52=0," ",D52*E52) -> 0.5 | G52: 1 | I52: =IF(F52=" "," ",F52*G52-H52) -> 0.5 | J52: 0.269 | K52: 12 | L52: =IF(I52=" "," ",I52*J52*K52) -> 1.614 | M52: 7 | N52: 0 | O52: 0 | P52: =IF(M52=" "," ",(1+(M52+N52+O52)/100)) -> 1.07 | Q52: =IF(L52=" "," ",L52*P52) -> 1.72698
A53: Dö | D53: 2.9 | E53: 1.6 | F53: =IF(D53=0," ",D53*E53) -> 4.64 | G53: 1 | I53: =IF(F53=" "," ",F53*G53-H53) -> 4.64 | J53: 0.269 | K53: 12 | L53: =IF(I53=" "," ",I53*J53*K53) -> 14.97792 | M53: 7 | N53: 0 | O53: 0 | P53: =IF(M53=" "," ",(1+(M53+N53+O53)/100)) -> 1.07 | Q53: =IF(L53=" "," ",L53*P53) -> 16.026374
F54: =IF(D54=0," ",D54*E54) | I54: =IF(F54=" "," ",F54*G54-H54) | Q54: =SUM(Q47:Q53) -> 239.09013
J55: Qs= | K55: S a | L55: L | M55: R | N55: H | O55: D T | P55: Ze
J56: Qs = | K56: 2 | L56: 0 | M56: 0.9 | N56: 0.67 | O56: 27 | P56: 1.2 | Q56: =K56*L56*M56*N56*O56*P56 -> 0
M57: TOPLAM ISI KAYBI = | Q57: =Q54+Q56 -> 239.09013
F58: Z | G58: 0 | H58: 4 | I58: ODA | K58: 20ºC
A59: DD | B59: K | D59: 3.8 | E59: 2.8 | F59: =IF(D59=0," ",D59*E59) -> 10.64 | G59: 1 | H59: =F61*G61 -> 5.04 | I59: =IF(F59=" "," ",F59*G59-H59) -> 5.6 | J59: 0.479 | K59: 29 | L59: =IF(I59=" "," ",I59*J59*K59) -> 77.7896 | M59: 7 | N59: 0 | O59: 5 | P59: =IF(M59=" "," ",(1+(M59+N59+O59)/100)) -> 1.12 | Q59: =IF(L59=" "," ",L59*P59) -> 87.124352
A60: DD25 | B60: K | D60: =D59 -> 3.8 | E60: 0.37 | F60: =IF(D60=0," ",D60*E60) -> 1.406 | G60: 1 | I60: =IF(F60=" "," ",F60*G60-H60) -> 1.406 | J60: 0.577 | K60: 29 | L60: =IF(I60=" "," ",I60*J60*K60) -> 23.526598 | M60: 7 | N60: 0 | O60: 5 | P60: =IF(M60=" "," ",(1+(M60+N60+O60)/100)) -> 1.12 | Q60: =IF(L60=" "," ",L60*P60) -> 26.34979
A61: ÇP | B61: K | D61: 1.8 | E61: 2.8 | F61: =IF(D61=0," ",D61*E61) -> 5.04 | G61: 1 | I61: =IF(F61=" "," ",F61*G61-H61) -> 5.04 | J61: 2.4 | K61: 29 | L61: =IF(I61=" "," ",I61*J61*K61) -> 350.784 | M61: 7 | N61: 0 | O61: 5 | P61: =IF(M61=" "," ",(1+(M61+N61+O61)/100)) -> 1.12 | Q61: =IF(L61=" "," ",L61*P61) -> 392.87808
A62: DD30 | B62: K | D62: 0.15 | E62: 3.17 | F62: =IF(D62=0," ",D62*E62) -> 0.4755 | G62: 1 | I62: =IF(F62=" "," ",F62*G62-H62) -> 0.4755 | J62: 0.57 | K62: 29 | L62: =IF(I62=" "," ",I62*J62*K62) -> 7.860015 | M62: 7 | N62: 0 | O62: 5 | P62: =IF(M62=" "," ",(1+(M62+N62+O62)/100)) -> 1.12 | Q62: =IF(L62=" "," ",L62*P62) -> 8.8032168
A63: DD | B63: B | D63: 3.7 | E63: 2.8 | F63: =IF(D63=0," ",D63*E63) -> 10.36 | G63: 1 | I63: =IF(F63=" "," ",F63*G63-H63) -> 10.36 | J63: 0.479 | K63: 29 | L63: =IF(I63=" "," ",I63*J63*K63) -> 143.91076 | M63: 7 | N63: 0 | O63: 0 | P63: =IF(M63=" "," ",(1+(M63+N63+O63)/100)) -> 1.07 | Q63: =IF(L63=" "," ",L63*P63) -> 153.98451
A64: DD25 | B64: B | D64: =D63 -> 3.7 | E64: 0.37 | F64: =IF(D64=0," ",D64*E64) -> 1.369 | G64: 1 | I64: =IF(F64=" "," ",F64*G64-H64) -> 1.369 | J64: 0.577 | K64: 29 | L64: =IF(I64=" "," ",I64*J64*K64) -> 22.907477 | M64: 7 | N64: 0 | O64: 0 | P64: =IF(M64=" "," ",(1+(M64+N64+O64)/100)) -> 1.07 | Q64: =IF(L64=" "," ",L64*P64) -> 24.511
A65: DD30 | B65: B | D65: 0.35 | E65: 3.17 | F65: =IF(D65=0," ",D65*E65) -> 1.1095 | G65: 1 | I65: =IF(F65=" "," ",F65*G65-H65) -> 1.1095 | J65: 0.57 | K65: 29 | L65: =IF(I65=" "," ",I65*J65*K65) -> 18.340035 | M65: 7 | N65: 0 | O65: 0 | P65: =IF(M65=" "," ",(1+(M65+N65+O65)/100)) -> 1.07 | Q65: =IF(L65=" "," ",L65*P65) -> 19.623837
A66: Dö | D66: 1.05 | E66: 1.6 | F66: =IF(D66=0," ",D66*E66) -> 1.68 | G66: 1 | I66: =IF(F66=" "," ",F66*G66-H66) -> 1.68 | J66: 0.269 | K66: 14 | L66: =IF(I66=" "," ",I66*J66*K66) -> 6.32688 | M66: 7 | N66: 0 | O66: 0 | P66: =IF(M66=" "," ",(1+(M66+N66+O66)/100)) -> 1.07 | Q66: =IF(L66=" "," ",L66*P66) -> 6.7697616
A67: Dö | D67: 3.95 | E67: 4.05 | F67: =IF(D67=0," ",D67*E67) -> 15.9975 | G67: 1 | I67: =IF(F67=" "," ",F67*G67-H67) -> 15.9975 | J67: 0.269 | K67: 14 | L67: =IF(I67=" "," ",I67*J67*K67) -> 60.246585 | M67: 7 | N67: 0 | O67: 0 | P67: =IF(M67=" "," ",(1+(M67+N67+O67)/100)) -> 1.07 | Q67: =IF(L67=" "," ",L67*P67) -> 64.463846
F68: =IF(D68=0," ",D68*E68) | I68: =IF(F68=" "," ",F68*G68-H68) | Q68: =SUM(Q59:Q67) -> 784.5084
J69: Qs= | K69: S a | L69: L | M69: R | N69: H | O69: D T | P69: Ze
J70: Qs = | K70: 2 | L70: =(D61+E61)*2*G61 -> 9.2 | M70: 0.9 | N70: 0.67 | O70: 29 | P70: 1.2 | Q70: =K70*L70*M70*N70*O70*P70 -> 386.11296
M71: TOPLAM ISI KAYBI = | Q71: =Q68+Q70 -> 1170.6214
H80: ISI KAYBI HESABI | N80: Kat : | O80: =O1 -> ZEMİN | P80: Tarih | Q80: =Q1 -> 44267
F81: PROJE ADI : | H81: =H2 -> MEHMET DAL - A-B-C-D BLOK | N81: Sayfa : | O81: =O2+1 -> 4
A82: Yapı Bileşeni | E82: Alan Hesabı | I82: Isı kaybı hesabı | M82: Zamlar | Q82: Toplam
A83: İşaret | B83: Yön | C83: Kalınlık | D83: Uzunluk | E83: Yükseklik | F83: Toplam Alan | G83: Miktar | H83: Çıkarıla alan | I83: Hesaba giren Alan | J83: Isı İletim Katsayısı | K83: Sıcaklık Farkı | L83: Zamsız Isı Kaybı | M83: İşletme | N83: Kat Yük. | O83: Yön | P83: Toplam | Q83: Toplam Is ı İhtiyacı
F84: [Ao] | I84: [A] | J84: [k] | K84: D T | L84: Qo | M84: ZD | N84: ZW | O84: ZH | P84: Z | Q84: Qh=Qi+Qs
C85: cm | D85: m | E85: m | F85: m² | G85: ad | H85: m² | I85: m² | J85: watt m²hºC | K85: ºC | L85: watt | M85: % | N85: % | O85: % | P85: 1+% | Q85: watt
A86: 1 | B86: 2 | C86: 3 | D86: 4 | E86: 5 | F86: 6 | G86: 7 | H86: 8 | I86: 9 | J86: 10 | K86: 11 | L86: 12 | M86: 13 | N86: 14 | O86: 15 | P86: 16 | Q86: 17
F87: =F58 -> Z | G87: 0 | H87: 5 | I87: DUŞ | K87: 26ºC
A88: DD | B88: B | D88: 0.75 | E88: 2.8 | F88: =IF(D88=0," ",D88*E88) -> 2.1 | G88: 1 | H88: =F90*G90 -> 0.36 | I88: =IF(F88=" "," ",F88*G88-H88) -> 1.74 | J88: 0.479 | K88: 35 | L88: =IF(I88=" "," ",I88*J88*K88) -> 29.1711 | M88: 7 | N88: 0 | O88: 0 | P88: =IF(M88=" "," ",(1+(M88+N88+O88)/100)) -> 1.07 | Q88: =IF(L88=" "," ",L88*P88) -> 31.213077
A89: DD25 | B89: B | D89: =D88 -> 0.75 | E89: 0.37 | F89: =IF(D89=0," ",D89*E89) -> 0.2775 | G89: 1 | I89: =IF(F89=" "," ",F89*G89-H89) -> 0.2775 | J89: 0.577 | K89: 35 | L89: =IF(I89=" "," ",I89*J89*K89) -> 5.6041125 | M89: 7 | N89: 0 | O89: 0 | P89: =IF(M89=" "," ",(1+(M89+N89+O89)/100)) -> 1.07 | Q89: =IF(L89=" "," ",L89*P89) -> 5.9964004
A90: ÇP | B90: B | D90: 0.6 | E90: 0.6 | F90: =IF(D90=0," ",D90*E90) -> 0.36 | G90: 1 | I90: =IF(F90=" "," ",F90*G90-H90) -> 0.36 | J90: 2.4 | K90: 35 | L90: =IF(I90=" "," ",I90*J90*K90) -> 30.24 | M90: 7 | N90: 0 | O90: 0 | P90: =IF(M90=" "," ",(1+(M90+N90+O90)/100)) -> 1.07 | Q90: =IF(L90=" "," ",L90*P90) -> 32.3568
A91: DD30 | B91: B | D91: 0.2 | E91: 3.17 | F91: =IF(D91=0," ",D91*E91) -> 0.634 | G91: 1 | I91: =IF(F91=" "," ",F91*G91-H91) -> 0.634 | J91: 0.57 | K91: 35 | L91: =IF(I91=" "," ",I91*J91*K91) -> 12.6483 | M91: 7 | N91: 0 | O91: 0 | P91: =IF(M91=" "," ",(1+(M91+N91+O91)/100)) -> 1.07 | Q91: =IF(L91=" "," ",L91*P91) -> 13.533681
A92: İD | D92: 3.3 | E92: 3.17 | F92: =IF(D92=0," ",D92*E92) -> 10.461 | G92: 1 | H92: =F93*G93 -> 1.76 | I92: =IF(F92=" "," ",F92*G92-H92) -> 8.701 | J92: 2 | K92: 6 | L92: =IF(I92=" "," ",I92*J92*K92) -> 104.412 | M92: 7 | N92: 0 | O92: 0 | P92: =IF(M92=" "," ",(1+(M92+N92+O92)/100)) -> 1.07 | Q92: =IF(L92=" "," ",L92*P92) -> 111.72084
A93: İK | D93: 0.8 | E93: 2.2 | F93: =IF(D93=0," ",D93*E93) -> 1.76 | G93: 1 | I93: =IF(F93=" "," ",F93*G93-H93) -> 1.76 | J93: 2 | K93: 6 | L93: =IF(I93=" "," ",I93*J93*K93) -> 21.12 | M93: 7 | N93: 0 | O93: 0 | P93: =IF(M93=" "," ",(1+(M93+N93+O93)/100)) -> 1.07 | Q93: =IF(L93=" "," ",L93*P93) -> 22.5984
A94: Dö | D94: 1.25 | E94: 1.4 | F94: =IF(D94=0," ",D94*E94) -> 1.75 | G94: 1 | I94: =IF(F94=" "," ",F94*G94-H94) -> 1.75 | J94: 0.269 | K94: 20 | L94: =IF(I94=" "," ",I94*J94*K94) -> 9.415 | M94: 7 | N94: 0 | O94: 0 | P94: =IF(M94=" "," ",(1+(M94+N94+O94)/100)) -> 1.07 | Q94: =IF(L94=" "," ",L94*P94) -> 10.07405
A95: Dö | D95: 0.95 | E95: 2.25 | F95: =IF(D95=0," ",D95*E95) -> 2.1375 | G95: 1 | I95: =IF(F95=" "," ",F95*G95-H95) -> 2.1375 | J95: 0.269 | K95: 20 | L95: =IF(I95=" "," ",I95*J95*K95) -> 11.49975 | M95: 7 | N95: 0 | O95: 0 | P95: =IF(M95=" "," ",(1+(M95+N95+O95)/100)) -> 1.07 | Q95: =IF(L95=" "," ",L95*P95) -> 12.304733
F96: =IF(D96=0," ",D96*E96) | I96: =IF(F96=" "," ",F96*G96-H96) | Q96: =SUM(Q88:Q95) -> 239.79798
J97: Qs= | K97: S a | L97: L | M97: R | N97: H | O97: D T | P97: Ze
J98: Qs = | K98: 2 | L98: =(D90+E90)*2*G90 -> 2.4 | M98: 0.9 | N98: 0.67 | O98: 35 | P98: 1.2 | Q98: =K98*L98*M98*N98*O98*P98 -> 121.5648
M99: TOPLAM ISI KAYBI = | Q99: =Q96+Q98 -> 361.36278

Sheet 1 NK
H1: ISI KAYBI HESABI | N1: Kat : | O1: 1 NK | P1: Tarih | Q1: =[1]kapak!G41 -> 44267
F2: PROJE ADI : | H2: =kapak!C31 -> MEHMET DAL - A-B-C-D BLOK | N2: Sayfa : | O2: 5
A3: Yapı Bileşeni | E3: Alan Hesabı | I3: Isı kaybı hesabı | M3: Zamlar | Q3: Toplam
A4: İşaret | B4: Yön | C4: Kalınlık | D4: Uzunluk | E4: Yükseklik | F4: Toplam Alan | G4: Miktar | H4: Çıkarıla alan | I4: Hesaba giren Alan | J4: Isı İletim Katsayısı | K4: Sıcaklık Farkı | L4: Zamsız Isı Kaybı | M4: İşletme | N4: Kat Yük. | O4: Yön | P4: Toplam | Q4: Toplam Is ı İhtiyacı
F5: [Ao] | I5: [A] | J5: [k] | K5: D T | L5: Qo | M5: ZD | N5: ZW | O5: ZH | P5: Z | Q5: Qh=Qi+Qs
C6: cm | D6: m | E6: m | F6: m² | G6: ad | H6: m² | I6: m² | J6: watt m²hºC | K6: ºC | L6: watt | M6: % | N6: % | O6: % | P6: 1+% | Q6: watt
A7: 1 | B7: 2 | C7: 3 | D7: 4 | E7: 5 | F7: 6 | G7: 7 | H7: 8 | I7: 9 | J7: 10 | K7: 11 | L7: 12 | M7: 13 | N7: 14 | O7: 15 | P7: 16 | Q7: 17
F8: 1 | G8: 0 | H8: 1 | I8: YATAK ODASI+GİY. | K8: 20ºC
A9: DD | B9: K | D9: 4.45 | E9: 2.8 | F9: =IF(D9=0," ",D9*E9) -> 12.46 | G9: 1 | H9: =F11*G11 -> 4.2 | I9: =IF(F9=" "," ",F9*G9-H9) -> 8.26 | J9: 0.479 | K9: 29 | L9: =IF(I9=" "," ",I9*J9*K9) -> 114.73966 | M9: 7 | N9: 0 | O9: 5 | P9: =IF(M9=" "," ",(1+(M9+N9+O9)/100)) -> 1.12 | Q9: =IF(L9=" "," ",L9*P9) -> 128.50842
A10: DD25 | B10: K | D10: =D9 -> 4.45 | E10: 0.37 | F10: =IF(D10=0," ",D10*E10) -> 1.6465 | G10: 1 | I10: =IF(F10=" "," ",F10*G10-H10) -> 1.6465 | J10: 0.577 | K10: 29 | L10: =IF(I10=" "," ",I10*J10*K10) -> 27.550884 | M10: 7 | N10: 0 | O10: 5 | P10: =IF(M10=" "," ",(1+(M10+N10+O10)/100)) -> 1.12 | Q10: =IF(L10=" "," ",L10*P10) -> 30.856991
A11: ÇP | B11: K | D11: 0.75 | E11: 2.8 | F11: =IF(D11=0," ",D11*E11) -> 2.1 | G11: 2 | I11: =IF(F11=" "," ",F11*G11-H11) -> 4.2 | J11: 2.4 | K11: 29 | L11: =IF(I11=" "," ",I11*J11*K11) -> 292.32 | M11: 7 | N11: 0 | O11: 5 | P11: =IF(M11=" "," ",(1+(M11+N11+O11)/100)) -> 1.12 | Q11: =IF(L11=" "," ",L11*P11) -> 327.3984
A12: DD30 | B12: K | D12: 0.15 | E12: 3.17 | F12: =IF(D12=0," ",D12*E12) -> 0.4755 | G12: 1 | I12: =IF(F12=" "," ",F12*G12-H12) -> 0.4755 | J12: 0.57 | K12: 29 | L12: =IF(I12=" "," ",I12*J12*K12) -> 7.860015 | M12: 7 | N12: 0 | O12: 5 | P12: =IF(M12=" "," ",(1+(M12+N12+O12)/100)) -> 1.12 | Q12: =IF(L12=" "," ",L12*P12) -> 8.8032168
A13: DD | B13: D | D13: 5.6 | E13: 2.8 | F13: =IF(D13=0," ",D13*E13) -> 15.68 | G13: 1 | H13: =F15*G15 -> 13.02 | I13: =IF(F13=" "," ",F13*G13-H13) -> 2.66 | J13: 0.479 | K13: 29 | L13: =IF(I13=" "," ",I13*J13*K13) -> 36.95006 | M13: 7 | N13: 0 | O13: 0 | P13: =IF(M13=" "," ",(1+(M13+N13+O13)/100)) -> 1.07 | Q13: =IF(L13=" "," ",L13*P13) -> 39.536564
A14: DD25 | B14: D | D14: =D13 -> 5.6 | E14: 0.37 | F14: =IF(D14=0," ",D14*E14) -> 2.072 | G14: 1 | I14: =IF(F14=" "," ",F14*G14-H14) -> 2.072 | J14: 0.577 | K14: 29 | L14: =IF(I14=" "," ",I14*J14*K14) -> 34.670776 | M14: 7 | N14: 0 | O14: 0 | P14: =IF(M14=" "," ",(1+(M14+N14+O14)/100)) -> 1.07 | Q14: =IF(L14=" "," ",L14*P14) -> 37.09773
A15: ÇP | B15: D | D15: 4.65 | E15: 2.8 | F15: =IF(D15=0," ",D15*E15) -> 13.02 | G15: 1 | I15: =IF(F15=" "," ",F15*G15-H15) -> 13.02 | J15: 2.4 | K15: 29 | L15: =IF(I15=" "," ",I15*J15*K15) -> 906.192 | M15: 7 | N15: 0 | O15: 0 | P15: =IF(M15=" "," ",(1+(M15+N15+O15)/100)) -> 1.07 | Q15: =IF(L15=" "," ",L15*P15) -> 969.62544
A16: DD30 | B16: D | D16: 0.9 | E16: 2.67 | F16: =IF(D16=0," ",D16*E16) -> 2.403 | G16: 1 | I16: =IF(F16=" "," ",F16*G16-H16) -> 2.403 | J16: 0.57 | K16: 29 | L16: =IF(I16=" "," ",I16*J16*K16) -> 39.72159 | M16: 7 | N16: 0 | O16: 0 | P16: =IF(M16=" "," ",(1+(M16+N16+O16)/100)) -> 1.07 | Q16: =IF(L16=" "," ",L16*P16) -> 42.502101
A17: DD | B17: G | D17: 4.45 | E17: 2.8 | F17: =IF(D17=0," ",D17*E17) -> 12.46 | G17: 1 | I17: =IF(F17=" "," ",F17*G17-H17) -> 12.46 | J17: 0.479 | K17: 29 | L17: =IF(I17=" "," ",I17*J17*K17) -> 173.08186 | M17: 7 | N17: 0 | O17: -5 | P17: =IF(M17=" "," ",(1+(M17+N17+O17)/100)) -> 1.02 | Q17: =IF(L17=" "," ",L17*P17) -> 176.5435
A18: DD25 | B18: G | D18: =D17 -> 4.45 | E18: 0.37 | F18: =IF(D18=0," ",D18*E18) -> 1.6465 | G18: 1 | I18: =IF(F18=" "," ",F18*G18-H18) -> 1.6465 | J18: 0.577 | K18: 29 | L18: =IF(I18=" "," ",I18*J18*K18) -> 27.550884 | M18: 7 | N18: 0 | O18: -5 | P18: =IF(M18=" "," ",(1+(M18+N18+O18)/100)) -> 1.02 | Q18: =IF(L18=" "," ",L18*P18) -> 28.101902
A19: DD30 | B19: G | D19: 0.15 | E19: 3.17 | F19: =IF(D19=0," ",D19*E19) -> 0.4755 | G19: 1 | I19: =IF(F19=" "," ",F19*G19-H19) -> 0.4755 | J19: 0.57 | K19: 29 | L19: =IF(I19=" "," ",I19*J19*K19) -> 7.860015 | M19: 7 | N19: 0 | O19: -5 | P19: =IF(M19=" "," ",(1+(M19+N19+O19)/100)) -> 1.02 | Q19: =IF(L19=" "," ",L19*P19) -> 8.0172153
A20: Ta | D20: 3.5 | E20: 2.8 | F20: =IF(D20=0," ",D20*E20) -> 9.8 | G20: 1 | I20: =IF(F20=" "," ",F20*G20-H20) -> 9.8 | J20: 0.318 | K20: 20 | L20: =IF(I20=" "," ",I20*J20*K20) -> 62.328 | M20: 7 | N20: 0 | O20: 0 | P20: =IF(M20=" "," ",(1+(M20+N20+O20)/100)) -> 1.07 | Q20: =IF(L20=" "," ",L20*P20) -> 66.69096
A21: Ta | D21: 1.4 | E21: 2.2 | F21: =IF(D21=0," ",D21*E21) -> 3.08 | G21: 1 | I21: =IF(F21=" "," ",F21*G21-H21) -> 3.08 | J21: 0.318 | K21: 20 | L21: =IF(I21=" "," ",I21*J21*K21) -> 19.5888 | M21: 7 | N21: 0 | O21: 0 | P21: =IF(M21=" "," ",(1+(M21+N21+O21)/100)) -> 1.07 | Q21: =IF(L21=" "," ",L21*P21) -> 20.960016
A22: Ta | D22: 4.6 | E22: 6.5 | F22: =IF(D22=0," ",D22*E22) -> 29.9 | G22: 1 | I22: =IF(F22=" "," ",F22*G22-H22) -> 29.9 | J22: 0.318 | K22: 20 | L22: =IF(I22=" "," ",I22*J22*K22) -> 190.164 | M22: 7 | N22: 0 | O22: 0 | P22: =IF(M22=" "," ",(1+(M22+N22+O22)/100)) -> 1.07 | Q22: =IF(L22=" "," ",L22*P22) -> 203.47548
F23: =IF(D23=0," ",D23*E23) | I23: =IF(F23=" "," ",F23*G23-H23) | Q23: =SUM(Q9:Q22) -> 2088.1179
J24: Qs= | K24: S a | L24: L | M24: R | N24: H | O24: D T | P24: Ze
J25: Qs = | K25: 2 | L25: =(D11+E11)*2*G11+(D15+E15)*2*G15 -> 29.1 | M25: 0.9 | N25: 0.67 | O25: 29 | P25: 1.2 | Q25: =K25*L25*M25*N25*O25*P25 -> 1221.2921
M26: TOPLAM ISI KAYBI = | Q26: =Q23+Q25 -> 3309.41
F27: =F8 -> 1 | G27: 0 | H27: 2 | I27: BANYO | K27: 26ºC
A28: DD | B28: G | D28: 1.7 | E28: 2.8 | F28: =IF(D28=0," ",D28*E28) -> 4.76 | G28: 1 | H28: =F30*G30 -> 0.36 | I28: =IF(F28=" "," ",F28*G28-H28) -> 4.4 | J28: 0.479 | K28: 35 | L28: =IF(I28=" "," ",I28*J28*K28) -> 73.766 | M28: 7 | N28: 0 | O28: -5 | P28: =IF(M28=" "," ",(1+(M28+N28+O28)/100)) -> 1.02 | Q28: =IF(L28=" "," ",L28*P28) -> 75.24132
A29: DD25 | B29: G | D29: =D28 -> 1.7 | E29: 0.37 | F29: =IF(D29=0," ",D29*E29) -> 0.629 | G29: 1 | I29: =IF(F29=" "," ",F29*G29-H29) -> 0.629 | J29: 0.577 | K29: 35 | L29: =IF(I29=" "," ",I29*J29*K29) -> 12.702655 | M29: 7 | N29: 0 | O29: -5 | P29: =IF(M29=" "," ",(1+(M29+N29+O29)/100)) -> 1.02 | Q29: =IF(L29=" "," ",L29*P29) -> 12.956708
A30: ÇP | B30: G | D30: 0.6 | E30: 0.6 | F30: =IF(D30=0," ",D30*E30) -> 0.36 | G30: 1 | I30: =IF(F30=" "," ",F30*G30-H30) -> 0.36 | J30: 2.4 | K30: 35 | L30: =IF(I30=" "," ",I30*J30*K30) -> 30.24 | M30: 7 | N30: 0 | O30: -5 | P30: =IF(M30=" "," ",(1+(M30+N30+O30)/100)) -> 1.02 | Q30: =IF(L30=" "," ",L30*P30) -> 30.8448
A31: DD30 | B31: G | D31: 0.4 | E31: 3.17 | F31: =IF(D31=0," ",D31*E31) -> 1.268 | G31: 1 | I31: =IF(F31=" "," ",F31*G31-H31) -> 1.268 | J31: 0.57 | K31: 35 | L31: =IF(I31=" "," ",I31*J31*K31) -> 25.2966 | M31: 7 | N31: 0 | O31: -5 | P31: =IF(M31=" "," ",(1+(M31+N31+O31)/100)) -> 1.02 | Q31: =IF(L31=" "," ",L31*P31) -> 25.802532
A32: İD | D32: 4.2 | E32: 3.17 | F32: =IF(D32=0," ",D32*E32) -> 13.314 | G32: 1 | H32: =F33*G33 -> 1.76 | I32: =IF(F32=" "," ",F32*G32-H32) -> 11.554 | J32: 0.814 | K32: 6 | L32: =IF(I32=" "," ",I32*J32*K32) -> 56.429736 | M32: 7 | N32: 0 | O32: 0 | P32: =IF(M32=" "," ",(1+(M32+N32+O32)/100)) -> 1.07 | Q32: =IF(L32=" "," ",L32*P32) -> 60.379818
A33: İK | D33: 0.8 | E33: 2.2 | F33: =D33*E33 -> 1.76 | G33: 1 | I33: =IF(F33=" "," ",F33*G33-H33) -> 1.76 | J33: 3.5 | K33: 6 | L33: =IF(I33=" "," ",I33*J33*K33) -> 36.96 | M33: 7 | N33: 0 | O33: 0 | P33: =IF(M33=" "," ",(1+(M33+N33+O33)/100)) -> 1.07 | Q33: =IF(L33=" "," ",L33*P33) -> 39.5472
A34: Ta | D34: 2.1 | E34: 2.1 | F34: =IF(D34=0," ",D34*E34) -> 4.41 | G34: 1 | I34: =IF(F34=" "," ",F34*G34-H34) -> 4.41 | J34: 0.318 | K34: 26 | L34: =IF(I34=" "," ",I34*J34*K34) -> 36.46188 | M34: 7 | N34: 0 | O34: 0 | P34: =IF(M34=" "," ",(1+(M34+N34+O34)/100)) -> 1.07 | Q34: =IF(L34=" "," ",L34*P34) -> 39.014212
F35: =IF(D35=0," ",D35*E35) | I35: =IF(F35=" "," ",F35*G35-H35) | Q35: =SUM(Q28:Q34) -> 283.78659
J36: Qs= | K36: S a | L36: L | M36: R | N36: H | O36: D T | P36: Ze
J37: Qs = | K37: 2 | L37: =(D30+E30)*2*G30 -> 2.4 | M37: 0.9 | N37: 0.67 | O37: 35 | P37: 1 | Q37: =K37*L37*M37*N37*O37*P37 -> 101.304
M38: TOPLAM ISI KAYBI = | Q38: =Q35+Q37 -> 385.09059
F39: =F8 -> 1 | G39: 0 | H39: =H27+1 -> 3 | I39: ANTRE | K39: 18ºC
A40: DD30 | B40: K | D40: 1 | E40: 3.17 | F40: =IF(D40=0," ",D40*E40) -> 3.17 | G40: 1 | I40: =IF(F40=" "," ",F40*G40-H40) -> 3.17 | J40: 0.57 | K40: 27 | L40: 26 | M40: 7 | N40: 0 | O40: 5 | P40: =IF(M40=" "," ",(1+(M40+N40+O40)/100)) -> 1.12 | Q40: =IF(L40=" "," ",L40*P40) -> 29.12
A41: DD | B41: B | D41: 2.4 | E41: 2.8 | F41: =IF(D41=0," ",D41*E41) -> 6.72 | G41: 1 | H41: =F43*G43 -> 1.68 | I41: =IF(F41=" "," ",F41*G41-H41) -> 5.04 | J41: 0.479 | K41: 27 | L41: =IF(I41=" "," ",I41*J41*K41) -> 65.18232 | M41: 7 | N41: 0 | O41: 0 | P41: =IF(M41=" "," ",(1+(M41+N41+O41)/100)) -> 1.07 | Q41: =IF(L41=" "," ",L41*P41) -> 69.745082
A42: DD25 | B42: B | D42: =D41 -> 2.4 | E42: 0.37 | F42: =IF(D42=0," ",D42*E42) -> 0.888 | G42: 1 | I42: =IF(F42=" "," ",F42*G42-H42) -> 0.888 | J42: 0.577 | K42: 27 | L42: 26 | M42: 7 | N42: 0 | O42: 0 | P42: =IF(M42=" "," ",(1+(M42+N42+O42)/100)) -> 1.07 | Q42: =IF(L42=" "," ",L42*P42) -> 27.82
A43: ÇP | B43: B | D43: 0.6 | E43: 2.8 | F43: =IF(D43=0," ",D43*E43) -> 1.68 | G43: 1 | I43: =IF(F43=" "," ",F43*G43-H43) -> 1.68 | J43: 2.4 | K43: 27 | L43: =IF(I43=" "," ",I43*J43*K43) -> 108.864 | M43: 7 | N43: 0 | O43: 0 | P43: =IF(M43=" "," ",(1+(M43+N43+O43)/100)) -> 1.07 | Q43: =IF(L43=" "," ",L43*P43) -> 116.48448
A44: Ta | D44: 1.2 | E44: 2.8 | F44: =IF(D44=0," ",D44*E44) -> 3.36 | G44: 1 | I44: =IF(F44=" "," ",F44*G44-H44) -> 3.36 | J44: 0.318 | K44: 18 | L44: =IF(I44=" "," ",I44*J44*K44) -> 19.23264 | M44: 7 | N44: 0 | O44: 0 | P44: =IF(M44=" "," ",(1+(M44+N44+O44)/100)) -> 1.07 | Q44: =IF(L44=" "," ",L44*P44) -> 20.578925
A45: Ta | D45: 1.4 | E45: 1.4 | F45: =IF(D45=0," ",D45*E45) -> 1.96 | G45: 1 | I45: =IF(F45=" "," ",F45*G45-H45) -> 1.96 | J45: 0.318 | K45: 18 | L45: =IF(I45=" "," ",I45*J45*K45) -> 11.21904 | M45: 7 | N45: 0 | O45: 0 | P45: =IF(M45=" "," ",(1+(M45+N45+O45)/100)) -> 1.07 | Q45: =IF(L45=" "," ",L45*P45) -> 12.004373
A46: Ta | D46: 2.4 | E46: 5.7 | F46: =IF(D46=0," ",D46*E46) -> 13.68 | G46: 1 | I46: =IF(F46=" "," ",F46*G46-H46) -> 13.68 | J46: 0.318 | K46: 18 | L46: =IF(I46=" "," ",I46*J46*K46) -> 78.30432 | M46: 7 | N46: 0 | O46: 0 | P46: =IF(M46=" "," ",(1+(M46+N46+O46)/100)) -> 1.07 | Q46: =IF(L46=" "," ",L46*P46) -> 83.785622
F47: =IF(D47=0," ",D47*E47) | I47: =IF(F47=" "," ",F47*G47-H47) | Q47: =SUM(Q40:Q46) -> 359.53848
J48: Qs= | K48: S a | L48: L | M48: R | N48: H | O48: D T | P48: Ze
J49: Qs = | K49: 2 | L49: =(D43+E43)*2*G43 -> 6.8 | M49: 0.9 | N49: 0.67 | O49: 27 | P49: 1.2 | Q49: =K49*L49*M49*N49*O49*P49 -> 265.70592
M50: TOPLAM ISI KAYBI = | Q50: =Q47+Q49 -> 625.2444
F51: 1 | G51: 0 | H51: 4 | I51: ODA | K51: 20ºC
A52: DD | B52: G | D52: 3.45 | E52: 2.8 | F52: =IF(D52=0," ",D52*E52) -> 9.66 | G52: 1 | H52: =F54*G54 -> 5.04 | I52: =IF(F52=" "," ",F52*G52-H52) -> 4.62 | J52: 0.479 | K52: 29 | L52: =IF(I52=" "," ",I52*J52*K52) -> 64.17642 | M52: 7 | N52: 0 | O52: -5 | P52: =IF(M52=" "," ",(1+(M52+N52+O52)/100)) -> 1.02 | Q52: =IF(L52=" "," ",L52*P52) -> 65.459948
A53: DD25 | B53: G | D53: =D52 -> 3.45 | E53: 0.37 | F53: =IF(D53=0," ",D53*E53) -> 1.2765 | G53: 1 | I53: =IF(F53=" "," ",F53*G53-H53) -> 1.2765 | J53: 0.577 | K53: 29 | L53: =IF(I53=" "," ",I53*J53*K53) -> 21.359675 | M53: 7 | N53: 0 | O53: -5 | P53: =IF(M53=" "," ",(1+(M53+N53+O53)/100)) -> 1.02 | Q53: =IF(L53=" "," ",L53*P53) -> 21.786868
A54: ÇP | B54: G | D54: 1.8 | E54: 2.8 | F54: =IF(D54=0," ",D54*E54) -> 5.04 | G54: 1 | I54: =IF(F54=" "," ",F54*G54-H54) -> 5.04 | J54: 2.4 | K54: 29 | L54: =IF(I54=" "," ",I54*J54*K54) -> 350.784 | M54: 7 | N54: 0 | O54: -5 | P54: =IF(M54=" "," ",(1+(M54+N54+O54)/100)) -> 1.02 | Q54: =IF(L54=" "," ",L54*P54) -> 357.79968
A55: DD30 | B55: G | D55: 0.35 | E55: 3.17 | F55: =IF(D55=0," ",D55*E55) -> 1.1095 | G55: 1 | I55: =IF(F55=" "," ",F55*G55-H55) -> 1.1095 | J55: 0.57 | K55: 29 | L55: =IF(I55=" "," ",I55*J55*K55) -> 18.340035 | M55: 7 | N55: 0 | O55: -5 | P55: =IF(M55=" "," ",(1+(M55+N55+O55)/100)) -> 1.02 | Q55: =IF(L55=" "," ",L55*P55) -> 18.706836
A56: DD | B56: B | D56: 3.95 | E56: 2.3 | F56: =IF(D56=0," ",D56*E56) -> 9.085 | G56: 1 | I56: =IF(F56=" "," ",F56*G56-H56) -> 9.085 | J56: 0.479 | K56: 29 | L56: =IF(I56=" "," ",I56*J56*K56) -> 126.19974 | M56: 7 | N56: 0 | O56: 0 | P56: =IF(M56=" "," ",(1+(M56+N56+O56)/100)) -> 1.07 | Q56: =IF(L56=" "," ",L56*P56) -> 135.03372
A57: DD25 | B57: B | D57: =D56 -> 3.95 | E57: 0.37 | F57: =IF(D57=0," ",D57*E57) -> 1.4615 | G57: 1 | I57: =IF(F57=" "," ",F57*G57-H57) -> 1.4615 | J57: 0.577 | K57: 29 | L57: =IF(I57=" "," ",I57*J57*K57) -> 24.455279 | M57: 7 | N57: 0 | O57: 0 | P57: =IF(M57=" "," ",(1+(M57+N57+O57)/100)) -> 1.07 | Q57: =IF(L57=" "," ",L57*P57) -> 26.167149
A58: DD | B58: K | D58: 0.85 | E58: 2.8 | F58: =IF(D58=0," ",D58*E58) -> 2.38 | G58: 1 | I58: =IF(F58=" "," ",F58*G58-H58) -> 2.38 | J58: 0.479 | K58: 29 | L58: =IF(I58=" "," ",I58*J58*K58) -> 33.06058 | M58: 7 | N58: 0 | O58: 5 | P58: =IF(M58=" "," ",(1+(M58+N58+O58)/100)) -> 1.12 | Q58: =IF(L58=" "," ",L58*P58) -> 37.02785
A59: DD25 | B59: K | D59: =D58 -> 0.85 | E59: 0.37 | F59: =IF(D59=0," ",D59*E59) -> 0.3145 | G59: 1 | I59: =IF(F59=" "," ",F59*G59-H59) -> 0.3145 | J59: 0.577 | K59: 29 | L59: =IF(I59=" "," ",I59*J59*K59) -> 5.2625285 | M59: 7 | N59: 0 | O59: 5 | P59: =IF(M59=" "," ",(1+(M59+N59+O59)/100)) -> 1.12 | Q59: =IF(L59=" "," ",L59*P59) -> 5.8940319
A60: DöAG | D60: 3.95 | E60: 0.85 | F60: =IF(D60=0," ",D60*E60) -> 3.3575 | G60: 1 | I60: =IF(F60=" "," ",F60*G60-H60) -> 3.3575 | J60: 0.327 | K60: 29 | L60: =IF(I60=" "," ",I60*J60*K60) -> 31.839173 | M60: 7 | N60: 0 | O60: 0 | P60: =IF(M60=" "," ",(1+(M60+N60+O60)/100)) -> 1.07 | Q60: =IF(L60=" "," ",L60*P60) -> 34.067915
A61: Ta | D61: 3.95 | E61: 3.8 | F61: =IF(D61=0," ",D61*E61) -> 15.01 | G61: 1 | I61: =IF(F61=" "," ",F61*G61-H61) -> 15.01 | J61: 0.318 | K61: 20 | L61: =IF(I61=" "," ",I61*J61*K61) -> 95.4636 | M61: 7 | N61: 0 | O61: 0 | P61: =IF(M61=" "," ",(1+(M61+N61+O61)/100)) -> 1.07 | Q61: =IF(L61=" "," ",L61*P61) -> 102.14605
F62: =IF(D62=0," ",D62*E62) | I62: =IF(F62=" "," ",F62*G62-H62) | Q62: =SUM(Q52:Q61) -> 804.09005
J63: Qs= | K63: S a | L63: L | M63: R | N63: H | O63: D T | P63: Ze
J64: Qs = | K64: 2 | L64: =(D54+E54)*2*G54 -> 9.2 | M64: 0.9 | N64: 0.67 | O64: 29 | P64: 1.2 | Q64: =K64*L64*M64*N64*O64*P64 -> 386.11296
M65: TOPLAM ISI KAYBI = | Q65: =Q62+Q64 -> 1190.203
F66: 1 | G66: 0 | H66: 5 | I66: BANYO | K66: 26ºC
A67: DD | B67: G | D67: 2.6 | E67: 2.8 | F67: =IF(D67=0," ",D67*E67) -> 7.28 | G67: 1 | H67: =F69*G69 -> 0.36 | I67: =IF(F67=" "," ",F67*G67-H67) -> 6.92 | J67: 0.479 | K67: 35 | L67: =IF(I67=" "," ",I67*J67*K67) -> 116.0138 | M67: 7 | N67: 0 | O67: -5 | P67: =IF(M67=" "," ",(1+(M67+N67+O67)/100)) -> 1.02 | Q67: =IF(L67=" "," ",L67*P67) -> 118.33408
A68: DD25 | B68: G | D68: =D67 -> 2.6 | E68: 0.37 | F68: =IF(D68=0," ",D68*E68) -> 0.962 | G68: 1 | I68: =IF(F68=" "," ",F68*G68-H68) -> 0.962 | J68: 0.577 | K68: 35 | L68: =IF(I68=" "," ",I68*J68*K68) -> 19.42759 | M68: 7 | N68: 0 | O68: -5 | P68: =IF(M68=" "," ",(1+(M68+N68+O68)/100)) -> 1.02 | Q68: =IF(L68=" "," ",L68*P68) -> 19.816142
A69: ÇP | B69: G | D69: 0.6 | E69: 0.6 | F69: =IF(D69=0," ",D69*E69) -> 0.36 | G69: 1 | I69: =IF(F69=" "," ",F69*G69-H69) -> 0.36 | J69: 2.4 | K69: 35 | L69: =IF(I69=" "," ",I69*J69*K69) -> 30.24 | M69: 7 | N69: 0 | O69: -5 | P69: =IF(M69=" "," ",(1+(M69+N69+O69)/100)) -> 1.02 | Q69: =IF(L69=" "," ",L69*P69) -> 30.8448
A70: DD30 | B70: G | D70: 0.2 | E70: 3.17 | F70: =IF(D70=0," ",D70*E70) -> 0.634 | G70: 1 | I70: =IF(F70=" "," ",F70*G70-H70) -> 0.634 | J70: 0.57 | K70: 35 | L70: =IF(I70=" "," ",I70*J70*K70) -> 12.6483 | M70: 7 | N70: 0 | O70: -5 | P70: =IF(M70=" "," ",(1+(M70+N70+O70)/100)) -> 1.02 | Q70: =IF(L70=" "," ",L70*P70) -> 12.901266
A71: İD | D71: 2.7 | E71: 3.17 | F71: =IF(D71=0," ",D71*E71) -> 8.559 | G71: 1 | H71: =F72*G72 -> 1.76 | I71: =IF(F71=" "," ",F71*G71-H71) -> 6.799 | J71: 0.814 | K71: 8 | L71: =IF(I71=" "," ",I71*J71*K71) -> 44.275088 | M71: 7 | N71: 0 | O71: 0 | P71: =IF(M71=" "," ",(1+(M71+N71+O71)/100)) -> 1.07 | Q71: =IF(L71=" "," ",L71*P71) -> 47.374344
A72: İK | D72: 0.8 | E72: 2.2 | F72: =D72*E72 -> 1.76 | G72: 1 | I72: =IF(F72=" "," ",F72*G72-H72) -> 1.76 | J72: 3.5 | K72: 8 | L72: =IF(I72=" "," ",I72*J72*K72) -> 49.28 | M72: 7 | N72: 0 | O72: 0 | P72: =IF(M72=" "," ",(1+(M72+N72+O72)/100)) -> 1.07 | Q72: =IF(L72=" "," ",L72*P72) -> 52.7296
A73: İD | D73: 3.4 | E73: 3.17 | F73: =IF(D73=0," ",D73*E73) -> 10.778 | G73: 1 | I73: =IF(F73=" "," ",F73*G73-H73) -> 10.778 | J73: 0.814 | K73: 6 | L73: =IF(I73=" "," ",I73*J73*K73) -> 52.639752 | M73: 7 | N73: 0 | O73: 0 | P73: =IF(M73=" "," ",(1+(M73+N73+O73)/100)) -> 1.07 | Q73: =IF(L73=" "," ",L73*P73) -> 56.324535
A74: Ta | D74: 2.8 | E74: 2.8 | F74: =IF(D74=0," ",D74*E74) -> 7.84 | G74: 1 | I74: =IF(F74=" "," ",F74*G74-H74) -> 7.84 | J74: 0.318 | K74: 26 | L74: =IF(I74=" "," ",I74*J74*K74) -> 64.82112 | M74: 7 | N74: 0 | O74: 0 | P74: =IF(M74=" "," ",(1+(M74+N74+O74)/100)) -> 1.07 | Q74: =IF(L74=" "," ",L74*P74) -> 69.358598
F75: =IF(D75=0," ",D75*E75) | I75: =IF(F75=" "," ",F75*G75-H75) | Q75: =SUM(Q67:Q74) -> 407.68336
J76: Qs= | K76: S a | L76: L | M76: R | N76: H | O76: D T | P76: Ze
J77: Qs = | K77: 2 | L77: =(D69+E69)*2*G69 -> 2.4 | M77: 0.9 | N77: 0.67 | O77: 35 | P77: 1 | Q77: =K77*L77*M77*N77*O77*P77 -> 101.304
M78: TOPLAM ISI KAYBI = | Q78: =Q75+Q77 -> 508.98736
H84: ISI KAYBI HESABI | N84: Kat : | O84: 1 NK | P84: Tarih | Q84: =Q1 -> 44267
F85: PROJE ADI : | H85: =H2 -> MEHMET DAL - A-B-C-D BLOK | N85: Sayfa : | O85: 6
A86: Yapı Bileşeni | E86: Alan Hesabı | I86: Isı kaybı hesabı | M86: Zamlar | Q86: Toplam
A87: İşaret | B87: Yön | C87: Kalınlık | D87: Uzunluk | E87: Yükseklik | F87: Toplam Alan | G87: Miktar | H87: Çıkarıla alan | I87: Hesaba giren Alan | J87: Isı İletim Katsayısı | K87: Sıcaklık Farkı | L87: Zamsız Isı Kaybı | M87: İşletme | N87: Kat Yük. | O87: Yön | P87: Toplam | Q87: Toplam Is ı İhtiyacı
F88: [Ao] | I88: [A] | J88: [k] | K88: D T | L88: Qo | M88: ZD | N88: ZW | O88: ZH | P88: Z | Q88: Qh=Qi+Qs
C89: cm | D89: m | E89: m | F89: m² | G89: ad | H89: m² | I89: m² | J89: watt m²hºC | K89: ºC | L89: watt | M89: % | N89: % | O89: % | P89: 1+% | Q89: watt
A90: 1 | B90: 2 | C90: 3 | D90: 4 | E90: 5 | F90: 6 | G90: 7 | H90: 8 | I90: 9 | J90: 10 | K90: 11 | L90: 12 | M90: 13 | N90: 14 | O90: 15 | P90: 16 | Q90: 17
F91: 1 | G91: 0 | H91: 6 | I91: SAUNA | K91: 30ºC
A92: DD | B92: G | D92: 1.1 | E92: 2.8 | F92: =IF(D92=0," ",D92*E92) -> 3.08 | G92: 1 | H92: =F94*G94 -> 0.36 | I92: =IF(F92=" "," ",F92*G92-H92) -> 2.72 | J92: 0.479 | K92: 30 | L92: =IF(I92=" "," ",I92*J92*K92) -> 39.0864 | M92: 7 | N92: 0 | O92: -5 | P92: =IF(M92=" "," ",(1+(M92+N92+O92)/100)) -> 1.02 | Q92: =IF(L92=" "," ",L92*P92) -> 39.868128
A93: DD25 | B93: G | D93: =D92 -> 1.1 | E93: 0.37 | F93: =IF(D93=0," ",D93*E93) -> 0.407 | G93: 1 | I93: =IF(F93=" "," ",F93*G93-H93) -> 0.407 | J93: 0.577 | K93: 39 | L93: =IF(I93=" "," ",I93*J93*K93) -> 9.158721 | M93: 7 | N93: 0 | O93: -5 | P93: =IF(M93=" "," ",(1+(M93+N93+O93)/100)) -> 1.02 | Q93: =IF(L93=" "," ",L93*P93) -> 9.3418954
A94: ÇP | B94: G | D94: 0.6 | E94: 0.6 | F94: =IF(D94=0," ",D94*E94) -> 0.36 | G94: 1 | I94: =IF(F94=" "," ",F94*G94-H94) -> 0.36 | J94: 2.4 | K94: 39 | L94: =IF(I94=" "," ",I94*J94*K94) -> 33.696 | M94: 7 | N94: 0 | O94: -5 | P94: =IF(M94=" "," ",(1+(M94+N94+O94)/100)) -> 1.02 | Q94: =IF(L94=" "," ",L94*P94) -> 34.36992
A95: DD30 | B95: G | D95: 0.2 | E95: 3.17 | F95: =IF(D95=0," ",D95*E95) -> 0.634 | G95: 1 | I95: =IF(F95=" "," ",F95*G95-H95) -> 0.634 | J95: 0.57 | K95: 39 | L95: =IF(I95=" "," ",I95*J95*K95) -> 14.09382 | M95: 7 | N95: 0 | O95: -5 | P95: =IF(M95=" "," ",(1+(M95+N95+O95)/100)) -> 1.02 | Q95: =IF(L95=" "," ",L95*P95) -> 14.375696
A96: İD | D96: 4.2 | E96: 3.17 | F96: =IF(D96=0," ",D96*E96) -> 13.314 | G96: 1 | H96: =F97*G97 -> 1.76 | I96: =IF(F96=" "," ",F96*G96-H96) -> 11.554 | J96: 0.814 | K96: 4 | L96: =IF(I96=" "," ",I96*J96*K96) -> 37.619824 | M96: 7 | N96: 0 | O96: 0 | P96: =IF(M96=" "," ",(1+(M96+N96+O96)/100)) -> 1.07 | Q96: =IF(L96=" "," ",L96*P96) -> 40.253212
A97: İK | D97: 0.8 | E97: 2.2 | F97: =D97*E97 -> 1.76 | G97: 1 | I97: =IF(F97=" "," ",F97*G97-H97) -> 1.76 | J97: 3.5 | K97: 4 | L97: =IF(I97=" "," ",I97*J97*K97) -> 24.64 | M97: 7 | N97: 0 | O97: 0 | P97: =IF(M97=" "," ",(1+(M97+N97+O97)/100)) -> 1.07 | Q97: =IF(L97=" "," ",L97*P97) -> 26.3648
A98: İD | D98: 1.3 | E98: 3.17 | F98: =IF(D98=0," ",D98*E98) -> 4.121 | G98: 1 | I98: =IF(F98=" "," ",F98*G98-H98) -> 4.121 | J98: 0.814 | K98: 12 | L98: =IF(I98=" "," ",I98*J98*K98) -> 40.253928 | M98: 7 | N98: 0 | O98: 0 | P98: =IF(M98=" "," ",(1+(M98+N98+O98)/100)) -> 1.07 | Q98: =IF(L98=" "," ",L98*P98) -> 43.071703
A99: Dö | D99: 1.3 | E99: 2.1 | F99: =IF(D99=0," ",D99*E99) -> 2.73 | G99: 1 | I99: =IF(F99=" "," ",F99*G99-H99) -> 2.73 | J99: 0.561 | K99: 8 | L99: =IF(I99=" "," ",I99*J99*K99) -> 12.25224 | M99: 7 | N99: 0 | O99: 0 | P99: =IF(M99=" "," ",(1+(M99+N99+O99)/100)) -> 1.07 | Q99: =IF(L99=" "," ",L99*P99) -> 13.109897
A100: Ta | D100: 1.3 | E100: 2.1 | F100: =IF(D100=0," ",D100*E100) -> 2.73 | G100: 1 | I100: =IF(F100=" "," ",F100*G100-H100) -> 2.73 | J100: 0.318 | K100: 30 | L100: =IF(I100=" "," ",I100*J100*K100) -> 26.0442 | M100: 7 | N100: 0 | O100: 0 | P100: =IF(M100=" "," ",(1+(M100+N100+O100)/100)) -> 1.07 | Q100: =IF(L100=" "," ",L100*P100) -> 27.867294
F101: =IF(D101=0," ",D101*E101) | I101: =IF(F101=" "," ",F101*G101-H101) | Q101: =SUM(Q92:Q100) -> 248.62255
J102: Qs= | K102: S a | L102: L | M102: R | N102: H | O102: D T | P102: Ze
J103: Qs = | K103: 2 | L103: =(D94+E94)*2*G94 -> 2.4 | M103: 0.9 | N103: 0.67 | O103: 35 | P103: 1 | Q103: =K103*L103*M103*N103*O103*P103 -> 101.304
M104: TOPLAM ISI KAYBI = | Q104: =Q101+Q103 -> 349.92655
F105: 1 | G105: 0 | H105: 7 | I105: ODA | K105: 20ºC
...

Sheet PETEK LİST
A1: dcmmakina | C1: RADYATÖR VE TEFERRUAT HESABI CETVELİ | H1: SAYFA | N1: 7
H3: TARİH | N3: 43850
A5: ODANIN | C5: RADYATÖRLERİN | H5: TEFERRUATIN
A6: NO | B6: ADI | C6: SICAKLIĞI | D6: ISI KAYBI | E6: BİRİM VERİMİ | F6: VERİMİ | G6: BORU UZUNLUĞU | H6: GRUP | I6: KONSOL | J6: KELEPÇE | K6: MUSLUK | N6: REKOR
K7: 1/2" | L7: 3/4" | M7: 1" | N7: 1/2" | O7: 3/4" | P7: 1"
C9: 0c | D9: W/h | E9: W/m2K | F9: W/m2K | G9: m
A10: Z01 | B10: SALON+MUTFAK+ANTRE | C10: 22 | D10: =ZEMİN!Q32 -> 8195.3485 | E10: 17.5 | F10: ='YERDEN ISITMA'!N10 -> 14700 | G10: 840 | H10: 1 | I10: ZEMİNDEN ISITMA
A11: Z02 | B11: BANYO | C11: 26 | D11: =ZEMİN!Q44 -> 330.99635 | E11: 17.5 | F11: ='YERDEN ISITMA'!N11 -> 1225 | G11: 70 | H11: 1 | I11: ZEMİNDEN ISITMA
A12: Z03 | B12: KİLER | C12: 18 | D12: =ZEMİN!Q57 -> 239.09013 | E12: 17.5 | F12: ='YERDEN ISITMA'!N12 -> 735 | G12: 42 | H12: 1 | I12: ZEMİNDEN ISITMA
A13: Z04 | B13: ODA | C13: 20 | D13: =ZEMİN!Q71 -> 1170.6214 | E13: 17.5 | F13: ='YERDEN ISITMA'!N13 -> 2362.5 | G13: 135 | H13: 1 | I13: ZEMİNDEN ISITMA
A14: Z05 | B14: DUŞ | C14: 26 | D14: =ZEMİN!Q99 -> 361.36278 | E14: 17.5 | F14: ='YERDEN ISITMA'!N14 -> 490 | G14: 28 | H14: 1 | I14: ZEMİNDEN ISITMA
E15: TOPLAM = | F15: =SUM(F10:F14) -> 19512.5 | G15: watt
A16: 101 | B16: EB.+GİYSİ ODASI | C16: 20 | D16: ='1 NK'!Q26 -> 3309.41 | E16: 17.5 | F16: ='YERDEN ISITMA'!N16 -> 4410 | G16: 252 | H16: 1 | I16: ZEMİNDEN ISITMA
A17: 102 | B17: BANYO | C17: 26 | D17: ='1 NK'!Q38 -> 385.09059 | E17: 17.5 | F17: ='YERDEN ISITMA'!N17 -> 700 | G17: 40 | H17: 1 | I17: ZEMİNDEN ISITMA
A18: 103 | B18: ANTRE | C18: 18 | D18: ='1 NK'!Q50 -> 625.2444 | E18: 17.5 | F18: ='YERDEN ISITMA'!N18 -> 962.5 | G18: 55 | H18: 1 | I18: ZEMİNDEN ISITMA
A19: 104 | B19: ODA | C19: 20 | D19: ='1 NK'!Q65 -> 1190.203 | E19: 17.5 | F19: ='YERDEN ISITMA'!N19 -> 2327.5 | G19: 133 | H19: 1 | I19: ZEMİNDEN ISITMA
A20: 105 | B20: BANYO | C20: 26 | D20: ='1 NK'!Q78 -> 508.98736 | E20: 17.5 | F20: ='YERDEN ISITMA'!N20 -> 1312.5 | G20: 75 | H20: 1 | I20: ZEMİNDEN ISITMA
A21: 106 | B21: SAUNA | C21: 30 | D21: ='1 NK'!Q104 -> 349.92655 | E21: 17.5 | F21: ='YERDEN ISITMA'!N21 -> 490 | G21: 28 | H21: 1 | I21: ZEMİNDEN ISITMA
A22: 107 | B22: ODA | C22: 20 | D22: ='1 NK'!Q118 -> 1830.633 | E22: 17.5 | F22: ='YERDEN ISITMA'!N22 -> 3027.5 | G22: 173 | H22: 1 | I22: ZEMİNDEN ISITMA
A23: 108 | B23: ODA | C23: 20 | D23: ='1 NK'!Q131 -> 1655.1107 | E23: 17.5 | F23: ='YERDEN ISITMA'!N23 -> 3045 | G23: 174 | H23: 1 | I23: ZEMİNDEN ISITMA
E24: TOPLAM = | F24: =SUM(F16:F23) -> 16275 | G24: watt

Sheet YERDEN ISITMA
A1: dcmmakina | C1: ZEMİNDEN ISITMA MODÜLASYON HESABI | H1: SAYFA | L1: 8
H3: TARİH | L3: =kapak!G41 -> 44211
A5: PROJE ADI : | H5: =kapak!C31 -> MEHMET DAL - A-B-C-D BLOK
A6: HESAPLARI YAPAN MAKİNA MÜHENDİSİ : | H6: ÜMİT ÇAVUŞOĞLU
A8: MAHAL NO | B8: MAHAL ADI | C8: MAHAL SICAKLIĞI | D8: Mahal ısı ihtiyacı Q | E8: MAHAL ALANI A | F8: 1 m2 ' DEKİ TOPLAM ISI YÜKÜ Q/A | G8: MODÜL | H8: m2 | I8: STANDART MODÜL | J8: BORU BOYU | K8: KOLLEKTÖR ADETİ | L8: TOPLAM OLMASI GEREKEN KOLLEKTÖR ADETİ | M8: BİRİM VERİM | N8: TOPLAM VERİM
C9: C0 | D9: watt/h | E9: m2 | F9: watt/m2h | G9: watt/m2h | H9: m2 | J9: m | K9: Ad. | L9: Ad. | M9: m | N9: Watt
A10: ='PETEK LİST'!A10 -> Z01 | B10: ='PETEK LİST'!B10 -> SALON+MUTFAK+ANTRE | C10: ='PETEK LİST'!C10 -> 22 | D10: =ZEMİN!Q32 -> 8195.3485 | E10: 89 | F10: =D10/E10 -> 92.082568 | G10: =76.263-0.539*F10 -> 26.630496 | H10: =D10/G10 -> 307.74299 | I10: 20 | J10: ='PETEK LİST'!G10 -> 840 | K10: =J10/80 -> 10.5 | L10: 8 | M10: 17.5 | N10: =J10*M10 -> 14700
A11: ='PETEK LİST'!A11 -> Z02 | B11: ='PETEK LİST'!B11 -> BANYO | C11: ='PETEK LİST'!C11 -> 26 | D11: =ZEMİN!Q44 -> 330.99635 | E11: 6.81 | F11: =D11/E11 -> 48.604457 | G11: =76.263-0.539*F11 -> 50.065198 | H11: =D11/G11 -> 6.6113061 | I11: 20 | J11: ='PETEK LİST'!G11 -> 70 | K11: =J11/80 -> 0.875 | L11: 1 | M11: 17.5 | N11: =J11*M11 -> 1225
A12: ='PETEK LİST'!A12 -> Z03 | B12: ='PETEK LİST'!B12 -> KİLER | C12: ='PETEK LİST'!C12 -> 18 | D12: =ZEMİN!Q57 -> 239.09013 | E12: 4.84 | F12: =D12/E12 -> 49.398787 | G12: =76.263-0.539*F12 -> 49.637054 | H12: =D12/G12 -> 4.8167672 | I12: 20 | J12: ='PETEK LİST'!G12 -> 42 | K12: =J12/80 -> 0.525 | L12: 1 | M12: 17.5 | N12: =J12*M12 -> 735
A13: ='PETEK LİST'!A13 -> Z04 | B13: ='PETEK LİST'!B13 -> ODA | C13: ='PETEK LİST'!C13 -> 20 | D13: =ZEMİN!Q71 -> 1170.6214 | E13: 17.16 | F13: =D13/E13 -> 68.218028 | G13: =76.263-0.539*F13 -> 39.493483 | H13: =D13/G13 -> 29.640874 | I13: 20 | J13: ='PETEK LİST'!G13 -> 135 | K13: =J13/80 -> 1.6875 | L13: =CEILING(K13,1) -> 2 | M13: 17.5 | N13: =J13*M13 -> 2362.5
A14: ='PETEK LİST'!A14 -> Z05 | B14: ='PETEK LİST'!B14 -> DUŞ | C14: ='PETEK LİST'!C14 -> 26 | D14: =ZEMİN!Q99 -> 361.36278 | E14: 3.66 | F14: =D14/E14 -> 98.733 | G14: =76.263-0.539*F14 -> 23.045913 | H14: 2.8 | I14: 10 | J14: ='PETEK LİST'!G14 -> 28 | K14: =J14/80 -> 0.35 | L14: =CEILING(K14,1) -> 1 | M14: 17.5 | N14: =J14*M14 -> 490
A16: 101 | B16: EB.+GİYSİ ODASI | C16: 20 | D16: ='1 NK'!Q26 -> 3309.41 | E16: 41.48 | F16: =D16/E16 -> 79.783269 | G16: =76.263-0.539*F16 -> 33.259818 | H16: =D16/G16 -> 99.501748 | I16: 20 | J16: ='PETEK LİST'!G16 -> 252 | K16: =J16/80 -> 3.15 | L16: 2 | M16: 17.5 | N16: =J16*M16 -> 4410
A17: 102 | B17: BANYO | C17: 26 | D17: ='1 NK'!Q38 -> 385.09059 | E17: 4.14 | F17: =D17/E17 -> 93.017051 | G17: =76.263-0.539*F17 -> 26.12681 | H17: =D17/G17 -> 14.739289 | I17: 10 | J17: ='PETEK LİST'!G17 -> 40 | K17: =J17/80 -> 0.5 | L17: =CEILING(K17,1) -> 1 | M17: 17.5 | N17: =J17*M17 -> 700
A18: 103 | B18: ANTRE | C18: 18 | D18: ='1 NK'!Q50 -> 625.2444 | E18: 10.35 | F18: =D18/E18 -> 60.410087 | G18: =76.263-0.539*F18 -> 43.701963 | H18: 4.68 | I18: 20 | J18: ='PETEK LİST'!G18 -> 55 | K18: =J18/80 -> 0.6875 | L18: =CEILING(K18,1) -> 1 | M18: 17.5 | N18: =J18*M18 -> 962.5
A19: 104 | B19: ODA | C19: 20 | D19: ='1 NK'!Q65 -> 1190.203 | E19: 14.58 | F19: =D19/E19 -> 81.632579 | G19: =76.263-0.539*F19 -> 32.26304 | H19: =D19/G19 -> 36.890603 | I19: 20 | J19: ='PETEK LİST'!G19 -> 133 | K19: =J19/80 -> 1.6625 | L19: 1 | M19: 17.5 | N19: =J19*M19 -> 2327.5
A20: 105 | B20: BANYO | C20: 26 | D20: ='1 NK'!Q78 -> 508.98736 | E20: 7.53 | F20: =D20/E20 -> 67.594603 | G20: =76.263-0.539*F20 -> 39.829509 | H20: =D20/G20 -> 12.779152 | I20: 20 | J20: ='PETEK LİST'!G20 -> 75 | K20: =J20/80 -> 0.9375 | L20: =CEILING(K20,1) -> 1 | M20: 17.5 | N20: =J20*M20 -> 1312.5
A21: 106 | B21: SAUNA | C21: 30 | D21: ='1 NK'!Q104 -> 349.92655 | E21: 2.53 | F21: =D21/E21 -> 138.31089 | G21: =76.263-0.539*F21 -> 1.7134317 | H21: =D21/G21 -> 204.22556 | I21: 20 | J21: ='PETEK LİST'!G21 -> 28 | K21: =J21/80 -> 0.35 | L21: =CEILING(K21,1) -> 1 | M21: 17.5 | N21: =J21*M21 -> 490
A22: 107 | B22: ODA | C22: 20 | D22: ='1 NK'!Q118 -> 1830.633 | E22: 19.62 | F22: =D22/E22 -> 93.304434 | G22: =76.263-0.539*F22 -> 25.97191 | H22: =D22/G22 -> 70.485113 | I22: 20 | J22: ='PETEK LİST'!G22 -> 173 | K22: =J22/80 -> 2.1625 | L22: 2 | M22: 17.5 | N22: =J22*M22 -> 3027.5
A23: 108 | B23: ODA | C23: 20 | D23: ='1 NK'!Q131 -> 1655.1107 | E23: 20.53 | F23: =D23/E23 -> 80.619129 | G23: =76.263-0.539*F23 -> 32.809289 | H23: =D23/G23 -> 50.446406 | I23: 10 | J23: ='PETEK LİST'!G23 -> 174 | K23: =J23/80 -> 2.175 | L23: 2 | M23: 17.5 | N23: =J23*M23 -> 3045

Sheet MMO YERDEN ISITMA
A1: YERDEN ISITMA HESABI
A2: ZEMİN ve 1.KAT | C2: DÖŞEMEDEN ISITMA HESAP ÖZETİ | D2: Ts.g = 50 °C | E2: TOPLAM ISI KAYBI
D3: Isıtma Çevrim Sayısı : 6 | E3: MAX. BASINÇ KAYBI
D5: VEYSEL DANIŞ 3152-30
A7: 1 | C7: ISITMA ÇEVRİM SIRASI | F7: Z1 | G7: Z2 | H7: Z1 | I7: Z2 | J7: Z3 | K7: Z4 | L7: Z5 | M7: Z6 | N7: Z7 | O7: Z8 | P7: Z9 | Q7: Z10 | S7: 11 | T7: 12 | U7: 13 | V7: 14 | W7: 15 | X7: 16 | Y7: 17 | Z7: 18
A8: 2 | C8: ODA NO | F8: 1.1. | G8: 1.2. | H8: Z01 | I8: Z02 | J8: Z03 | K8: Z04 | L8: Z05 | M8: Z06 | N8: Z02 | P8: Z03 | Q8: Z04 | R8: 102. | S8: 101 | V8: 102. | W8: 103 | X8: 104. | Y8: 105. | Z8: 106.
A9: 3 | C9: ODA ADI | F9: Antre | G9: Mutfak | H9: Salon+Mutfak+ Hol | N9: Oda 1 | P9: Antre | Q9: Banyo | R9: Antre | S9: Oda 2 | V9: Yatak Odası | W9: Yatak Odası | X9: Antre | Y9: Banyo | Z9: Ebv. Banyo
A10: 4 | B10: Th1 | C10: ODA SICAKLIĞI | E10: °C | F10: 18 | G10: 18 | H10: 20 | N10: 20 | P10: 18 | Q10: 24 | R10: 18 | S10: 20 | V10: 20 | W10: 20 | X10: 18 | Y10: 24 | Z10: 24
A11: 5 | B11: Th2 | C11: DÖŞEME ALTI SICAKLIĞI | E11: °C | F11: 6 | G11: 6 | H11: 6 | N11: 6 | P11: 6 | Q11: 6 | R11: 18 | S11: 20 | V11: 20 | W11: 20 | X11: 18 | Y11: 18 | Z11: 20
A12: 6 | B12: A | C12: NET DÖŞEME ALANI | E12: m² | F12: 14.04 | G12: 15.9 | H12: 43.55 | N12: 15 | P12: 13.2 | Q12: 3.1 | R12: 14.04 | S12: 922 | V12: 14 | W12: 11.9 | X12: 9.7 | Y12: 5.15 | Z12: 5.55
A13: 7 | B13: qh | C13: ISI KAYBI | D13: TS 825 ve TS 2164 'e göre | E13: W | F13: 699 | G13: 653 | H13: 1782 | N13: 769 | P13: 692 | Q13: 107 | R13: 699 | S13: 16.5 | V13: 544 | W13: 466 | X13: 225 | Y13: 75 | Z13: 117
A14: 8 | B14: q" | C14: ISI AKISI | D14: qh/A | E14: W/m² | F14: =F13/F12 -> 49.786325 | G14: =G13/G12 -> 41.069182 | H14: =H13/H12 -> 40.918485 | N14: =N13/N12 -> 51.266667 | P14: =P13/P12 -> 52.424242 | Q14: =Q13/Q12 -> 34.516129 | R14: =R13/R12 -> 49.786325 | S14: =S13/S12 -> 0.017895879 | V14: =V13/V12 -> 38.857143 | W14: =W13/W12 -> 39.159664 | X14: =X13/X12 -> 23.195876 | Y14: =Y13/Y12 -> 14.563107 | Z14: =Z13/Z12 -> 21.081081
A15: 9 | B15: Rd | C15: DÖŞEME ISIL DİRENCİ (1) | D15: Seramik fayans | E15: m²K/W | F15: 0.012 | G15: 0.012 | H15: 0.012 | N15: 0.012 | P15: 0.012 | Q15: 0.012 | R15: 0.012 | S15: 0.012 | V15: 0.012 | W15: 0.012 | X15: 0.012 | Y15: 0.012 | Z15: 0.012
A16: 10 | C16: ISITMA ÇEVRİMİ SAYISI | F16: 1 | G16: 1 | H16: 6 | N16: 2 | P16: 1 | Q16: 1 | R16: 1 | S16: 24.9 | V16: 1 | W16: 2 | X16: 1 | Y16: 1 | Z16: 1
A17: 11 | B17: Ataban | C17: İÇ VEYA DIŞ ÇEVRİM ALANI | E17: m² | F17: =F12 -> 14.04 | G17: =G12 -> 15.9 | H17: 7.26 | I17: 7.26 | J17: 7.26 | K17: 7.26 | L17: 7.26 | M17: 7.26 | N17: 7.5 | O17: 7.5 | P17: =P12 -> 13.2 | Q17: =Q12 -> 3.1 | R17: =R12 -> 14.04 | S17: 8.3 | T17: 8.3 | U17: 8.3 | V17: =V12 -> 14 | W17: =W12 -> 11.9 | X17: =X12 -> 9.7 | Y17: =Y12 -> 5.15 | Z17: =Z12 -> 5.55
A18: 12 | B18: qtaban | C18: İÇ VEya DIŞ ISI AKISI | E18: W/m² | F18: =F13/F17 -> 49.786325 | G18: =G13/G17 -> 41.069182 | H18: =H13/H17 -> 245.45455 | I18: =H13/I17 -> 245.45455 | J18: =H13/J17 -> 245.45455 | K18: =H13/K17 -> 245.45455 | L18: =H13/L17 -> 245.45455 | M18: =H13/M17 -> 245.45455 | N18: =N13/N17 -> 102.53333 | O18: =N13/O17 -> 102.53333 | P18: =P13/P17 -> 52.424242 | Q18: =Q13/Q17 -> 34.516129 | R18: =R13/R17 -> 49.786325 | S18: =S13/S17 -> 1.9879518 | T18: =S13/T17 -> 1.9879518 | U18: =S13/U17 -> 1.9879518 | V18: =V13/V17 -> 38.857143 | W18: =W13/W17 -> 39.159664 | X18: =X13/X17 -> 23.195876 | Y18: =Y13/Y17 -> 14.563107 | Z18: =Z13/Z17 -> 21.081081
A19: 13 | B19: Ty | C19: ORTALAMA DÖŞEME SICAKLIĞI | E19: °C | F19: =F10+(F14/8.92)^0.91 -> 22.781214 | G19: =G10+(G14/8.92)^0.91 -> 22.012986 | H19: =H10+(H14/8.92)^0.91 -> 23.999583 | I19: 30 | J19: 30 | K19: 30 | L19: 30 | M19: 30 | N19: =N10+(N14/8.92)^0.91 -> 24.910412 | O19: 30 | P19: =P10+(P14/8.92)^0.91 -> 23.011206 | Q19: =Q10+(Q14/8.92)^0.91 -> 27.425848 | R19: =R10+(R14/8.92)^0.91 -> 22.781214 | S19: =S10+(S14/8.92)^0.91 -> 20.003509 | T19: 30 | U19: 30 | V19: =V10+(V14/8.92)^0.91 -> 23.815808 | W19: =W10+(W14/8.92)^0.91 -> 23.842832 | X19: =X10+(X14/8.92)^0.91 -> 20.386117 | Y19: =Y10+(Y14/8.92)^0.91 -> 25.562173 | Z19: =Z10+(Z14/8.92)^0.91 -> 26.187311
A20: 14 | B20: Ts.g | C20: SICAK SU GİRİŞ SICAKLIĞI (2) | E20: °C | F20: 50 | G20: 50 | H20: 50 | I20: 50 | J20: 50 | K20: 50 | L20: 50 | M20: 50 | N20: 50 | O20: 50 | P20: 50 | Q20: 50 | R20: 50 | S20: 50 | T20: 50 | U20: 50 | V20: 50 | W20: 50 | X20: 50 | Y20: 50 | Z20: 50
A21: 15 | B21: ΔTsg | C21: SICAK SU GİRİŞ - ODA SICAKLIĞI | D21: Tsg - Th1 | E21: °C | F21: =F20-F10 -> 32 | G21: =G20-G10 -> 32 | H21: =H20-H10 -> 30 | I21: =I20-H10 -> 30 | J21: =J20-H10 -> 30 | K21: =K20-H10 -> 30 | L21: =L20-H10 -> 30 | M21: =M20-H10 -> 30 | N21: =N20-N10 -> 30 | O21: =O20-N10 -> 30 | P21: =P20-P10 -> 32 | Q21: =Q20-Q10 -> 26 | R21: =R20-R10 -> 32 | S21: =S20-S10 -> 30 | T21: =T20-S10 -> 30 | U21: =U20-S10 -> 30 | V21: =V20-V10 -> 30 | W21: =W20-W10 -> 30 | X21: =X20-X10 -> 32 | Y21: =Y20-Y10 -> 26 | Z21: =Z20-Z10 -> 26
A22: 16 | B22: Lr | C22: BORU ARALIĞI (1) | D22: Kat Planından | F22: 20 | G22: 25 | H22: 15 | I22: 15 | J22: 20 | K22: 20 | L22: 20 | M22: 20 | N22: 20 | O22: 20 | P22: 20 | Q22: 20 | R22: 20 | S22: 15 | T22: 15 | U22: 20 | V22: 15 | W22: 20 | X22: 15 | Y22: 20 | Z22: 20
A23: 17a | B23: Ts.m | C23: ORTALAMA SU SICAKLIĞI (3) | D23: (Tsg-Tsç)/2 | E23: °C | F23: 36 | G23: 36 | H23: 40 | I23: 40 | J23: 40 | K23: 40 | L23: 40 | M23: 40 | N23: 40 | O23: 40 | P23: 36 | Q23: 30 | R23: 36 | S23: 40 | T23: 40 | U23: 40 | V23: 40 | W23: 40 | X23: 36 | Y23: 30 | Z23: 30
A24: 17b | B24: ΔTs.m | C24: ORTALAMA SICAK SU - ODA SICAKLIĞI | E24: °C | F24: =F23-F10 -> 18 | G24: =G23-G10 -> 18 | H24: =H23-H10 -> 20 | I24: =I23-H10 -> 20 | J24: =J23-H10 -> 20 | K24: =K23-H10 -> 20 | L24: =L23-H10 -> 20 | M24: =M23-H10 -> 20 | N24: =N23-N10 -> 20 | O24: =O23-N10 -> 20 | P24: =P23-P10 -> 18 | Q24: =Q23-Q10 -> 6 | R24: =R23-R10 -> 18 | S24: =S23-S10 -> 20 | T24: =T23-S10 -> 20 | U24: =U23-S10 -> 20 | V24: =V23-V10 -> 20 | W24: =W23-W10 -> 20 | X24: =X23-X10 -> 18 | Y24: =Y23-Y10 -> 6 | Z24: =Z23-Z10 -> 6
A25: 18 | B25: ΔTs | C25: SICAK SU GİDİŞ - DÖNÜŞ SICAKLIĞI | D25: 2(ΔTsg - ΔTs.m) | E25: °C | F25: =2*(F21-F24) -> 28 | G25: =2*(G21-G24) -> 28 | H25: =2*(H21-H24) -> 20 | I25: =2*(I21-I24) -> 20 | J25: =2*(J21-J24) -> 20 | K25: =2*(K21-K24) -> 20 | L25: =2*(L21-L24) -> 20 | M25: =2*(M21-M24) -> 20 | ... Z25: =2*(Z21-Z24) -> 40
A26: 19 | B26: q"döşeme | C26: ALTA GEÇEN ISI AKISI (4) | D26: 0,2 q değerinden küçük alınmıştır. | E26: W/m² | F26: =0.2*F14 -> 9.957265 | G26: =0.2*G14 -> 8.2138365 | H26: =0.2*H14 -> 8.1836969 | I26: =0.2*H14 -> 8.1836969 | J26: =0.2*H14 -> 8.1836969 | K26: =0.2*H14 -> 8.1836969 | L26: =0.2*H14 -> 8.1836969 | M26: =0.2*H14 -> 8.1836969 | N26: =0.2*N14 -> 10.253333 | O26: =0.2*N14 -> 10.253333 | P26: =0.2*P14 -> 10.484848 | Q26: =0.2*Q14 -> 6.9032258 | R26: =0.2*R14 -> 9.957265 | S26: =0.2*S14 -> 0.0035791757 | T26: =0.2*S14 -> 0.0035791757 | U26: =0.2*S14 -> 0.0035791757 | V26: =0.2*V14 -> 7.7714286 | W26: =0.2*W14 -> 7.8319328 | X26: =0.2*X14 -> 4.6391753 | Y26: =0.2*Y14 -> 2.9126214 | Z26: =0.2*Z14 -> 4.2162162
A27: 20 | B27: q | C27: ÇEVRİMİN TOPLAM ISISI | D27: A(q"döşeme + q"tavan) | E27: w | F27: =F17*(F14+F26) -> 838.8 | G27: =G17*(G14+G26) -> 783.6 | H27: =H17*(H14+H26) -> 356.48184 | I27: =I17*(H14+I26) -> 356.48184 | J27: =J17*(I14+J26) -> 59.413639 | K27: =K17*(J14+K26) -> 59.413639 | L27: =L17*(K14+L26) -> 59.413639 | M27: =M17*(L14+M26) -> 59.413639 | N27: =N17*(N14+N26) -> 461.4 | O27: =O17*(N14+O26) -> 461.4 | P27: =P17*(P14+P26) -> 830.4 | Q27: =Q17*(Q14+Q26) -> 128.4 | R27: =R17*(R14+R26) -> 838.8 | S27: =S17*(S14+S26) -> 0.17824295 | T27: =T17*(S14+T26) -> 0.17824295 | U27: =U17*(T14+U26) -> 0.029707158 | V27: =V17*(V14+V26) -> 652.8 | W27: =W17*(W14+W26) -> 559.2 | X27: =X17*(X14+X26) -> 270 | Y27: =Y17*(Y14+Y26) -> 90 | Z27: =Z17*(Z14+Z26) -> 140.4
A28: 21 | B28: m | C28: SICAK SU DEBİSİ | D28: q/(1,163ΔTsg) | E28: kg/h | F28: =F27/(1.163*F21) -> 22.538693 | G28: =G27/(1.163*G21) -> 21.05546 | H28: =H27/(1.163*H21) -> 10.217307 | I28: =I27/(1.163*I21) -> 10.217307 | J28: =J27/(1.163*J21) -> 1.7028845 | K28: =K27/(1.163*K21) -> 1.7028845 | L28: =L27/(1.163*L21) -> 1.7028845 | M28: =M27/(1.163*M21) -> 1.7028845 | ... Z28: =Z27/(1.163*Z21) -> 4.6431642
A29: 22 | B29: Lç | C29: BORU UZUNLUĞU | D29: A/Lr | E29: m | F29: =F17/(F22*0.01) -> 70.2 | G29: =G17/(G22*0.01) -> 63.6 | H29: =H17/(H22*0.01) -> 48.4 | I29: =I17/(I22*0.01) -> 48.4 | J29: =J17/(J22*0.01) -> 36.3 | K29: =K17/(K22*0.01) -> 36.3 | L29: =L17/(L22*0.01) -> 36.3 | M29: =M17/(M22*0.01) -> 36.3 | ... Z29: =Z17/(Z22*0.01) -> 27.75
A30: 23 | B30: Lb | C30: BAĞLANTI BORULARI | D30: Kat Planından | E30: m | H30: bağlantı boruları toplam boru boyuna ilave edilmiştir. | S30: bağlantı boruları toplam boru boyuna ilave edilmiştir.
A31: 24 | B31: L | C31: TOPLAM BORU UZUNLUĞU | D31: Lç + Lb | E31: m | F31: =F29+0 -> 70.2 | G31: =G29+0 -> 63.6 | H31: =H29+0 -> 48.4 | I31: =I29+0 -> 48.4 | J31: =J29+0 -> 36.3 | K31: =K29+0 -> 36.3 | L31: =L29+0 -> 36.3 | M31: =M29+0 -> 36.3 | ... Z31: =Z29+0 -> 27.75
A32: 25 | B32: ΔPs | C32: DÜZ BORU BASINÇ KAYBI (5) | D32: Kısım 9.4 , EK VI-14i | E32: Pa | F32: 2825 | G32: 2870 | H32: 3060 | I32: 3000 | J32: 3000 | K32: 3000 | L32: 3000 | M32: 3000 | N32: 3060 | O32: 3000 | P32: 2825 | Q32: 2960 | R32: 2825 | S32: 3060 | T32: 3000 | U32: 3000 | V32: 2870 | W32: 3060 | X32: 2825 | Y32: 2960 | Z32: 2960
A33: 26 | B33: Δpö | C33: ÖZEL BASINÇ KAYIPLARI (6) | D33: Kısım 9.4 , Denk. (8.7.22) | E33: Pa | F33: =F32*0.05 -> 141.25 | G33: =G32*0.05 -> 143.5 | H33: =H32*0.05 -> 153 | I33: =I32*0.05 -> 150 | J33: =J32*0.05 -> 150 | K33: =K32*0.05 -> 150 | L33: =L32*0.05 -> 150 | M33: =M32*0.05 -> 150 | ... Z33: =Z32*0.05 -> 148
A34: 27 | B34: ΔP | C34: TOPLAM BASINÇ KAYBI | D34: ΔPs + Δpö | E34: Pa | F34: =F32+F33 -> 2966.25 | G34: =G32+G33 -> 3013.5 | H34: =H32+H33 -> 3213 | I34: =I32+I33 -> 3150 | J34: =J32+J33 -> 3150 | K34: =K32+K33 -> 3150 | L34: =L32+L33 -> 3150 | M34: =M32+M33 -> 3150 | ... Z34: =Z32+Z33 -> 3108
A35: 28 | B35: ΔPd | C35: DENGELENMESİ GEREKEN BASINÇ(7) | D35: Δpmax - ΔP | E35: Pa | F35: =9828-F34 -> 6861.75 | G35: =9828-G34 -> 6814.5 | H35: =9828-H34 -> 6615 | I35: =9828-I34 -> 6678 | J35: =9828-J34 -> 6678 | K35: =9828-K34 -> 6678 | L35: =9828-L34 -> 6678 | M35: =9828-M34 -> 6678 | ... Z35: =9828-Z34 -> 6720
D36: Δpmax = 9828 Pa | H36: BASINÇ AYARLI KOLLEKTÖRDEN HERBİR
H37: HATTA GİDEN BASINÇ BU BASINÇ DEĞERLERİNE
H38: GÖRE AYARLANMALIDIR….
H39: Δpö | I39: EK VI-14i Tablosundan q değeri m³/h çevrilir DN10 borusu
A40: (1) | B40: Şek. 19.7.1 den seçilmiştir. | I40: için R (Pa/m) 1metre borudaki basın. Kaybı bulunur..
A41: (2) | B41: Sıcak su girişi ( kazan çıkış suyu sıcaklığı ) 50 °C olarak seçilmiştir. | I41: toplam boru boyu ile çarpımından Δpö (Pa) bulunur.
A42: (3) | B42: Şek. 19.7.1 den bulunmuştur..
A43: (4) | B43: Bu ısı , geçiş bağlantılarından hesaplanabildiği gibi maksimum 0,2 q" olarak alınmıştır.
A44: (5) | B44: R ( Pa/m) özgül basın. Kayıpları EK VI-14f ' de 15x1 çapındakiboru çapına göre alınmıştır.
A45: (6) | B45: kollektörden sonraki özel basınç kayıpları, düz boru kayıpları yanında çok küçük olduğundan düz boru basınç kaybının % 5 i kabul edilmiştir.
A46: (7) | B46: Isıtma çevriminin basıncı , kollektördeki reglaj vanası ile ayarlanmalıdır…

Sheet YERDEN ISITMA- DEVAMI
A1: YERDEN ISITMA HESABI
A2: 2. ve 3. KAT | C2: DÖŞEMEDEN ISITMA HESAP ÖZETİ | D2: Ts.g = 50 °C | E2: TOPLAM ISI KAYBI
D3: Isıtma Çevrim Sayısı : 6 | E3: MAX. BASINÇ KAYBI
M5: KAT
A7: 1 | C7: ISITMA ÇEVRİM SIRASI | F7: Z01 | G7: Z02 | H7: Z03 | N7: Z04 | O7: 201 | P7: 201 | Q7: 202 | R7: 203 | S7: 204 | T7: 205 | U7: 206 | V7: 207 | W7: 208 | X7: 209 | Y7: 103 | Z7: 104 | AH7: 103 | AO7: 301 | AP7: 302 | AQ7: 303 | AR7: 304 | AS7: 305 | AT7: 306 | AU7: 307 | AV7: 308 | AW7: 309
A8: 2 | C8: ODA NO | F8: 1.1. | O8: 3.1. | P8: 3.1. | Q8: 3.9. | S8: 3.3. | T8: 3.8. | U8: 3.4. | V8: 3.5. | W8: 3.10. | X8: 3.7. | Y8: 2.6. | AB8: 2.2. | AC8: 101 | AE8: 2.6. | AG8: 2.7. | AH8: 2.8. | AI8: 105 | AJ8: 106 | AK8: 107 | AM8: 108 | AO8: 4.4. | AP8: 4.3. | AR8: 4.1. | AS8: 4.2. | AT8: 4.6. | AU8: 4.7. | AV8: 4.10. | AW8: 4.9.
A9: 3 | C9: ODA ADI | F9: İşyeri | G9: İşyeri | H9: İşyeri | I9: Salon | J9: Salon | K9: Salon | L9: Salon | M9: Salon | N9: İşyeri | O9: Koridor | P9: Mutfak | Q9: Salon | S9: Yatak Odası | T9: Yatak Odası | U9: Hol | V9: Salon | W9: Mutfak | X9: Yatak Odası | Y9: Hol | Z9: Yatak Odası | AA9: SalonMutfak | AB9: Oda | AC9: Çocuk Odası | AD9: Eb.Od | AE9: Oda | AF9: Oda | AG9: Oda | AH9: Çocuk Odası | AI9: Oturma Odası | AJ9: Sauna | AK9: Oda | AL9: Oda | AM9: Oda | AN9: Oda | AO9: Hol | AP9: Salon+Mutfak | AR9: Yatak Odası | AS9: Yatak Odası | AT9: Hol | AU9: Salon | AV9: Mutfak | AW9: Yatak Odası
A10: 4 | B10: Th1 | C10: ODA SICAKLIĞI | E10: °C | F10: 20 | O10: 18 | P10: 18 | Q10: 22 | S10: 20 | T10: 20 | U10: 18 | V10: 22 | W10: 18 | X10: 20 | Y10: 18 | AB10: 20 | AC10: 20 | AE10: 20 | AG10: 20 | AH10: 20 | AI10: 22 | AJ10: 30 | AK10: 20 | AM10: 20 | AO10: 18 | AP10: 20 | AR10: 20 | AS10: 20 | AT10: 18 | AU10: 22 | AV10: 18 | AW10: 20
A11: 5 | B11: Th2 | C11: DÖŞEME ALTI SICAKLIĞI | E11: °C | F11: 6 | O11: 18 | P11: 18 | Q11: 22 | S11: 20 | T11: 20 | U11: 18 | V11: 22 | W11: 18 | X11: 20 | Y11: 20 | AB11: 20 | AC11: 22 | AE11: 22 | AG11: 18 | AH11: 20 | AI11: 20 | AJ11: 22 | AK11: 20 | AM11: 20 | AO11: 18 | AP11: 20 | AR11: 20 | AS11: 20 | AT11: 18 | AU11: 22 | AV11: 18 | AW11: 20
A12: 6 | B12: A | C12: NET DÖŞEME ALANI | E12: m² | F12: 114.76 | O12: 5.64 | P12: 5.64 | Q12: 25.49 | S12: 11.69 | T12: 12.11 | U12: 7.03 | V12: 22.4 | W12: 12.39 | X12: 16.96 | Y12: 7.03 | AB12: 15.47 | AC12: 46 | AE12: 28.62 | AG12: 17.21 | AH12: 14.15 | AI12: 23.9 | AJ12: ='YERDEN ISITMA'!E21 -> 2.53 | AK12: ='YERDEN ISITMA'!E22 -> 19.62 | AM12: ='YERDEN ISITMA'!E23 -> 20.53 | AO12: 5.64 | AP12: 25.49 | AR12: 11.69 | AS12: 12.11 | AT12: 7.03 | AU12: 22.4 | AV12: 12.39 | AW12: 16.96
A13: 7 | B13: qh | C13: ISI KAYBI | D13: TS 825 ve TS 2164 'e göre | E13: W | F13: 5661 | O13: 120 | P13: 120 | Q13: 731 | S13: 351 | T13: 924 | U13: 136 | V13: 849 | W13: 348 | X13: 486 | Y13: 2426 | AB13: 1057 | AC13: ='PETEK LİST'!D16 -> 3309.41 | AE13: 2146 | AG13: 1115 | AH13: 932 | AI13: 1883 | AJ13: ='PETEK LİST'!D21 -> 349.92655 | AK13: ='PETEK LİST'!D22 -> 1830.633 | AM13: ='PETEK LİST'!D23 -> 1655.1107 | AO13: 161 | AP13: 945 | AR13: 448 | AS13: 1040 | AT13: 187 | AU13: 1049 | AV13: 356 | AW13: 619
A14: 8 | B14: q" | C14: ISI AKISI | D14: qh/A | E14: W/m² | F14: =F13/F12 -> 49.329035 | O14: =O13/O12 -> 21.276596 | P14: =P13/P12 -> 21.276596 | Q14: =Q13/Q12 -> 28.677913 | S14: =S13/S12 -> 30.025663 | T14: =T13/T12 -> 76.300578 | U14: =U13/U12 -> 19.345661 | V14: =V13/V12 -> 37.901786 | W14: =W13/W12 -> 28.087167 | X14: =X13/X12 -> 28.65566 | Y14: =Y13/Y12 -> 345.09246 | AB14: =AB13/AB12 -> 68.325792 | AC14: =AC13/AC12 -> 71.943696 | AE14: =AE13/AE12 -> 74.98253 | AG14: =AG13/AG12 -> 64.787914 | AH14: =AH13/AH12 -> 65.865724 | AI14: =AI13/AI12 -> 78.786611 | AJ14: =AJ13/AJ12 -> 138.31089 | AK14: =AK13/AK12 -> 93.304434 | AM14: =AM13/AM12 -> 80.619129 | AO14: =AO13/AO12 -> 28.546099 | AP14: =AP13/AP12 -> 37.073362 | AR14: =AR13/AR12 -> 38.323353 | AS14: =AS13/AS12 -> 85.879438 | AT14: =AT13/AT12 -> 26.600284 | AU14: =AU13/AU12 -> 46.830357 | AV14: =AV13/AV12 -> 28.732849 | AW14: =AW13/AW12 -> 36.497642
A15: 9 | B15: Rd | C15: DÖŞEME ISIL DİRENCİ (1) | D15: Seramik fayans | E15: m²K/W | F15: 0.012 | O15: 0.012 | P15: 0.012 | Q15: 0.012 | S15: 0.012 | T15: 0.012 | U15: 0.012 | V15: 0.012 | W15: 0.012 | X15: 0.012 | Y15: 0.012 | AB15: 0.012 | AC15: 0.012 | AE15: 0.012 | AG15: 0.012 | AH15: 0.012 | AI15: 0.012 | AJ15: 0.012 | AK15: 0.012 | AM15: 0.012 | AO15: 0.012 | AP15: 0.012 | AR15: 0.012 | AS15: 0.012 | AT15: 0.012 | AU15: 0.012 | AV15: 0.012 | AW15: 0.012
A16: 10 | C16: ISITMA ÇEVRİMİ SAYISI | F16: 4 | O16: 1 | P16: 1 | Q16: 2 | S16: 1 | T16: 1 | U16: 1 | V16: 1 | W16: 1 | X16: 1 | Y16: 2 | AB16: 1 | AC16: 2 | AE16: 1 | AG16: 1 | AH16: 1 | AI16: 1 | AJ16: 1 | AK16: 2 | AM16: 2 | AO16: 1 | AP16: 2 | AR16: 1 | AS16: 1 | AT16: 1 | AU16: 1 | AV16: 1 | AW16: 1
A17: 11 | B17: Ataban | C17: İÇ VEYA DIŞ ÇEVRİM ALANI | E17: m² | F17: 28.9 | G17: 28.4 | H17: 26.9 | I17: 0 | J17: 0 | K17: 0 | L17: 0 | M17: 0 | N17: 30.56 | O17: 5.64 | P17: 5.64 | Q17: 14.1 | R17: 11.39 | S17: =S12 -> 11.69 | T17: =T12 -> 12.11 | U17: =U12 -> 7.03 | V17: =V12 -> 22.4 | W17: =W12 -> 12.39 | X17: =X12 -> 16.96 | Y17: 13.1 | Z17: 14.9 | AA17: 0 | AB17: =AB12 -> 15.47 | AC17: 20 | AD17: 0 | AE17: 13.62 | AF17: 15 | AG17: =AG12 -> 17.21 | AH17: =AH12 -> 14.15 | AI17: =AI12 -> 23.9 | AJ17: =AJ12 -> 2.53 | AK17: 9 | AL17: 11 | AM17: 9 | AN17: 11.5 | AO17: 5.64 | AP17: 14.1 | AQ17: 11.39 | AR17: =AR12 -> 11.69 | AS17: =AS12 -> 12.11 | AT17: =AT12 -> 7.03 | AU17: =AU12 -> 22.4 | AV17: =AV12 -> 12.39 | AW17: =AW12 -> 16.96
A18: 12 | B18: qtaban | C18: İÇ VEya DIŞ ISI AKISI | E18: W/m² | F18: =F13/F17 -> 195.88235 | G18: =F13/G17 -> 199.33099 | H18: =F13/H17 -> 210.4461 | I18: =F13/I17 -> #DIV/0! | J18: =F13/J17 -> #DIV/0! | K18: =F13/K17 -> #DIV/0! | L18: =F13/L17 -> #DIV/0! | M18: =F13/M17 -> #DIV/0! | N18: =F13/N17 -> 185.24215 | O18: =O13/O17 -> 21.276596 | P18: =P13/P17 -> 21.276596 | Q18: =Q13/Q17 -> 51.843972 | R18: =Q13/R17 -> 64.179104 | S18: =S13/S17 -> 30.025663 | T18: =T13/T17 -> 76.300578 | U18: =U13/U17 -> 19.345661 | V18: =V13/V17 -> 37.901786 | W18: =W13/W17 -> 28.087167 | X18: =X13/X17 -> 28.65566 | Y18: =Y13/Y17 -> 185.19084 | Z18: =Y13/Z17 -> 162.81879 | AA18: =Y13/AA17 -> #DIV/0! | AB18: =AB13/AB17 -> 68.325792 | AC18: =AC13/AC17 -> 165.4705 | AD18: =AC13/AD17 -> #DIV/0! | AE18: =AE13/AE17 -> 157.56241 | AF18: =AE13/AF17 -> 143.06667 | AG18: =AG13/AG17 -> 64.787914 | AH18: =AH13/AH17 -> 65.865724 | AI18: =AI13/AI17 -> 78.786611 | AJ18: =AJ13/AJ17 -> 138.31089 | AK18: =AK13/AK17 -> 203.40367 | AL18: =AK13/AL17 -> 166.42118 | AM18: =AM13/AM17 -> 183.90119 | AN18: =AM13/AN17 -> 143.92267 | AO18: =AO13/AO17 -> 28.546099 | AP18: =AP13/AP17 -> 67.021277 | AQ18: =AP13/AQ17 -> 82.967515 | AR18: =AR13/AR17 -> 38.323353 | AS18: =AS13/AS17 -> 85.879438 | AT18: =AT13/AT17 -> 26.600284 | AU18: =AU13/AU17 -> 46.830357 | AV18: =AV13/AV17 -> 28.732849 | AW18: =AW13/AW17 -> 36.497642
A19: 13 | B19: Ty | C19: ORTALAMA DÖŞEME SICAKLIĞI | E19: °C | F19: =F10+(F14/8.92)^0.91 -> 24.741234 | G19: 30 | H19: 30 | I19: 30 | J19: 30 | K19: 30 | L19: 30 | M19: 30 | N19: 30 | O19: =O10+(O14/8.92)^0.91 -> 20.205763 | P19: =P10+(P14/8.92)^0.91 -> 20.205763 | Q19: =Q10+(Q14/8.92)^0.91 -> 24.894251 | R19: =Q10+(Q14/8.92)^0.91 -> 24.894251 | S19: =S10+(S14/8.92)^0.91 -> 23.017771 | T19: =T10+(T14/8.92)^0.91 -> 27.051286 | U19: =U10+(U14/8.92)^0.91 -> 20.022828 | V19: =V10+(V14/8.92)^0.91 -> 25.730339 | W19: =W10+(W14/8.92)^0.91 -> 20.839947 | X19: =X10+(X14/8.92)^0.91 -> 22.892208 | Y19: =Y10+(Y14/8.92)^0.91 -> 45.841284 | Z19: =Y10+(Y14/8.92)^0.91 -> 45.841284 | AA19: =Y10+(Y14/8.92)^0.91 -> 45.841284 | AB19: =AB10+(AB14/8.92)^0.91 -> 26.377347 | AC19: =AC10+(AC14/8.92)^0.91 -> 26.683922 | AD19: =AC10+(AC14/8.92)^0.91 -> 26.683922 | AE19: =AE10+(AE14/8.92)^0.91 -> 26.940355 | AF19: =AE10+(AE14/8.92)^0.91 -> 26.940355 | AG19: =AG10+(AG14/8.92)^0.91 -> 26.076136 | AH19: =AH10+(AH14/8.92)^0.91 -> 26.168053 | AI19: =AI10+(AI14/8.92)^0.91 -> 29.260051 | AJ19: =AJ10+(AJ14/8.92)^0.91 -> 42.115666 | AK19: =AK10+(AK14/8.92)^0.91 -> 28.467965 | AL19: =AK10+(AK14/8.92)^0.91 -> 28.467965 | AM19: =AM10+(AM14/8.92)^0.91 -> 27.413557 | AN19: =AM10+(AM14/8.92)^0.91 -> 27.413557 | AO19: =AO10+(AO14/8.92)^0.91 -> 20.882143 | AP19: =AP10+(AP14/8.92)^0.91 -> 23.656069 | AQ19: =AP10+(AP14/8.92)^0.91 -> 23.656069 | AR19: =AR10+(AR14/8.92)^0.91 -> 23.768077 | AS19: =AS10+(AS14/8.92)^0.91 -> 27.852486 | AT19: =AT10+(AT14/8.92)^0.91 -> 20.702804 | AU19: =AU10+(AU14/8.92)^0.91 -> 26.522181 | AV19: =AV10+(AV14/8.92)^0.91 -> 20.899296 | AW19: =AW10+(AW14/8.92)^0.91 -> 23.604367
A20: 14 | B20: Ts.g | C20: SICAK SU GİRİŞ SICAKLIĞI (2) | E20: °C | F20: 50 | G20: 50 | H20: 50 | I20: 50 | J20: 50 | K20: 50 | L20: 50 | M20: 50 | N20: 50 | O20: 50 | P20: 50 | Q20: 50 | R20: 50 | S20: 50 | T20: 50 | U20: 50 | V20: 50 | W20: 50 | X20: 50 | Y20: 50 | Z20: 50 | AA20: 50 | AB20: 50 | AC20: 50 | AD20: 50 | AE20: 50 | AF20: 50 | AG20: 50 | AH20: 50 | AI20: 50 | AJ20: 50 | AK20: 50 | AL20: 50 | AM20: 50 | AN20: 50 | AO20: 50 | AP20: 50 | AQ20: 50 | AR20: 50 | AS20: 50 | AT20: 50 | AU20: 50 | AV20: 50 | AW20: 50
A21: 15 | B21: ΔTsg | C21: SICAK SU GİRİŞ - ODA SICAKLIĞI | D21: Tsg - Th1 | E21: °C | F21: =F20-F10 -> 30 | G21: =G20-F10 -> 30 | H21: =H20-F10 -> 30 | I21: =I20-F10 -> 30 | J21: =J20-F10 -> 30 | K21: =K20-F10 -> 30 | L21: =L20-F10 -> 30 | M21: =M20-F10 -> 30 | N21: =N20-F10 -> 30 | O21: =O20-O10 -> 32 | P21: =P20-P10 -> 32 | Q21: =Q20-Q10 -> 28 | R21: =R20-Q10 -> 28 | S21: =S20-S10 -> 30 | T21: =T20-T10 -> 30 | U21: =U20-U10 -> 32 | V21: =V20-V10 -> 28 | W21: =W20-W10 -> 32 | X21: =X20-X10 -> 30 | Y21: =Y20-Y10 -> 32 | Z21: =Z20-Y10 -> 32 | AA21: =AA20-Z10 -> 50 | AB21: =AB20-AB10 -> 30 | AC21: =AC20-AC10 -> 30 | AD21: =AD20-AC10 -> 30 | AE21: =AE20-AE10 -> 30 | AF21: =AF20-AE10 -> 30 | AG21: =AG20-AG10 -> 30 | AH21: =AH20-AH10 -> 30 | AI21: =AI20-AI10 -> 28 | AJ21: =AJ20-AJ10 -> 20 | AK21: =AK20-AK10 -> 30 | AL21: =AL20-AK10 -> 30 | AM21: =AM20-AM10 -> 30 | AN21: =AN20-AM10 -> 30 | AO21: =AO20-AO10 -> 32 | AP21: =AP20-AP10 -> 30 | AQ21: =AQ20-AP10 -> 30 | AR21: =AR20-AR10 -> 30 | AS21: =AS20-AS10 -> 30 | AT21: =AT20-AT10 -> 32 | AU21: =AU20-AU10 -> 28 | AV21: =AV20-AV10 -> 32 | AW21: =AW20-AW10 -> 30
A22: 16 | B22: Lr | C22: BORU ARALIĞI (1) | D22: Kat Planından | F22: 30 | G22: 30 | H22: 30 | I22: 10 | J22: 10 | K22: 10 | L22: 10 | M22: 10 | N22: 30 | O22: 20 | P22: 20 | Q22: 20 | R22: 20 | S22: 20 | T22: 20 | U22: 20 | V22: 30 | W22: 20 | X22: 20 | Y22: 20 | Z22: 20 | AA22: 20 | AB22: 20 | AC22: 10 | AD22: 10 | AE22: 20 | AF22: 20 | AG22: 20 | AH22: 20 | AI22: 20 | AJ22: 10 | AK22: 10 | AL22: 10 | AM22: 10 | AN22: 10 | AO22: 20 | AP22: 20 | AQ22: 20 | AR22: 20 | AS22: 20 | AT22: 20 | AU22: 30 | AV22: 20 | AW22: 20
A23: 17a | B23: Ts.m | C23: ORTALAMA SU SICAKLIĞI (3) | D23: (Tsg-Tsç)/2 | E23: °C | F23: 40 | G23: 40 | H23: 40 | I23: 40 | J23: 40 | K23: 40 | L23: 40 | M23: 40 | N23: 40 | O23: 36 | P23: 36 | Q23: 40 | R23: 40 | S23: 40 | T23: 40 | U23: 36 | V23: 44 | W23: 36 | X23: 40 | Y23: 40 | Z23: 40 | AA23: 40 | AB23: 40 | AC23: 40 | AD23: 40 | AE23: 40 | AF23: 40 | AG23: 40 | AH23: 40 | AI23: 44 | AJ23: 50 | AK23: 42 | AL23: 42 | AM23: 42 | AN23: 42 | AO23: 36 | AP23: 40 | AQ23: 40 | AR23: 40 | AS23: 40 | AT23: 36 | AU23: 44 | AV23: 36 | AW23: 40
A24: 17b | B24: ΔTs.m | C24: ORTALAMA SICAK SU - ODA SICAKLIĞI | E24: °C | F24: =F23-F10 -> 20 | G24: =G23-F10 -> 20 | H24: =H23-F10 -> 20 | I24: =I23-F10 -> 20 | J24: =J23-F10 -> 20 | K24: =K23-F10 -> 20 | L24: =L23-F10 -> 20 | M24: =M23-F10 -> 20 | N24: =N23-F10 -> 20 | O24: =O23-O10 -> 18 | P24: =P23-P10 -> 18 | Q24: =Q23-Q10 -> 18 | R24: =R23-Q10 -> 18 | S24: =S23-S10 -> 20 | T24: =T23-T10 -> 20 | U24: =U23-U10 -> 18 | V24: =V23-V10 -> 22 | W24: =W23-W10 -> 18 | X24: =X23-X10 -> 20 | Y24: =Y23-Y10 -> 22 | Z24: =Z23-Y10 -> 22 | AA24: =Z23-Y10 -> 22 | AB24: =AB23-AB10 -> 20 | AC24: =AC23-AC10 -> 20 | AD24: =AD23-AC10 -> 20 | AE24: =AE23-AE10 -> 20 | AF24: =AF23-AE10 -> 20 | AG24: =AG23-AG10 -> 20 | AH24: =AH23-AH10 -> 20 | AI24: =AI23-AI10 -> 22 | AJ24: =AJ23-AJ10 -> 20 | AK24: =AK23-AK10 -> 22 | AL24: =AL23-AK10 -> 22 | AM24: =AM23-AM10 -> 22 | AN24: =AN23-AM10 -> 22 | AO24: =AO23-AO10 -> 18 | AP24: =AP23-AP10 -> 20 | AQ24: =AQ23-AP10 -> 20 | AR24: =AR23-AR10 -> 20 | AS24: =AS23-AS10 -> 20 | AT24: =AT23-AT10 -> 18 | AU24: =AU23-AU10 -> 22 | AV24: =AV23-AV10 -> 18 | AW24: =AW23-AW10 -> 20
A25: 18 | B25: ΔTs | C25: SICAK SU GİDİŞ - DÖNÜŞ SICAKLIĞI | D25: 2(ΔTsg - ΔTs.m) | E25: °C | F25: =2*(F21-F24) -> 20 | G25: =2*(G21-G24) -> 20 | H25: =2*(H21-H24) -> 20 | I25: =2*(I21-I24) -> 20 | J25: =2*(J21-J24) -> 20 | K25: =2*(K21-K24) -> 20 | L25: =2*(L21-L24) -> 20 | M25: =2*(M21-M24) -> 20 | ... AW25: =2*(AW21-AW24) -> 20
A26: 19 | B26: q"döşeme | C26: ALTA GEÇEN ISI AKISI (4) | D26: 0,2 q değerinden küçük alınmıştır. | E26: W/m² | F26: =0.2*F14 -> 9.8658069 | G26: =0.2*F14 -> 9.8658069 | H26: =0.2*F14 -> 9.8658069 | I26: =0.2*F14 -> 9.8658069 | J26: =0.2*F14 -> 9.8658069 | K26: =0.2*F14 -> 9.8658069 | L26: =0.2*F14 -> 9.8658069 | M26: =0.2*F14 -> 9.8658069 | N26: =0.2*F14 -> 9.8658069 | O26: =0.2*O14 -> 4.2553191 | P26: =0.2*P14 -> 4.2553191 | Q26: =0.2*Q14 -> 5.7355826 | R26: =0.2*Q14 -> 5.7355826 | S26: =0.2*M14 -> 0 | T26: =0.2*O14 -> 4.2553191 | U26: =0.2*Q14 -> 5.7355826 | V26: =0.2*R14 -> 0 | W26: =0.2*S14 -> 6.0051326 | X26: =0.2*T14 -> 15.260116 | Y26: =0.2*Y14 -> 69.018492 | Z26: =0.2*Y14 -> 69.018492 | AA26: =0.2*Y14 -> 69.018492 | AB26: =0.2*Y14 -> 69.018492 | AC26: =0.2*AC14 -> 14.388739 | AD26: =0.2*AC14 -> 14.388739 | AE26: =0.2*AE14 -> 14.996506 | AF26: =0.2*AE14 -> 14.996506 | AG26: =0.2*AG14 -> 12.957583 | AH26: =0.2*AH14 -> 13.173145 | AI26: =0.2*AI14 -> 15.757322 | AJ26: =0.2*AJ14 -> 27.662177 | AK26: =0.2*AK14 -> 18.660887 | AL26: =0.2*AK14 -> 18.660887 | AM26: =0.2*AM14 -> 16.123826 | AN26: =0.2*AM14 -> 16.123826 | AO26: =0.2*AO14 -> 5.7092199 | AP26: =0.2*AP14 -> 7.4146724 | AQ26: =0.2*AP14 -> 7.4146724 | AR26: =0.2*AM14 -> 16.123826 | AS26: =0.2*AO14 -> 5.7092199 | AT26: =0.2*AP14 -> 7.4146724 | AU26: =0.2*AQ14 -> 0 | AV26: =0.2*AR14 -> 7.6646707 | AW26: =0.2*AS14 -> 17.175888
A27: 20 | B27: q | C27: ÇEVRİMİN TOPLAM ISISI | D27: A(q"döşeme + q"tavan) | E27: w | F27: =F17*(F14+F26) -> 1710.7309 | G27: =G17*(F14+G26) -> 1681.1335 | H27: =H17*(F14+H26) -> 1592.3412 | I27: =F17*(F14+I26) -> 1710.7309 | J27: =F12*(F14+J26) -> 6793.2 | K27: =F17*(F14+K26) -> 1710.7309 | L27: =F17*(F14+L26) -> 1710.7309 | M27: =F17*(F14+M26) -> 1710.7309 | N27: =N17*(F14+N26) -> 1808.9944 | O27: =O17*(O14+O26) -> 144 | P27: =P17*(P14+P26) -> 144 | Q27: =Q17*(Q14+Q26) -> 485.23029 | R27: =R17*(Q14+R26) -> 391.96971 | S27: =S17*(S14+S26) -> 351 | T27: =T17*(T14+T26) -> 975.53191 | U27: =U17*(U14+U26) -> 176.32115 | V27: =V17*(V14+V26) -> 849 | W27: =W17*(W14+W26) -> 422.40359 | X27: =X17*(X14+X26) -> 744.81156 | Y27: =Y17*(Y14+Y26) -> 5424.8535 | Z27: =Z17*(Y14+Z26) -> 6170.2532 | AA27: =AA17*(Z14+AA26) -> 0 | AB27: =AB17*(AB14+AB26) -> 2124.7161 | AC27: =AC17*(AC14+AC26) -> 1726.6487 | AD27: =AD17*(AD14+AD26) -> 0 | AE27: =AE17*(AE14+AE26) -> 1225.5145 | AF27: =AF17*(AE14+AF26) -> 1349.6855 | AG27: =AG17*(AG14+AG26) -> 1338 | AH27: =AH17*(AH14+AH26) -> 1118.4 | AI27: =AI17*(AI14+AI26) -> 2259.6 | AJ27: =AJ17*(AJ14+AJ26) -> 419.91185 | AK27: =AK17*(AK14+AK26) -> 1007.6879 | AL27: =AL17*(AL14+AL26) -> 205.26976 | AM27: =AM17*(AM14+AM26) -> 870.6866 | AN27: =AN17*(AN14+AN26) -> 185.424 | ... AP27: =AP17*(AP14+AP26) -> 627.28129 | AQ27: =AQ17*(AP14+AQ26) -> 506.71871 | AR27: =AR17*(AR14+AR26) -> 636.48752 | AS27: =AS17*(AS14+AS26) -> 1109.1387 | AT27: =AT17*(AT14+AT26) -> 239.12515 | AU27: =AU17*(AU14+AU26) -> 1049 | AV27: =AV17*(AV14+AV26) -> 450.96527 | AW27: =AW17*(AW14+AW26) -> 910.30306
A28: 21 | B28: m | C28: SICAK SU DEBİSİ | D28: q/(1,163ΔTsg) | E28: kg/h | F28: =F27/(1.163*F21) -> 49.032127 | G28: =G27/(1.163*G21) -> 48.18382 | H28: =H27/(1.163*H21) -> 45.6389 | I28: =I27/(1.163*I21) -> 49.032127 | J28: =J27/(1.163*J21) -> 194.70335 | K28: =K27/(1.163*K21) -> 49.032127 | L28: =L27/(1.163*L21) -> 49.032127 | M28: =M27/(1.163*M21) -> 49.032127 | ... AW28: =AW27/(1.163*AW21) -> 26.090658
A29: 22 | B29: Lç | C29: BORU UZUNLUĞU | D29: A/Lr | E29: m | F29: =F17/(F22*0.01) -> 96.333333 | G29: =G17/(G22*0.01) -> 94.666667 | H29: =H17/(H22*0.01) -> 89.666667 | I29: =I17/(I22*0.01) -> 0 | J29: =J17/(J22*0.01) -> 0 | K29: =K17/(K22*0.01) -> 0 | L29: =L17/(L22*0.01) -> 0 | M29: =M17/(M22*0.01) -> 0 | ... AW29: =AW17/(AW22*0.01) -> 84.8
A30: 23 | B30: Lb | C30: BAĞLANTI BORULARI | D30: Kat Planından | E30: m | F30: bağlantı boruları toplam boru boyuna ilave edilmiştir. | O30: bağlantı boruları toplam boru boyuna ilave edilmiştir. | P30: bağlantı boruları toplam boru boyuna ilave edilmiştir. | AO30: bağlantı boruları toplam boru boyuna ilave edilmiştir.
A31: 24 | B31: L | C31: TOPLAM BORU UZUNLUĞU | D31: Lç + Lb | E31: m | F31: =F29+0 -> 96.333333 | G31: =G29+0 -> 94.666667 | H31: =H29+0 -> 89.666667 | I31: =I29+0 -> 0 | J31: =J29+0 -> 0 | K31: =K29+0 -> 0 | L31: =L29+0 -> 0 | M31: =M29+0 -> 0 | ... AW31: =AW29+0 -> 84.8
A32: 25 | B32: ΔPs | C32: DÜZ BORU BASINÇ KAYBI (5) | D32: Kısım 9.4 , EK VI-14i | E32: Pa | F32: 3060 | G32: 3000 | H32: 3040 | I32: 3060 | J32: 2646 | K32: 3060 | L32: 3060 | M32: 858 | N32: 3080 | O32: 3800 | P32: 3800 | Q32: 2450 | R32: 2450 | S32: 2820 | T32: 2480 | U32: 2520 | V32: 2740 | W32: 2430 | X32: 2650 | Y32: 2840 | Z32: 2840 | AA32: 2800 | AB32: 3400 | AC32: 2800 | AD32: 2800 | AE32: 2950 | AF32: 2900 | AG32: 2450 | AH32: 3150 | AI32: 3400 | AJ32: 3800 | AK32: 2800 | AL32: 2800 | AM32: 2800 | AN32: 2800 | AO32: 3720 | AP32: 2450 | AQ32: 2450 | AR32: 2820 | AS32: 2480 | AT32: 2520 | AU32: 2740 | AV32: 2430 | AW32: 2650
A33: 26 | B33: Δpö | C33: ÖZEL BASINÇ KAYIPLARI (6) | D33: Kısım 9.4 , Denk. (8.7.22) | E33: Pa | F33: =F32*0.05 -> 153 | G33: =G32*0.05 -> 150 | H33: =H32*0.05 -> 152 | I33: =I32*0.05 -> 153 | J33: =J32*0.05 -> 132.3 | K33: =K32*0.05 -> 153 | L33: =L32*0.05 -> 153 | M33: =M32*0.05 -> 42.9 | ... AW33: =AW32*0.05 -> 132.5
A34: 27 | B34: ΔP | C34: TOPLAM BASINÇ KAYBI | D34: ΔPs + Δpö | E34: Pa | F34: =F32+F33 -> 3213 | G34: =G32+G33 -> 3150 | H34: =H32+H33 -> 3192 | I34: =I32+I33 -> 3213 | J34: =J32+J33 -> 2778.3 | K34: =K32+K33 -> 3213 | L34: =L32+L33 -> 3213 | M34: =M32+M33 -> 900.9 | ... AW34: =AW32+AW33 -> 2782.5
A35: 28 | B35: ΔPd | C35: DENGELENMESİ GEREKEN BASINÇ(7) | D35: Δpmax - ΔP | E35: Pa | F35: =9828-F34 -> 6615 | G35: =9828-G34 -> 6678 | H35: =9828-H34 -> 6636 | I35: =9828-I34 -> 6615 | J35: =9828-J34 -> 7049.7 | K35: =9828-K34 -> 6615 | L35: =9828-L34 -> 6615 | M35: =9828-M34 -> 8927.1 | ... AW35: =9828-AW34 -> 7045.5
D36: Δpmax = 9828 Pa | F36: BASINÇ AYARLI KOLLEKTÖRDEN HERBİR
F37: HATTA GİDEN BASINÇ BU BASINÇ DEĞERLERİNE
F38: GÖRE AYARLANMALIDIR….
F39: Δpö | G39: EK VI-14i Tablosundan q değeri m³/h çevrilir DN10 borusu için
A40: (1) | B40: Şek. 19.7.1 den seçilmiştir. | G40: R (Pa/m) 1metre borudaki basın. Kaybı bulunur..
A41: (2) | B41: Sıcak su girişi ( kazan çıkış suyu sıcaklığı ) 50 °C olarak seçilmiştir. | G41: toplam boru boyu ile çarpımından Δpö (Pa) bulunur.
A42: (3) | B42: Şek. 19.7.1 den bulunmuştur..
A43: (4) | B43: Bu ısı , geçiş bağlantılarından hesaplanabildiği gibi maksimum 0,2 q" olarak alınmıştır.
A44: (5) | B44: R ( Pa/m) özgül basın. Kayıpları EK VI-14f ' de 15x1 çapındakiboru çapına göre alınmıştır.
A45: (6) | B45: kollektörden sonraki özel basınç kayıpları, düz boru kayıpları yanında çok küçük olduğundan düz boru basınç kaybının % 5 i kabul edilmiştir.
A46: (7) | B46: Isıtma çevriminin basıncı , kollektördeki reglaj vanası ile ayarlanmalıdır…
